CAREER,INTEREST AREAS,REQUIRED SKILLS,DEGREES,CERTIFICATIONS,TOOLS/TECHNOLOGIES,PROJECT EXAMPLES,ENTRY LEVEL JOB TITLE,HIGHER OPPORTUNITIES,TOP COMPANIES,LEARNING RESOURCES,ROADMAP,FIELD
Accountant (Keeps and checks financial records for people or companies),"banking, finance, money, taxes, audit, accounts, commerce, business studies, maths, statistics, budgeting, reporting, excel, economics, finance","Financial reporting, bookkeeping, tax preparation, Excel, attention to detail",B.Com / BBA / M.Com / Chartered Accountant,"Certified Public Accountant (CPA), Chartered Accountant (CA)","Tally, QuickBooks, MS Excel","Monthly Budget Report, Simple Tax Return","Accounting Assistant, Junior Accountant","Senior Accountant, Finance Manager, CFO","Deloitte, PwC, EY, KPMG","AccountingCoach, Investopedia, Coursera Accounting Courses","Diploma/B.Com/BBA/BSc Finance/MBA --> Learn Accounting Software (Tally, QuickBooks) --> Intern/Assistant Accountant --> Junior Accountant --> Senior Accountant/Manager",Finance
Actor (Performs roles in plays movies or TV shows),"theater, acting, drama, film, voice, stage, roleplay, arts, communication, literature, English, performance, music, creativity, expression","Acting techniques, improvisation, memorization, stage presence, vocal control",Degree in Performing Arts / Drama School,Professional Acting Certification,"Stage props, teleprompters, cameras","Monologue Performance, Short Film","Stage Actor, TV Actor","Lead Actor, Director, Producer","Netflix, Amazon Studios, National Theatres","MasterClass Acting, Uta Hagen's ""Respect for Acting"", The Actor? Studio",Acting Workshops/Diploma/Drama School --> Build Portfolio/Short Films --> Audition for Roles --> Theater/TV/Film Roles --> Lead Actor/Film Star,Entertainment
Actuary (Uses math to predict risks for insurance and finance),"insurance, risk, statistics, math, probability, finance, commerce, economics, data, analysis, business studies, maths, finance, statistics, accounting","Statistics, probability, financial modeling, Excel, analytical thinking",B.Sc Mathematics / Statistics / Actuarial Science,"Society of Actuaries (SOA), Institute of Actuaries","Coding (R, Python), Excel, actuarial software","Life Expectancy Model, Risk Analysis","Actuarial Analyst, Junior Actuary","Senior Actuary, Chief Risk Officer","MetLife, Aon, Allianz, AXA","SOA Study Materials, BeAnActuary.org, Coursera Statistics",BSc/BA Mathematics/Statistics/Economics --> Learn Actuarial Science --> Pass Actuarial Exams --> Intern/Analyst --> Associate/Fellow Actuary,Finance
Acupuncturist (Heals using tiny needles in the body),"clinic, health, acupuncture, therapy, biology, physics, health science, biology, medicine, wellness, alternative, anatomy, chemistry, physics, biology","Acupuncture techniques, anatomy, patient care, attention to detail",Bachelor? in Acupuncture / Traditional Chinese Medicine,"State Licensure, NCCAOM Certification","Acupuncture needles, TCM tools","Basic Meridian Chart, Treatment Plan","Acupuncture Intern, Assistant Acupuncturist","Senior Acupuncturist, Clinic Owner","Acupuncture Clinics, Wellness Centers","Acupuncture Today, NCCAOM Resources, TCM textbooks",Diploma/Certificate in Acupuncture --> Clinical Practice/Apprenticeship --> License/Certification --> Practitioner --> Senior Practitioner/Clinic Owner,Healthcare
Advertising Manager (Plans ads to help sell products),"media, marketing, advertising, branding, business studies, commerce, communication, creativity, sales, management, economics, English, art, strategy, digital","Creative thinking, market research, communication, campaign management",BBA / MBA Marketing / Advertising Diploma,Certified Digital Marketing Professional,"Google Ads, Photoshop, CRM tools","Social Media Campaign, Print Ad","Advertising Assistant, Junior Copywriter","Advertising Manager, Creative Director","Ogilvy, DDB, Leo Burnett, WPP","HubSpot Academy, Seth Godin books, Coursera Digital Marketing",BBA/MBA/BA Marketing/Mass Communication --> Learn Advertising Tools --> Intern in Advertising Agency --> Executive --> Manager --> Director,Marketing
Aerospace Engineer (Designs airplanes and spacecraft),"aerospace, engineering, physics, maths, mechanics, technology, aerodynamics, design, computer science, science, electronics, robotics, innovation, manufacturing, maths","Aerodynamics, CAD, project management, problem-solving",B.Tech / B.E Aerospace Engineering,"PE License, FAA Certifications","CATIA, MATLAB, ANSYS, SolidWorks","Drone Design, Wing Analysis Report","Aerospace Engineer Intern, Junior Engineer","Senior Engineer, Project Manager, CTO","ISRO, Boeing, Airbus, Lockheed Martin","NASA Technical Papers, MIT OpenCourseWare, Coursera Aerospace",BTech/BE Aerospace/Mechanical --> Learn CAD/Simulation Software --> Internships --> Junior Engineer --> Senior Engineer --> Project Lead,Engineering
Agricultural Engineer (Improves farming tools and machines),"farm, agriculture, biology, environmental science, botany, zoology, chemistry, soil science, ecology, farming, sustainability, biology, maths, earth science, physics","Soil science, irrigation, agricultural machinery, problem-solving",B.Tech Agricultural Engineering / B.Sc Agriculture,"State Engineering Licenses, Agricultural Certifications","AutoCAD, GIS, irrigation software","Automated Irrigation Plan, Soil Study","Junior Agricultural Engineer, Field Engineer","Project Lead, Farm Technology Consultant","John Deere, Mahindra Agri, Bayer Crop Science","FAO e-learning, ICAR resources, Coursera Agriculture",BTech/BE Agricultural Engineering --> Fieldwork and Internships --> Junior Engineer --> Senior Engineer --> Project Manager,Engineering
Air Traffic Controller (Guides airplanes safely in the sky and at airports),"aviation, air traffic, communication, physics, maths, geography, electronics, management, navigation, transportation, safety, monitoring, regulation, meteorology, computers","Multitasking, decision-making, air navigation, stress management",B.Sc Aviation / Air Traffic Management,"FAA Air Traffic Control Certification, ICAO ATC License","Radar systems, communication consoles","Air Traffic Simulation, Flight Tracking","Logistics Assistant, Junior Controller","Senior ATC, Tower Supervisor","FAA, AAI, Eurocontrol, NATS","FAA Training Materials, AviationCourses.com",Diploma/Certificate in ATC --> Pass ATC Exams/Training --> Trainee Controller --> Assistant Controller --> Controller,Transportation
Aircraft Mechanic (Fixes and maintains airplanes),"hangar, aircraft, mechanical, engineering, physics, mechanics, technology, electronics, repair, tools, troubleshooting, maintenance, safety, workshop, applied science","Aircraft maintenance, mechanical troubleshooting, safety compliance",Diploma in Aircraft Maintenance / B.Tech Aeronautical,"A&P License, EASA Part-66 Certification","Aircraft manuals, diagnostic tools","Aircraft Inspection Checklist, Repair Log","Aircraft Mechanic Trainee, Maintenance Technician","Senior Mechanic, Maintenance Supervisor","IndiGo, SpiceJet, Boeing, Airbus","EASA Materials, Aviation Maintenance Magazines",Diploma in Aircraft Maintenance/Engineering --> Apprenticeship --> Junior Mechanic --> Licensed Mechanic --> Senior Mechanic,Transportation
Airline Pilot (Flies airplanes to carry passengers or cargo),"cockpit, aviation, pilot, flying, navigation, physics, mechanics, communication, geography, meteorology, maths, technology, safety, airline, travel","Navigation, meteorology, flight planning, communication",B.Sc Aviation / CPL Training,"Commercial Pilot License, ATPL","Flight Simulators, avionics systems","Short Flight Route Plan, Simulator Practice","Pilot Trainee, First Officer","Captain, Chief Pilot","Air India, Emirates, Indigo, Qatar Airways","JEPPESEN Manuals, PilotInstitute.com",Commercial Pilot License (CPL) --> Flight Training --> Co-Pilot --> Captain --> Senior Pilot,Transportation
Ambulance Driver (Drives ambulance to take sick or injured people to hospitals),"emergency, ambulance, medical, healthcare, first aid, biology, anatomy, health science, quick response, rescue, trauma, medicine, physiology, nursing, safety","Emergency care, driving skills, crisis management, patient handling",Paramedic Certification / EMT Training,"CPR Certification, EMT License","Ambulance equipment, defibrillators","Basic Life Support Drill, Transport Log","Ambulance Driver, EMT Assistant","Senior EMT, Paramedic Supervisor","Red Cross, Private Hospitals, Govt EMS","NREMT Prep, EMT textbooks, Coursera First Aid",High School/Driving License --> Ambulance Driver Training --> Assistant Driver --> Driver --> Senior Driver,Healthcare
Anesthesiologist (Gives medicine to make patients sleep during surgery),"hospital, medicine, anesthesia, biology, chemistry, health science, anatomy, pharmacology, physiology, medical, healthcare, surgery, patient care, science, emergency","Anesthesia administration, patient monitoring, pharmacology",MBBS + MD/DNB Anesthesiology,"Medical Council Registration, Specialty Certification","Anesthesia machines, monitoring devices","Anesthesia Plan for Minor Surgery, Equipment Setup","Resident Anesthesiologist, Junior Anesthetist","Consultant Anesthesiologist, Department Head","Apollo Hospitals, Fortis, AIIMS","Anesthesiology textbooks, Medscape resources",MBBS --> MD in Anesthesiology --> Residency --> Junior Doctor --> Consultant Anesthesiologist,Healthcare
Animal Trainer (Teaches animals tricks or useful skills),"zoo, animal training, biology, zoology, animal behavior, veterinary science, biology, psychology, ecology, environment, pets, wildlife, animal care, botany, animal science","Animal training techniques, observation, patience, behavior modification",Animal Science Diploma / Certification,Certified Professional Dog Trainer,"Leashes, training aids, clickers","Basic Obedience Training Plan, Progress Chart","Animal Trainer Assistant, Dog Trainer","Lead Trainer, Behavior Consultant","Petco, Zoos, Private Training Centers","IAABC, Karen Pryor Academy",Diploma in Animal Training/Behavior --> Apprenticeship/Internship --> Assistant Trainer --> Trainer --> Senior Trainer,Animal Care
Animator (Makes drawings or computer images move for movies or games),"studio, animation, art, design, computer science, graphics, creativity, storytelling, film, technology, digital art, drawing, software, multimedia, arts","Drawing, character design, animation software, storytelling",BFA Animation / Animation Diploma,Adobe Certified Expert,"Adobe Animate, Maya, Toon Boom","Short Animated Clip, Character Rig","Animation Intern, Junior Animator","Lead Animator, Art Director","Pixar, DreamWorks, Disney Animation","Animation Mentor, Blender Guru","Diploma/BA in Animation/Multimedia --> Learn Animation Software (Maya, Blender) --> Build Portfolio --> Junior Animator --> Senior Animator",Arts & Design
Anthropologist (Studies how people and cultures live and grow),"fieldwork, anthropology, history, sociology, culture, geography, archaeology, political science, social studies, human behavior, research, language, communication, history, environment","Field research, critical thinking, data analysis, report writing",B.A / M.A Anthropology,Research Certifications,"Survey tools, SPSS, GIS software","Cultural Field Study, Survey Report","Research Assistant, Junior Anthropologist","Lead Anthropologist, University Professor","UNESCO, Museums, Universities",American Anthropological Association resources,BA/MA in Anthropology --> Fieldwork/Research Assistant --> Junior Researcher --> Researcher --> Professor/Consultant,Social Science
App Developer (Makes apps for phones and computers),"software, programming, computer science, coding, apps, technology, maths, logic, algorithms, design, debugging, databases, engineering, ICT, development","Java, Swift, UI/UX design, mobile frameworks",B.Tech / MCA / Mobile Development Course,"Google Associate Android Developer, Apple Developer Cert","Android Studio, Xcode, Firebase","Simple To-Do App, Recipe App","Mobile App Developer Intern, Junior Developer","Senior Mobile Developer, Product Manager","Infosys, TCS, Google, Zomato","Big Nerd Ranch Guides, Ray Wenderlich","Diploma/BCA/BSc CS/MCA/BTech --> Learn Mobile Programming (Java, Swift) --> Build Apps --> Intern Developer --> Junior Developer --> Senior Developer",Technology
Archaeologist (Digs up and studies old objects from the past),"dig site, archaeology, history, geography, anthropology, sociology, environment, cultural studies, research, biology, earth science, social studies, political science, fieldwork, languages","Archaeological methods, excavation, cataloging, preservation",B.A / M.A Archaeology,"Excavation Certifications, Museum Studies","Dig tools, GIS mapping software","Site Excavation Report, Artifact Cataloging","Excavation Assistant, Junior Archaeologist","Senior Archaeologist, Museum Curator","ASI, National Trust, Universities",Archaeological Institute of America resources,BA/MA in Archaeology/History --> Fieldwork/Research --> Assistant Archaeologist --> Archaeologist --> Senior Archaeologist,Social Science
Architect (Designs buildings and homes),"construction, architecture, design, engineering, maths, physics, art, drawing, CAD, building, materials science, environment, urban planning, project management, surveying","CAD design, structural analysis, project management",B.Arch / M.Arch,"NATA, COA Registration","AutoCAD, Revit, SketchUp","Residential Design Draft, 3D Model","Architectural Assistant, Junior Architect","Senior Architect, Principal Architect","L&T, DLF, Gensler, Foster+Partners","ArchDaily, ""Form Space and Order"", Coursera Architecture",BArch/MArch --> Internship/Training --> Junior Architect --> Licensed Architect --> Senior Architect/Partner,Architecture
Archivist (Saves and organizes old papers and records),"archive, history, library science, documentation, social studies, language, research, organization, preservation, IT, records management, communication, culture, geography, literature","Archival techniques, records management, cataloging",B.A / M.A History / Library Science,Archivist Certification,"Archive software, microfilm readers","Archival Index Project, Collection Catalog","Archives Assistant, Records Technician","Senior Archivist, Collections Manager","National Archives, Libraries, Museums","SAA resources, Coursera Archiving",BA/MA in History/Library Science --> Internship --> Assistant Archivist --> Archivist --> Senior Archivist,Library & Museum
Art Conservator (Fixes and protects paintings and artworks),"museum, art conservation, history, chemistry, physics, biology, cultural studies, art, materials science, restoration, preservation, aesthetics, creativity, museum studies, archaeology","Art restoration, conservation science, attention to detail",BFA / MFA Conservation,Art Conservation Certification,"Restoration tools, UV lamps","Basic Painting Restoration, Condition Report","Art Conservation Assistant, Junior Conservator","Senior Conservator, Museum Director","Art Museums, Galleries, UNESCO",American Institute for Conservation resources,BA/MA in Art Conservation --> Internship/Training --> Assistant Conservator --> Conservator --> Senior Conservator,Arts & Design
Art Director (Decides how things should look in ads movies or magazines),"media, advertising, marketing, business studies, communication, creativity, management, sales, digital media, branding, commerce, economics, English, art, public relations","Visual design, leadership, concept development, communication",BFA / MFA Visual Arts / Design,Adobe Certified Expert,"Photoshop, Illustrator, InDesign","Advertising Campaign Mockup, Magazine Layout","Junior Designer, Art Director Assistant","Senior Art Director, Creative Director","Ogilvy, DDB, Wieden+Kennedy","CreativeLive, ""Art Direction Explained""",BA in Design/Advertising/Film --> Work in Creative Field --> Junior Designer --> Art Director --> Creative Director,Arts & Design
Art Therapist (Helps people feel better using art),"therapy, psychology, art, health science, mental health, biology, communication, counseling, creativity, social studies, English, health, expression, wellbeing, social work","Therapeutic techniques, counseling, art methods, empathy",M.A Art Therapy / Psychology,Licensed Professional Counselor (LPC),"Counseling materials, art supplies","Art-Based Therapy Plan, Case Study","Art Therapy Intern, Assistant Therapist","Lead Therapist, Clinical Director","Hospitals, Rehabilitation Centers",American Art Therapy Association resources,BA in Psychology/Art Therapy --> Certification in Art Therapy --> Internship --> Therapist --> Senior Therapist,Healthcare
Artist (Makes paintings drawings or sculptures),"painting, art, creativity, design, drawing, color theory, aesthetics, crafts, visual arts, sculpture, art history, fine arts, textile design, media, culture","Drawing, painting, creativity, marketing",BFA / MFA Fine Arts,Professional Artist Certification,"Oil paints, drawing tablets, easels","Series of Paintings, Online Portfolio","Studio Assistant, Freelance Artist","Exhibiting Artist, Studio Owner","Galleries, Art Studios, Agencies","Skillshare Art Classes, Proko YouTube",Self-taught/Art School --> Build Portfolio/Exhibitions --> Freelance Projects --> Established Artist --> Art Consultant,Arts & Design
Astronomer (Studies stars planets and space),"space, astronomy, physics, maths, earth science, research, science, computer science, technology, cosmology, geography, astrophysics, data analysis, chemistry, space science","Observational skills, data analysis, telescope operation",B.Sc / M.Sc Astronomy,"Research Certification, Observatory Training","Telescopes, astronomical software","Star Chart, Observation Log","Astronomy Research Assistant, Observatory Tech","Lead Astronomer, Research Director","ISRO, NASA, Universities","NASA Resources, Coursera Astronomy",BSc/MSc Astronomy/Physics --> Research Assistant --> Junior Researcher --> Astronomer --> Senior Scientist,Science
Athletic Trainer (Helps athletes avoid and recover from injuries),"sports, athletic training, health science, biology, physiology, physical education, anatomy, exercise science, nutrition, coaching, psychology, sports science, fitness, first aid, biomechanics","Sports injury management, rehabilitation, fitness planning",B.Sc / M.Sc Athletic Training,Board of Certification (BOC),"Physical therapy equipment, exercise tools","Injury Rehab Plan, Fitness Assessment","Athletic Trainer Intern, Assistant Trainer","Lead Athletic Trainer, Sports Director","Sports Teams, Clinics, Universities","NATA resources, Sports Medicine texts",Diploma/BA in Sports Science/Kinesiology --> Certification --> Internship --> Assistant Trainer --> Athletic Trainer,Sports & Fitness
Audiologist (Helps people with hearing problems),"hearing, audiology, health science, biology, communication, speech therapy, psychology, anatomy, medicine, physics, social work, healthcare, disability studies, counseling, diagnostics","Hearing assessment, audiometry, patient counseling",B.Sc / M.Sc Audiology,"CCC-A Certification, State Licensure","Audiometers, hearing aids, fitting software","Basic Hearing Assessment, Case Study","Audiology Assistant, Junior Audiologist","Senior Audiologist, Clinic Director","Hospitals, ENT Clinics, Hearing Centers","ASHA resources, AudiologyOnline",BSc/MSc Audiology --> Certification --> Clinical Internship --> Junior Audiologist --> Audiologist,Healthcare
Author (Writes books and stories),"writing, literature, English, creative writing, language, communication, reading, editing, journalism, storytelling, publishing, grammar, media studies, arts, humanities","Creative writing, editing, storytelling, discipline",B.A / M.A Literature / Creative Writing,"Writing Workshops, Editorial Certificates","Scrivener, MS Word, Grammarly","Short Story Collection, Blog Series","Editor Assistant, Freelance Writer","Author, Editor-in-Chief","Publishing Houses, Magazines, Agencies","Stephen King's ""On Writing"", Coursera Writing",BA/MA in Literature/Creative Writing --> Write and Publish --> Freelance/Publishing Deals --> Established Author,Writing & Media
Auto Mechanic (Fixes cars and trucks),"automotive, mechanics, engineering, technology, physics, electronics, repair, workshop, tools, design, maths, applied science, safety, manufacturing, diagnostics","Automotive repair, diagnostics, mechanical skills, problem-solving",Automotive Technician Diploma / Certification,ASE Certification,"OBD scanners, automotive tools","Basic Engine Repair, Brake Replacement","Apprentice Mechanic, Junior Technician","Senior Mechanic, Shop Supervisor","Maruti, Hyundai, Authorized Workshops",Automotive Service Excellence (ASE) resources,Diploma/ITI in Auto Mechanics --> Apprenticeship --> Junior Mechanic --> Senior Mechanic,Automotive
Baker (Makes bread and pastries),"baking, cooking, culinary arts, food science, chemistry, nutrition, health science, home science, business, hospitality, food safety, kitchen skills, creativity, microbiology, service","Baking techniques, recipe development, time management",Culinary Diploma / Baking Certification,ServSafe Certification,"Ovens, mixers, pastry tools","Signature Bread Recipe, Cake Design","Assistant Baker, Pastry Cook","Head Baker, Bakery Owner","Taj Hotels, Oberoi, Bakeries","King Arthur Baking School, YouTube Baking Channels",Diploma/Certificate in Baking/Pastry --> Apprenticeship --> Junior Baker --> Head Baker --> Bakery Owner,Food Service
Bank Manager (Runs a bank branch and its staff),"finance, banking, business studies, commerce, accounting, money, economics, management, sales, customer service, investment, loans, communication, finance, marketing","Leadership, finance management, customer relations, sales strategy",B.Com / MBA Finance,Certified Bank Manager Programs,"Core banking software, CRM systems","Branch Performance Report, Customer Outreach Plan","Assistant Bank Manager, Relationship Manager","Branch Manager, Regional Manager","HDFC Bank, ICICI, SBI, Axis Bank","American Bankers Association courses, Coursera Finance",BBA/MBA/Finance Degree --> Entry-level Bank Jobs --> Officer --> Branch Manager --> Regional Manager,Finance
Bank Teller (Handles money transactions at the bank),"banking, finance, customer service, money handling, accounting, commerce, economics, business studies, communication, management, cash flow, organization, sales, finance, record keeping","Cash handling, customer service, attention to detail",B.Com / Banking Diploma,Cash Handling Certification,"Banking software, cash counters","Cash Reconciliation Log, Transaction Tracker","Teller, Customer Service Associate","Senior Teller, Operations Supervisor","PNB, Bank of Baroda, Canara Bank","EdX Banking Fundamentals, Investopedia",Diploma/B.Com/BBA --> On-the-job Training --> Teller --> Senior Teller --> Supervisor,Finance
Barber (Cuts and styles hair mainly for men),"salon, barbering, hair care, beauty, cosmetology, hygiene, styling, communication, health science, anatomy, customer service, fashion, personal care, grooming, service industry","Hair cutting, styling, hygiene, customer service",Barbering Certification / Vocational Training,State Barber License,"Scissors, clippers, styling products","Basic Haircut Portfolio, Customer Service Guide","Apprentice Barber, Junior Stylist","Lead Barber, Shop Owner","Local Salons, Spas, Chains","American Barber Association resources, YouTube tutorials",Diploma/Certificate in Barbering --> Apprenticeship --> Junior Barber --> Senior Barber --> Salon Owner,Personal Care
Bartender (Makes and serves drinks at bars),"bar, bartending, hospitality, customer service, drinks, mixology, social skills, communication, food safety, event management, sales, nightlife, beverage service, bar equipment, teamwork","Mixology, customer service, multitasking, responsible serving",Bartending School Certificate,Responsible Beverage Service Certification,"Bar tools, POS systems","Signature Cocktail Recipe, Menu Design","Bartender Assistant, Barback","Senior Bartender, Bar Manager","Hotels, Pubs, Restaurants","Diageo Bar Academy, Mixology books",Diploma/Certificate in Bartending --> Apprenticeship --> Junior Bartender --> Senior Bartender --> Bar Manager,Food Service
Biochemist (Studies chemicals in living things),"lab, biochemistry, chemistry, biology, molecular biology, research, science, experimentation, analysis, health science, microbiology, chemical reactions, lab safety, pharmaceuticals, biology","Lab techniques, data analysis, research, attention to detail",B.Sc / M.Sc Biochemistry,Laboratory Safety Certification,"Pipettes, spectrophotometers, lab software","Protein Analysis Report, Lab Protocol","Junior Biochemist, Lab Technician","Lead Biochemist, Research Manager","Biocon, Dr. Reddy?, Research Labs","Biochemistry textbooks, Coursera Biochemistry",BSc/MSc Biochemistry --> Lab Internships --> Junior Biochemist --> Research Scientist --> Senior Scientist,Science
Biologist (Studies animals plants and life),"biology, life science, research, ecology, zoology, botany, environment, genetics, health science, chemistry, fieldwork, anatomy, physiology, science, biodiversity","Field research, lab analysis, critical thinking",B.Sc / M.Sc Biology,"Research Certification, Lab Safety","PCR machines, microscopes","Species Observation Log, Lab Report","Junior Biologist, Research Assistant","Research Scientist, Lab Director","ICMR, CSIR, Wildlife NGOs","NCBI resources, Khan Academy Biology",BSc/MSc Biology --> Field/Research Internship --> Junior Biologist --> Researcher --> Senior Scientist,Science
Biomedical Engineer (Makes medical tools and devices),"hospital, biomedical engineering, technology, design, electronics, biology, health science, physics, medical devices, research, mechanics, innovation, computer science, anatomy, physiology","Biomedical device design, electronics, problem-solving",B.Tech / M.Tech Biomedical Engineering,Professional Engineer (PE) License,"AutoCAD, MATLAB, medical devices","Design a Prosthetic Concept, Device Analysis","Junior Biomedical Engineer, Lab Technician","Lead Engineer, R&D Manager","Philips, GE Healthcare, Medtronic","IEEE resources, Coursera Biomedical Engineering",BTech/BE Biomedical Engineering --> Internship --> Junior Engineer --> Senior Engineer --> Project Manager,Engineering
Biostatistician (Uses math to study health and biology data),"health science, biostatistics, statistics, data analysis, mathematics, research, biology, epidemiology, public health, computer science, modeling, probability, science, health policy, statistics","Statistics, R programming, clinical trial design, data visualization",B.Sc / M.Sc Biostatistics,"SAS Certification, Clinical Research Certificate","R, SAS, SPSS","Clinical Trial Analysis, Data Report","Biostatistician Assistant, Junior Analyst","Senior Biostatistician, Research Director","WHO, Pharma Companies, Research Labs","Stanford Biostatistics courses, Datacamp",BSc/MSc Statistics/Biology --> Learn Statistical Software --> Intern/Data Analyst --> Biostatistician --> Senior Analyst,Science
Blacksmith (Makes things by shaping hot metal),"workshop, blacksmithing, metalwork, forging, craftsmanship, design, tools, heating, shaping, manufacturing, construction, materials science, trade skills, welding, fabrication","Metalworking, forging, design, precision",Certificate in Blacksmithing / Vocational Training,Trade Certifications,"Forge, anvils, hammers","Basic Tool Forge, Decorative Piece","Apprentice Blacksmith, Junior Metalsmith","Master Blacksmith, Workshop Owner","Crafts Studios, Heritage Organizations",Artist Blacksmith Association resources,Vocational Training/Apprenticeship --> Practice Craft --> Junior Blacksmith --> Senior Blacksmith --> Master Blacksmith,Metalworking
Blogger (Writes articles or posts on websites regularly),"online, blogging, writing, communication, content creation, social media, marketing, digital media, creativity, journalism, storytelling, SEO, website management, advertising, writing","Content writing, SEO, social media, discipline",B.A English / Journalism / Blogging Certification,Content Marketing Certification,"WordPress, Canva, SEO tools","Blog Series, Content Calendar","Blogging Assistant, Freelance Writer","Professional Blogger, Content Manager","Media Houses, Agencies, Self-Employed","ProBlogger, Copyblogger",Self-taught --> Start Blog --> Build Audience --> Freelance Writing --> Full-time Blogger/Influencer,Writing & Media
Book Editor (Checks and improves written work before publishing),"books, editing, proofreading, literature, writing, grammar, communication, language, arts, English, publishing, reading, creativity, media, content","Editing, grammar, attention to detail, communication",B.A / M.A Literature / Publishing,Editing Certificate,"Adobe InDesign, MS Word, Grammarly","Short Story Editing Project, Proofreading Exercise","Editorial Assistant, Junior Editor","Senior Editor, Publishing Director","Penguin, HarperCollins, Magazines","Poynter Editing Courses, The Chicago Manual of Style",BA in English/Literature/Journalism --> Intern in Publishing --> Assistant Editor --> Editor --> Senior Editor,Writing & Media
Bookkeeper (Records money coming in and out for a business),"finance, accounts, bookkeeping, money, commerce, maths, auditing, records, ledger, business studies, organisation, reporting, budget, tax, excel","Bookkeeping, accounting software, detail orientation",B.Com / Accounting Diploma,"QuickBooks Certification, Certified Bookkeeper","Tally, QuickBooks, Excel","Monthly Ledger Project, Invoice Tracker","Bookkeeping Assistant, Accounts Clerk","Senior Bookkeeper, Accounts Manager","SMEs, Accounting Firms, Startups","Intuit Academy, Coursera Accounting",Diploma/Certificate in Accounting --> Learn Accounting Software --> Junior Bookkeeper --> Senior Bookkeeper --> Accounting Manager,Accounting
Botanist (Studies plants and how they grow),"plants, biology, botany, environment, chemistry, zoology, ecology, science, nature, fieldwork, research, genetics, life science, earth science, biology","Plant identification, lab research, fieldwork",B.Sc / M.Sc Botany,Research Certification,"Herbarium tools, microscopes","Plant Catalog, Field Study Report","Junior Botanist, Lab Assistant","Senior Botanist, Research Lead","Botanical Gardens, Research Institutes","Botanical Society resources, EdX Botany",BSc/MSc Botany --> Research Internship --> Junior Botanist --> Researcher --> Senior Botanist,Science
Broadcast Technician (Operates TV or radio equipment),"broadcast, audio, video, technician, media, communication, electronics, tv, radio, technology, engineering, signal, production, sound, recording","Broadcast equipment operation, audio editing, troubleshooting",Broadcasting Diploma / B.Sc Media Studies,"AVID Certification, FCC License","Mixing consoles, cameras, editing suites","Podcast Production, Video Segment Editing","Broadcast Assistant, Junior Technician","Senior Broadcast Engineer, Studio Manager","TV Channels, Radio Stations","AVID Learning, LinkedIn Learning",Diploma/BA in Broadcasting --> Internships --> Junior Technician --> Senior Technician --> Supervisor,Media & Broadcasting
Broker (Helps people buy or sell things like stocks or houses),"finance, trading, stocks, broker, commerce, economics, money, market, investment, business studies, maths, analysis, negotiation, sales, banking","Financial analysis, negotiation, client management",B.Com / BBA Finance,Registered Investment Advisor License,"Trading platforms, CRM tools","Investment Portfolio Plan, Client Analysis","Junior Broker, Trading Assistant","Senior Broker, Portfolio Manager","ICICI Securities, Motilal Oswal, HDFC Securities","NISM Courses, Investopedia Trading",BBA/MBA Finance/Economics --> Licensing Exams --> Junior Broker --> Senior Broker --> Broker Manager,Finance
Building Inspector (Checks if buildings are safe and follow rules),"building, safety, inspection, construction, civil engineering, physics, environment, regulation, structure, survey, design, maths, report, law, management","Construction regulations, safety standards, inspections",Civil Engineering Diploma / B.Tech,Certified Building Inspector License,"Inspection tools, CAD software","Inspection Report, Compliance Checklist","Building Inspector Assistant, Site Supervisor","Senior Inspector, Safety Director","Municipal Corporations, Private Builders","ICC resources, Coursera Construction",Diploma/ITI Civil Engineering --> On-job Training --> Junior Inspector --> Inspector --> Senior Inspector,Construction & Inspection
Bus Driver (Drives buses to carry passengers),"bus, driver, transport, city, vehicle, road safety, communication, schedule, license, driving, logistics, travel, mechanics, management, customer service","Driving skills, route planning, safety awareness","Driver? License, Commercial Driving License",Defensive Driving Certification,"GPS systems, vehicle logbooks","Route Plan, Safety Checklist","Bus Driver Trainee, Junior Driver","Senior Driver, Transport Supervisor","Transport Corporations, Private Fleets","RTO resources, Safe Driving Training",Driving License/Certification --> Training --> Junior Driver --> Senior Driver --> Lead Driver,Transportation
Business Analyst (Looks at business data to help improve it),"business, analyse, data, commerce, management, economics, statistics, finance, communication, marketing, maths, problem solving, reports, planning, strategy","Data analysis, business strategy, problem-solving",BBA / MBA / B.Tech,Certified Business Analyst Professional (CBAP),"Excel, Tableau, SQL","Business Requirements Document, Dashboard","Junior Business Analyst, Analyst Trainee","Senior Analyst, Strategy Manager","Infosys, Accenture, Deloitte","BA Times, IIBA Resources",BBA/MBA/CS --> Learn Business Tools --> Intern --> Junior Analyst --> Senior Analyst --> Manager,Business & Consulting
Butcher (Prepares and sells meat),"meat, butcher, food, hygiene, safety, commerce, biology, health science, animal science, cutting, preparation, tools, sales, service, nutrition","Meat cutting, food safety, hygiene",Culinary / Butchery Certificate,ServSafe Certification,"Butchery knives, scales, cold storage","Cut Chart, Inventory Record","Butcher Assistant, Meat Cutter","Senior Butcher, Shop Manager","Grocery Chains, Meat Shops",American Meat Science Association resources,Vocational Training --> Apprenticeship --> Junior Butcher --> Senior Butcher --> Shop Owner,Food Service
Camera Operator (Films videos for TV movies or events),"camera, filming, video, media, production, technology, photography, arts, film, editing, broadcasting, direction, lighting, digital, creativity","Camera operation, lighting, editing",Bachelor? in Film Studies / Media,Camera Operation Certificate,"DSLRs, video editing software","Short Film Clip, Lighting Experiment","Production Assistant, Camera Operator","Junior Cinematographer, Director of Photography","TV Studios, Film Sets, Agencies","Film Riot YouTube, MasterClass",Diploma/BA in Film/Media --> Internship --> Junior Operator --> Senior Operator --> Director of Photography,Media & Broadcasting
Car Salesperson (Sells cars to customers),"sales, cars, vehicles, commerce, negotiation, customer service, marketing, business studies, communication, finance, management, automotive, economics, trade, showroom","Sales skills, negotiation, product knowledge",BBA / Sales Diploma,Automotive Sales Certification,"CRM software, inventory systems","Sales Pitch, Customer Follow-up Tracker","Auto Sales Associate, Sales Executive","Sales Manager, Dealership Owner","Maruti, Hyundai, Toyota Dealerships","Auto Sales Training, NADA Academy",Diploma/BBA --> Sales Training --> Junior Salesperson --> Senior Salesperson --> Sales Manager,Sales
Carpenter (Builds and repairs wooden things),"woodwork, carpentry, construction, building, tools, design, physics, engineering, measurement, workshop, craftsmanship, safety, maths, practical skills, mechanics","Woodworking, blueprint reading, precision",Carpentry Certification / Vocational Training,"Trade License, Safety Certification","Woodworking tools, CAD software","Basic Furniture Build, Repair Log","Carpentry Assistant, Junior Carpenter","Master Carpenter, Workshop Owner","Construction Firms, Furniture Studios","FineWoodworking resources, YouTube tutorials",Vocational Training/Apprenticeship --> Practice Craft --> Junior Carpenter --> Senior Carpenter --> Contractor,Construction & Trades
Cartographer (Makes maps),"maps, geography, cartography, earth science, GIS, data, survey, environment, maths, technology, drawing, analysis, location, research, computers","Mapping, GIS, spatial analysis",B.Sc / M.Sc Geography / Cartography,GIS Certification,"ArcGIS, AutoCAD, GPS devices","Local Area Map, Thematic Map","Cartographer Assistant, GIS Technician","Senior Cartographer, GIS Manager","Survey Firms, Mapping Agencies","ESRI resources, Coursera GIS",BSc Geography/Geology --> Learn GIS Tools --> Internship --> Junior Cartographer --> Senior Cartographer,Geography & Mapping
Casino Dealer (Runs games in a casino),"casino, gambling, cards, chips, money, maths, probability, customer service, game rules, finance, security, communication, hospitality, entertainment, sales","Customer service, card handling, attention to detail",High School Diploma / Hospitality Training,Casino Dealer Certification,"Card decks, chips, POS systems","Game Rules Guide, Practice Sessions","Casino Dealer Trainee, Gaming Assistant","Senior Dealer, Pit Boss","Casinos, Hotels, Resorts",Gaming Certification Courses,Certification --> Training --> Junior Dealer --> Senior Dealer --> Supervisor,Gaming & Hospitality
Casting Director (Chooses actors for movies or plays),"casting, theatre, acting, drama, film, communication, arts, management, auditions, creativity, directing, production, media, performance, organization","Talent scouting, communication, negotiation",B.A / M.A Film Studies / Media,Talent Management Certification,"Casting software, databases","Role Requirements Sheet, Casting Plan","Casting Assistant, Junior Casting Agent","Casting Director, Talent Manager","Production Houses, Talent Agencies","MasterClass Casting, Industry Guides",Diploma/BA in Media/Film --> Work in Casting --> Assistant --> Casting Director,Entertainment
Caterer (Prepares and serves food at events),"food, catering, cooking, hospitality, event management, nutrition, business, service, health science, culinary arts, kitchen, safety, menu, planning, teamwork","Cooking, event planning, menu design",Culinary Diploma / Hospitality Management,Food Safety Certification,"Ovens, catering tools, planning software","Catering Menu, Event Plan","Catering Assistant, Junior Caterer","Catering Manager, Business Owner","Caterers, Event Companies, Hotels","Culinary Institute courses, YouTube tutorials",Diploma/Certificate in Culinary Arts --> Apprenticeship --> Assistant Caterer --> Caterer --> Business Owner,Food Service
Ceramic Artist (Makes art with clay and ceramics),"clay, ceramics, art, design, creativity, crafts, sculpture, pottery, kiln, materials, texture, handwork, visual arts, arts, studio","Pottery techniques, design, kiln operation",Ceramics Diploma / Fine Arts,Artisan Certification,"Pottery wheels, kilns, glazes","Series of Ceramic Pieces, Glaze Experiment","Ceramic Assistant, Studio Potter","Senior Potter, Studio Owner","Art Studios, Galleries, Retail",Great Pottery Throw Down resources,Diploma in Ceramics/Fine Arts --> Build Portfolio --> Assistant Artist --> Artist --> Studio Owner,Arts & Design
Chaplain (Offers spiritual support and guidance),"chaplain, spiritual, counseling, religion, faith, support, community, communication, psychology, social work, pastoral care, ethics, ministry, guidance, empathy","Counseling, empathy, religious knowledge",Bachelor? in Theology / Religious Studies,"Ordination, Chaplaincy Certification","Religious texts, counseling materials","Counseling Guide, Spiritual Plan","Chaplain Assistant, Junior Chaplain","Lead Chaplain, Program Director","Hospitals, Military, Institutions",Association of Professional Chaplains resources,BA Theology/Religious Studies --> Certification/Ordination --> Internship --> Chaplain --> Senior Chaplain,Religion & Spirituality
Chef (Cooks meals and plans menus in restaurants),"kitchen, cooking, chef, food, hospitality, culinary arts, nutrition, service, menu, preparation, teamwork, safety, creativity, business, health science","Cooking techniques, menu design, leadership",Culinary Diploma / Hotel Management,"Chef Certification (e.g., ACF Certified)",Professional kitchen equipment,"Signature Dish, Recipe Book","Chef de Partie, Junior Chef","Executive Chef, Restaurant Owner","Taj Hotels, Oberoi, International Hotels",Culinary Institute of America resources,Diploma/Certificate in Culinary Arts --> Apprenticeship --> Junior Chef --> Sous Chef --> Head Chef,Food Service
Chemical Engineer (Designs ways to make chemicals and materials),"chemical, engineering, chemistry, physics, maths, technology, process, safety, industry, environment, materials science, design, research, manufacturing, science","Chemical processes, safety protocols, problem-solving",B.Tech / M.Tech Chemical Engineering,Professional Engineer License,"Simulation software, lab equipment","Chemical Process Simulation, Safety Plan","Process Engineer Trainee, Junior Chemical Engineer","Senior Engineer, Plant Manager","ONGC, Reliance Industries, Shell","AIChE resources, Coursera Chemical Engineering",BTech/BE Chemical Engineering --> Internship --> Junior Engineer --> Senior Engineer --> Project Lead,Engineering
Chemist (Studies and experiments with chemicals and substances),"chemistry, science, lab, research, molecules, reactions, biology, physics, health science, experimentation, analysis, medicine, environment, data, technology","Lab techniques, analysis, precision",B.Sc / M.Sc Chemistry,Lab Safety Certification,"Lab equipment, chromatography tools","Chemical Analysis Report, Lab Notebook","Lab Assistant, Junior Chemist","Senior Chemist, Lab Manager","Pharma Companies, Research Labs",Royal Society of Chemistry resources,BSc/MSc Chemistry --> Lab Internship --> Junior Chemist --> Senior Chemist --> Researcher,Science
Chiropractor (Treats body pain by adjusting the spine and joints),"chiropractic, health, therapy, anatomy, biology, physiology, medicine, treatment, wellness, alternative, physical therapy, pain relief, diagnosis, health science, care","Spinal manipulation, anatomy, patient care, problem-solving",Doctor of Chiropractic (DC) Degree,State Chiropractic License,"Adjustment tables, therapeutic equipment","Posture Assessment Guide, Treatment Plan","Chiropractic Assistant, Junior Chiropractor","Clinic Director, Specialist Chiropractor","Private Clinics, Hospitals, Sports Centers",American Chiropractic Association resources,Diploma/BSc Chiropractic --> Clinical Practice --> Licensing --> Chiropractor Practice --> Senior Practitioner,Healthcare
Civil Engineer (Designs and builds roads bridges and buildings),"civil, engineering, construction, maths, physics, design, structures, surveying, environment, project management, planning, architecture, mechanics, materials, safety","Structural design, project management, CAD, safety regulations",B.Tech / B.E Civil Engineering,Professional Engineer (PE) License,"AutoCAD, Revit, STAAD Pro","Bridge Design Draft, Site Plan","Graduate Engineer Trainee, Site Engineer","Project Manager, Senior Structural Engineer","L&T, Shapoorji Pallonji, AECOM","NPTEL Civil Engineering, Coursera Construction",BTech/BE Civil Engineering --> Internships --> Junior Engineer --> Site Engineer --> Project Manager,Engineering
Claims Adjuster (Investigates insurance claims to decide payment),"insurance, claims, finance, analysis, law, assessment, business, commerce, customer service, risk, report, negotiation, policy, communication, organisation","Insurance policies, negotiation, legal knowledge, analysis",Bachelor? in Business / Insurance,Claims Adjuster License,"Claims management software, Excel","Claims Assessment Report, Fraud Checklist","Junior Claims Adjuster, Claims Assistant","Senior Adjuster, Claims Manager","Insurance Companies, TPAs, Brokers","AdjusterPro Courses, IRDA Resources",Diploma/Certification in Insurance --> Learn Claims Processing --> Intern --> Claims Adjuster --> Senior Adjuster,Insurance
Clinical Psychologist (Diagnoses and treats mental health issues),"psychology, clinical, therapy, counseling, mental health, biology, sociology, communication, research, behavior, medicine, social work, health science, emotions, support","Therapy techniques, diagnostics, empathy, research",M.A / M.Phil Clinical Psychology,Licensed Clinical Psychologist Registration,"Psychometric tests, therapy tools","Case Study, Treatment Plan","Counselor, Assistant Psychologist","Senior Psychologist, Clinical Director","Hospitals, Clinics, NGOs","APA resources, Coursera Clinical Psychology",BA/MA Psychology --> Clinical Training --> Internship --> Licensed Psychologist --> Senior Psychologist,Healthcare
Coach (Trains and guides athletes or teams to improve performance),"sports, coach, training, fitness, health, motivation, teamwork, exercise, anatomy, physiology, communication, leadership, psychology, physical education, sports science","Motivational skills, strategy planning, communication",B.A Physical Education / Sports Coaching Certificate,"Coaching Certifications (e.g., ICC, ICF)","Training equipment, video analysis tools","Training Program Outline, Feedback Log","Assistant Coach, Junior Coach","Head Coach, Coaching Director","Sports Academies, Schools, Professional Teams","ICF resources, Sports Coach UK",Diploma/Certificate in Coaching --> Practice/Assistant Coach --> Certified Coach --> Lead Coach --> Senior Coach,Sports & Fitness
Commercial Diver (Works underwater for construction inspection or repair),"underwater, commercial, diving, safety, marine, inspection, repair, engineering, tools, environment, physical fitness, navigation, equipment, technology, rescue","Underwater welding, diving operations, safety protocols",Commercial Diving Certification,"ADCI Certification, IMCA Diver Certification","Diving suits, welding tools, communication systems","Equipment Inspection Checklist, Dive Plan","Commercial Diver Trainee, Diving Technician","Senior Diver, Diving Supervisor","Oil Companies, Marine Contractors",Association of Diving Contractors resources,Commercial Diving Certification --> Apprenticeship --> Commercial Diver --> Senior Diver --> Supervisor,Maritime & Diving
Commercial Pilot (Flies airplanes for business or cargo purposes),"pilot, commercial, aviation, flying, navigation, communication, physics, maths, safety, geography, meteorology, travel, airline, controls, teamwork","Flight planning, navigation, aircraft systems, communication",B.Sc Aviation / CPL Training,"Commercial Pilot License (CPL), ATPL","Flight simulators, avionics systems","Route Plan, Simulator Flight Log","First Officer, Co-Pilot","Captain, Chief Pilot","Indigo, Emirates, Air India, Qatar Airways","FAA Training, PilotInstitute.com",Pilot Training --> Commercial Pilot License --> Co-Pilot --> Captain --> Senior Pilot,Transportation
Communications Specialist (Manages communication and public relations),"media, communication, public relations, writing, social media, marketing, journalism, language, speech, strategy, event planning, digital, advertising, business, networking","Public speaking, writing, media strategy, digital skills",Bachelor? in Communications / Journalism,"Media Certifications (e.g., HubSpot Content)","PR tools, CMS, social platforms","Press Release Draft, Social Media Plan","Communications Assistant, PR Executive","Communications Manager, Director","PR Firms, Corporates, NGOs","HubSpot Academy, Coursera Communication",BA/BSc in Communications --> Internships --> Assistant --> Specialist --> Manager,Marketing & Communications
Community Organizer (Works to improve local communities and support groups),"community, social work, organizing, outreach, communication, leadership, volunteering, events, support, planning, advocacy, teamwork, health, education, social studies","Community outreach, event planning, advocacy",Bachelor? in Social Work / Public Administration,Nonprofit Management Certification,"CRM tools, event platforms","Community Program Outline, Volunteer Plan","Community Coordinator, Program Assistant","Program Director, NGO Executive Director","Nonprofits, Foundations, Govt Agencies","Idealist resources, NonprofitReady.org",BA in Social Work/Political Science --> Volunteer Work --> Organizer --> Coordinator --> Manager,Nonprofit & Community
Compliance Officer (Ensures companies follow laws and regulations),"law, compliance, regulation, business, audit, risk, policy, finance, ethics, governance, management, communication, organization, monitoring, control","Regulatory knowledge, auditing, risk assessment",B.Com / BBA / Law Degree,Certified Compliance & Ethics Professional (CCEP),"Compliance software, risk tools","Compliance Checklist, Audit Plan","Compliance Analyst, Junior Officer","Senior Compliance Officer, Head of Compliance","Banks, Pharma Companies, MNCs","SCCE Resources, Coursera Compliance",Bachelor? Degree --> Compliance Training --> Intern --> Officer --> Manager,Legal & Compliance
Composer (Creates original music for different media),"music, compose, creative, theory, instruments, performance, arts, digital music, sound, recording, orchestration, production, melody, rhythm, culture","Music composition, notation, creativity, collaboration",Bachelor? in Music / Composition,Professional Composer Certification,"Digital audio workstations, notation software","Short Music Score, Audio Demo","Junior Composer, Arranger","Lead Composer, Music Director","Film Studios, Music Labels, Ad Agencies","Berklee Online, MasterClass Composition",Bachelor? Degree in Music --> Compose and Record --> Portfolio Development --> Composer --> Senior Composer,Arts & Design
Computer Programmer (Writes code to build software and applications),"coding, programming, computer science, software, debugging, logic, maths, development, algorithms, databases, IT, problem solving, technology, applications, scripting","Programming, algorithms, debugging, databases",BCA / B.Tech / MCA,"Oracle Java Certification, Microsoft Certified Developer","Visual Studio Code, Git, IDEs","Basic CRUD App, Calculator Program","Junior Developer, Programmer Analyst","Senior Software Engineer, Tech Lead","Infosys, Wipro, TCS, Google","Codecademy, FreeCodeCamp, GeeksforGeeks",Diploma/BSc CS/BCA/MCA/BTech --> Learn Programming Languages --> Build Projects --> Intern --> Junior Programmer --> Senior Programmer,Technology
Conservation Scientist (Protects natural resources and environment),"environment, conservation, biology, ecology, research, science, wildlife, biology, forestry, earth science, sustainability, policy, management, habitat, analysis","Environmental research, data analysis, fieldwork",B.Sc / M.Sc Environmental Science,Certified Environmental Professional,"GIS tools, sampling equipment","Conservation Study Report, Field Data Log","Research Assistant, Field Technician","Senior Scientist, Project Manager","WWF, Forest Departments, NGOs","Nature Conservancy resources, Coursera Ecology",BSc Environmental Science/Biology --> Fieldwork --> Research Assistant --> Conservation Scientist --> Senior Scientist,Environmental Science
Construction Manager (Oversees building projects and site operations),"construction, management, planning, site, project, engineering, leadership, safety, budgeting, communication, architecture, scheduling, materials, supervision, logistics","Project management, budgeting, leadership, safety",B.Tech Civil Engineering / Construction Management,"PMI Certification (PMP), OSHA Certification","MS Project, AutoCAD, ERP systems","Project Timeline Plan, Budget Sheet","Assistant Project Manager, Site Engineer","Senior Manager, Director of Construction","L&T, Shapoorji Pallonji, Bechtel","Construction Management courses, Coursera PMP",BTech/BE Civil/Construction Management --> Internships --> Junior Manager --> Site Manager --> Construction Manager,Construction & Trades
Consultant (Provides expert advice to businesses or organizations),"business, consulting, strategy, management, analysis, problem solving, communication, finance, marketing, project, leadership, economics, planning, customer, organization","Problem-solving, communication, analysis, strategy",BBA / MBA / Relevant Bachelor? Degree,Certified Management Consultant (CMC),"Presentation tools, Excel, CRM","Business Improvement Plan, SWOT Analysis","Consulting Analyst, Associate Consultant","Consultant, Senior Partner","Deloitte, KPMG, McKinsey","Bain Insights, Coursera Consulting",Bachelor? Degree --> Consulting Training --> Intern --> Consultant --> Senior Consultant/Manager,Business & Consulting
Content Creator (Produces digital content like videos blogs or social media posts),"digital, content, creation, media, writing, marketing, social media, video, blogging, communication, creativity, branding, advertising, SEO, storytelling","Writing, SEO, social media, branding",B.A English / Marketing / Journalism,Content Marketing Certification,"WordPress, Canva, SEO tools","Blog Series, Social Media Calendar","Content Assistant, Social Media Executive","Content Strategist, Content Manager","Agencies, Startups, Corporates","HubSpot Academy, Copyblogger, Neil Patel",Diploma/Certificate in Digital Content --> Build Portfolio --> Intern --> Content Creator --> Senior Creator,Media & Broadcasting
Copywriter (Writes promotional and advertising text),"writing, copywriting, marketing, communication, advertising, creative, content, editing, social media, language, brand, sales, media, SEO, storytelling","Creative writing, persuasion, editing",B.A English / Journalism,Copywriting Certification,"Grammarly, WordPress, Ads Manager","Ad Copy Series, Tagline Portfolio","Junior Copywriter, Marketing Assistant","Senior Copywriter, Creative Director","Agencies, Media Companies, Freelance","AWAI Courses, Copyhackers",BA/Journalism/Communications --> Copywriting Courses --> Intern --> Copywriter --> Senior Copywriter,Writing & Media
Corrections Officer (Manages inmates and security in prisons),"security, corrections, law, safety, enforcement, control, prison, communication, patrol, criminal justice, rules, teamwork, observation, public safety, report","Security procedures, conflict resolution, observation",Criminal Justice Diploma / Certification,Law Enforcement Certification,"Handcuffs, security systems, radios","Incident Report, Security Plan","Correctional Officer Trainee, Guard","Senior Officer, Facility Supervisor","Prisons, Government Agencies","NIJ resources, Correctional Academy Training",Diploma/Criminal Justice --> Training --> Corrections Officer --> Senior Officer --> Supervisor,Law Enforcement
Costume Designer (Creates clothing and costumes for performances),"theater, costume, design, fashion, sewing, creativity, art, clothes, makeup, wardrobe, stage, performance, textile, fashion history, crafts","Costume design, sewing, creativity, budgeting",Bachelor? in Fashion Design / Costume Design,Costume Design Certification,"Sewing machines, design software","Costume Sketches, Sample Outfit","Costume Assistant, Wardrobe Assistant","Lead Designer, Head of Wardrobe","Film Studios, Theatres, TV Productions","Fashionary, MasterClass Costume Design",Diploma/BA in Design/Arts --> Build Portfolio --> Assistant Designer --> Costume Designer --> Lead Designer,Arts & Design
Court Reporter (Records spoken words during legal trials),"court, legal, transcription, record, speech, hearing, law, communication, typing, language, English, documentation, reporting, justice, accuracy","Transcription, speed typing, legal knowledge",Court Reporting Diploma / Certification,Court Reporter License,"Stenography machines, transcription software","Mock Trial Transcription, Legal Glossary","Transcriptionist, Court Reporter Trainee","Senior Court Reporter, Supervising Reporter","Courts, Legal Agencies, Media Companies",National Court Reporters Association resources,Diploma/Certification --> Training --> Court Reporter --> Senior Court Reporter --> Supervisor,Legal & Court
Crane Operator (Operates cranes to lift and move heavy materials),"crane, operate, lift, construction, heavy machinery, safety, control, physics, mechanics, engineering, site, tools, transport, coordination, power","Heavy machinery operation, safety compliance, maintenance",Certification in Crane Operation,OSHA Crane Operator Certification,"Crane equipment, safety harnesses","Lift Plan, Equipment Checklist","Crane Operator Trainee, Rigging Assistant","Senior Crane Operator, Site Supervisor","Construction Firms, Ports, Logistics Companies","NCCCO resources, OSHA Training",Vocational Training --> Apprenticeship --> Crane Operator --> Senior Operator --> Supervisor,Construction & Trades
Credit Analyst (Evaluates creditworthiness of individuals or businesses),"credit, analyze, finance, loans, risk, commerce, maths, accounting, business, banking, economics, statistics, reports, money, evaluation","Financial analysis, Excel, risk assessment, communication",B.Com / MBA Finance,Credit Analyst Certification,"Excel, financial modeling tools","Credit Risk Report, Loan Assessment","Junior Credit Analyst, Risk Analyst","Senior Analyst, Credit Manager","HDFC, SBI, ICICI, NBFCs","CFA Institute, Investopedia Credit Analysis",BBA/Finance/Economics --> Internships --> Credit Analyst --> Senior Analyst --> Manager,Finance
Crime Scene Investigator (Collects and analyzes evidence from crime scenes),"crime, scene, investigate, forensic, evidence, biology, chemistry, law, police, analysis, research, photography, legal, report writing, detective","Evidence collection, analysis, critical thinking",Criminal Justice / Forensic Science Degree,"CSI Certification, Forensic Certification","Crime scene kits, cameras, lab tools","Mock Crime Scene Report, Evidence Log","CSI Technician, Forensic Assistant","Senior CSI, Forensic Analyst","Police Departments, CBI, Labs","Forensic Science books, NIJ resources",Bachelor? Degree/Forensics --> Training --> Crime Scene Investigator --> Senior Investigator --> Specialist,Law Enforcement
Criminal Lawyer (Defends or prosecutes in criminal court cases),"law, criminal, lawyer, court, defend, justice, litigation, communication, advocacy, law studies, reasoning, negotiation, public speaking, ethics, case","Legal research, argumentation, negotiation",LLB / Law Degree,Bar Council Registration,"Law databases, case management software","Legal Brief, Case Summary","Junior Lawyer, Associate Advocate","Senior Advocate, Partner","Courts, Law Firms, Legal Departments","Bar Council Resources, SCC Online",Law Degree (LLB) --> Internship --> Junior Lawyer --> Criminal Lawyer --> Senior Lawyer,Legal & Court
Curator (Manages collections in museums or galleries),"museum, curate, art, history, preservation, culture, management, research, archives, exhibition, documentation, literature, social science, organization, heritage","Collection management, curation, research",Bachelor? / Master? in History / Museum Studies,Museum Curator Certification,"Collection software, archiving tools","Exhibit Proposal, Cataloguing Plan","Curator Assistant, Collection Technician","Head Curator, Museum Director","National Museums, Galleries, Universities","Museum Association resources, Coursera Curation",BA/MA Museum Studies/History --> Internship --> Assistant Curator --> Curator --> Senior Curator,Museum & Archives
Customer Service Representative (Helps customers with questions and problems),"customer, service, communication, help, support, sales, commerce, problem solving, phone, empathy, organization, business, product knowledge, feedback, teamwork","Customer relations, problem-solving, product knowledge",Any Bachelor? Degree / Diploma in Customer Service,Certified Customer Service Professional,"CRM systems, ticketing tools","Customer FAQ, Service Flowchart","Customer Support Associate, Helpdesk Agent","Senior Representative, Support Manager","BPOs, Corporates, Startups","HubSpot Service, Zendesk Training",Diploma/Bachelor? --> Customer Service Training --> Representative --> Senior Representative --> Manager,Customer Service
Customs Officer (Checks goods and travelers at borders),"customs, border, inspection, law, trade, security, regulation, travel, import, export, commerce, documentation, logistics, safety, enforcement","Customs regulations, documentation, security awareness",Bachelor? in Commerce / Law / Customs Certification,Customs Officer Certification,"Scanners, customs software, security tools","Cargo Inspection Plan, Compliance Checklist","Customs Trainee, Assistant Officer","Senior Officer, Superintendent","Customs Departments, Ports, Airports","WCO resources, Govt Training",Diploma/Certification --> Customs Training --> Officer --> Senior Officer --> Supervisor,Government & Public Safety
Dancer (Performs choreographed dance routines),"dance, perform, rhythm, choreography, music, arts, movement, fitness, expression, stage, creativity, physical education, drama, training, coordination","Dance techniques, choreography, performance skills",Diploma / Bachelor? in Dance,Dance Teaching Certification,"Music editing tools, stage props","Short Choreography, Performance Video","Dance Instructor Assistant, Performer","Senior Choreographer, Artistic Director","Dance Companies, Schools, Theatres","DancePlug, CLI Studios",Dance Diploma/Certificate --> Training --> Dancer --> Lead Dancer --> Choreographer,Performing Arts
Data Analyst (Interprets data to help make business decisions),"data, analyze, maths, statistics, software, Excel, reporting, business studies, computer science, logic, problem solving, visualization, research, coding, technology","SQL, Excel, data visualization, statistics",B.Sc / BCA / B.Tech ,Google Data Analytics Certificate,"Tableau, Power BI, R","Pivot Report, Dashboard Analysis","Junior Data Analyst, Analyst Trainee","Data Analyst, BI Analyst","TCS, Infosys, Accenture, Deloitte","DataCamp, Coursera Data Analytics","BSc/BA Data Science/CS/Statistics/BCA/B.tech--> Learn Python, SQL --> Projects --> Intern --> Data Analyst --> Senior Analyst",Technology
Data Scientist (Analyzes complex data to find patterns and insights),"data, science, machine learning, programming, statistics, maths, computer science, analytics, modeling, visualization, AI, databases, research, coding, prediction","Python, machine learning, data mining, statistics",B.Sc / B.Tech / M.Sc Data Science,IBM Data Science Certification,"Jupyter Notebook, scikit-learn, SQL","Model Training Notebook, Predictive Analysis","Junior Data Scientist, ML Engineer","Senior Data Scientist, AI Lead","Google, Flipkart, Amazon, Zomato","Krish Naik YouTube, DataCamp, Coursera","BSc/BA Data Science/CS/Statistics --> Learn ML, Python --> Projects --> Intern --> Data Scientist --> Lead Scientist",Technology
Database Administrator (Manages and maintains computer databases),"database, admin, SQL, data, computers, security, management, storage, backups, software, networks, organization, IT, programming, systems","SQL, database design, performance tuning, backup strategies",BCA / B.Tech / MCA / Computer Science,"Oracle DBA Certification, Microsoft SQL Certification","MySQL, Oracle, PostgreSQL, SQL Server","Database Backup Script, Performance Report","Junior DBA, Database Support Engineer","Senior DBA, Database Architect","Infosys, Wipro, TCS, Capgemini","Oracle Learning, Udemy DBA Courses",BSc/IT/CS/BCA/MCA/BTech --> Learn DBMS --> Projects --> Internship --> Junior DBA --> Senior DBA,Technology
Daycare Worker (Cares for and supervises young children),"childcare, daycare, children, teaching, safety, health science, psychology, early education, communication, play, support, learning, responsibility, social studies, development","Childcare, communication, patience, basic education",High School Diploma / Child Development Certificate,Child Development Associate (CDA),"Activity kits, safety tools, educational toys","Daily Schedule Plan, Child Progress Journal","Childcare Assistant, Daycare Worker","Senior Caregiver, Center Director","Daycares, Preschools, NGOs","ChildCare Education Institute, Coursera Early Childhood",Diploma/Certificate in Early Childhood Care --> Training --> Assistant Worker --> Daycare Worker --> Supervisor,Childcare
Dental Assistant (Supports dentists during treatments and procedures),"dental, assist, teeth, health science, hygiene, anatomy, patient care, clinical skills, communication, biology, medicine, sterilization, tools, safety, support","Patient care, chairside assistance, record-keeping",Dental Assisting Certificate / Diploma,"Radiology Certification, DANB Certification","Dental instruments, X-ray machines","Patient Prep Guide, Sterilization Checklist","Dental Assistant Trainee, Chairside Assistant","Senior Dental Assistant, Office Manager","Dental Clinics, Hospitals, Private Practices","DANB resources, Dental Assistant textbooks",Diploma/Certification in Dental Assisting --> Training --> Assistant --> Dental Assistant --> Senior Assistant,Healthcare
Dental Hygienist (Cleans teeth and educates about oral health),"dental, hygiene, teeth, cleaning, patient care, health science, biology, anatomy, prevention, clinic, communication, oral health, education, safety, health","Oral hygiene education, scaling, patient communication",Associate Degree in Dental Hygiene,State Dental Hygiene License,"Scaling tools, X-ray equipment, records software","Oral Health Brochure, Patient Assessment","Dental Hygienist, Hygiene Assistant","Senior Hygienist, Clinical Educator","Dental Practices, Hospitals, Community Clinics","ADHA resources, Coursera Oral Health",Diploma/Certification Dental Hygiene --> Clinical Training --> Hygienist License --> Dental Hygienist --> Senior Hygienist,Healthcare
Dentist (Diagnoses and treats teeth and gum problems),"dentist, teeth, health, patient care, biology, medicine, anatomy, surgery, diagnosis, oral health, clinical, treatment, communication, health science, science","Clinical skills, surgery, diagnosis, patient care",BDS / MDS / Dental School,Dental Council Registration,"Dental drills, imaging software, lab equipment","Treatment Plan, Crown Preparation","Dental Intern, Junior Dentist","Senior Dentist, Clinic Owner","Private Practices, Hospitals, Chains","ADA resources, Dental Textbooks",MBBS --> BDS --> Internship --> Dentist --> Senior Dentist,Healthcare
Dermatologist (Treats skin conditions and diseases),"skin, dermatologist, health, biology, medicine, anatomy, treatment, diagnosis, clinic, health science, diseases, patient care, research, prevention, science","Skin diagnosis, treatment planning, dermatological procedures",MBBS + MD Dermatology,"Medical Council Registration, Specialty Certification","Lasers, dermatoscopes, medical software","Acne Treatment Protocol, Case Study","Dermatology Resident, Junior Dermatologist","Senior Dermatologist, Cosmetic Specialist","Hospitals, Clinics, Cosmetic Centers","Medscape Dermatology, Coursera Dermatology",MBBS --> MD Dermatology --> Residency --> Dermatologist --> Senior Dermatologist,Healthcare
Designer (Creates visual concepts for products or media),"design, creativity, art, drawing, digital, fashion, graphics, communication, technology, architecture, aesthetics, marketing, visual arts, media, crafts","Creativity, visual design, branding, software skills",BFA / Diploma in Design,Adobe Certified Expert,"Photoshop, Illustrator, InDesign, Sketch","Brand Identity Mockup, Poster Series","Design Intern, Junior Designer","Senior Designer, Creative Director","Design Studios, Agencies, Startups","Skillshare Design, The Futur YouTube",Diploma/BA in Design/Visual Arts --> Build Portfolio --> Junior Designer --> Designer --> Senior Designer,Arts & Design
Detective (Investigates crimes and gathers evidence),"investigation, law, detective, crime, evidence, research, police, observation, communication, logic, problem solving, report writing, criminal justice, psychology, analysis","Investigative skills, interviewing, critical thinking",Criminal Justice Degree / Police Academy,"Detective Certification, Police License","Case files, forensic tools, evidence software","Case Report, Interview Transcript","Detective Trainee, Investigator","Lead Detective, Chief Investigator","Police Departments, Govt Agencies","NIJ resources, Detective Training Manuals",Diploma/Certification in Criminal Justice --> Training --> Detective --> Senior Detective --> Investigator,Law Enforcement
Dietitian (Advises on nutrition and healthy eating),"nutrition, diet, health, biology, chemistry, food science, patient care, communication, wellness, biology, physiology, counselling, health science, lifestyle, education","Nutrition counseling, meal planning, patient care",B.Sc / M.Sc Nutrition and Dietetics,Registered Dietitian License (RD),"Nutrition analysis software, meal planning tools","Weekly Meal Plan, Nutrition Assessment","Dietitian Assistant, Nutritionist","Senior Dietitian, Clinic Director","Hospitals, Wellness Centers, Clinics","Academy of Nutrition resources, Coursera Nutrition",BSc/Dietetics --> Internship --> Registered Dietitian --> Senior Dietitian --> Consultant,Healthcare
Digital Marketer (Promotes products or brands using online tools),"digital, marketing, social media, communication, business, advertising, SEO, content, analytics, branding, technology, sales, commerce, creativity, promotion","SEO, social media, PPC, analytics",B.A Marketing / Digital Marketing Diploma,Google Digital Marketing Certification,"Google Analytics, Ads Manager, SEMrush","SEO Audit Report, Ad Campaign","Digital Marketing Intern, Assistant","Digital Marketing Manager, Strategist","Agencies, Startups, Corporates","HubSpot Academy, Neil Patel",Diploma/Certification in Digital Marketing --> Internships --> Junior Marketer --> Digital Marketer --> Manager,Marketing
Diplomat (Represents a country? interests abroad),"diplomacy, international, relations, communication, politics, law, negotiation, government, public speaking, languages, history, culture, global studies, management, policy","International relations, negotiation, cultural awareness",Bachelor? / Master? in International Relations,"Foreign Service Exam, Diplomatic Training","Protocol guides, negotiation frameworks","Diplomatic Briefing Paper, Policy Analysis","Foreign Service Officer Trainee, Attach?Ambassador", Consul General","MEA, Embassies, UN","Foreign Service Institute, Coursera Diplomacy",BA International Relations/Political Science --> Internships --> Diplomat Trainee --> Diplomat --> Senior Diplomat,Government & Diplomacy
"Director (Leads the creative process in films, theater, or TV)","film, directing, production, script, communication, management, arts, leadership, creativity, camera, editing, storytelling, media, teamwork, theatre","Leadership, directing, creative vision, production management",Bachelor? in Film Studies / Theatre,Directing Certification,"Cameras, editing software, storyboards","Scene Breakdown, Shot List","Assistant Director, Production Coordinator","Film Director, Creative Producer","Film Studios, TV Networks, Agencies","MasterClass Directing, Film Riot",BA/Film/Media --> Intern --> Assistant Director --> Director --> Senior Director,Entertainment
Disc Jockey (Plays and mixes music at events or on the radio),"music, DJ, sound, mixing, performance, technology, event, entertainment, audio, creativity, crowd, rhythm, music theory, media, nightlife","Music selection, mixing, audience engagement",Audio Engineering / DJ Training,Certified DJ Course,"CDJs, mixers, controllers, DJ software","Mix Set Recording, Playlist Curation","DJ Assistant, Event DJ","Resident DJ, Music Producer","Clubs, Radio Stations, Events","Pioneer DJ courses, Digital DJ Tips",Diploma/Certification in DJing --> Practice --> DJ Assistant --> Disc Jockey --> Senior DJ,Entertainment
Dispatcher (Coordinates and sends vehicles or emergency services),"dispatch, emergency, communication, coordination, management, logistics, problem solving, safety, transport, response, teamwork, IT, organization, crisis, service","Coordination, multitasking, communication, crisis management",High School Diploma / Dispatcher Training,Emergency Dispatcher Certification,"Radio systems, dispatch software","Dispatch Log, Emergency Script","Dispatcher Trainee, Call Taker","Senior Dispatcher, Shift Supervisor","Police, EMS, Transport Companies","APCO Training, FEMA resources",Diploma/Certification Dispatcher --> Training --> Dispatcher --> Senior Dispatcher --> Supervisor,Transportation
Diver (Works underwater for various tasks like inspection or rescue),"underwater, commercial, diving, safety, marine, inspection, repair, environment, physical fitness, equipment, navigation, technology, emergency, engineering, work","Diving operations, underwater safety, equipment handling",Commercial Diving Certification,IMCA Diver Certification,"Diving suits, underwater tools, comm systems","Dive Safety Plan, Equipment Maintenance Log","Dive Assistant, Commercial Diver Trainee","Senior Diver, Dive Supervisor","Marine Contractors, Oil Companies","ADCI resources, Diver Training Manuals",Certification/Training in Diving --> Practice --> Diver --> Senior Diver --> Supervisor,Maritime & Diving
Doctor (Diagnoses and treats illnesses and injuries),"doctor, medicine, health, biology, anatomy, clinical, patient care, diagnosis, treatment, physiology, surgery, pharmacology, health science, science, medical ethics","Diagnosis, treatment, empathy, clinical knowledge",MBBS / MD / DNB,Medical Council Registration,"Clinical equipment, EMR systems","Patient Case Study, Treatment Plan","Intern, Resident Doctor","Consultant, Department Head","Apollo, AIIMS, Fortis, Max","Medscape, Coursera Clinical Medicine",MBBS --> Internship --> Resident --> Doctor --> Consultant,Healthcare
Dog Trainer (Trains dogs for behavior or tasks),"dog, training, behavior, animals, psychology, care, obedience, communication, animal science, welfare, therapy, environment, health, socialization, education","Animal behavior, patience, training methods",Certification in Dog Training / Animal Behavior,Certified Professional Dog Trainer,"Leashes, clickers, training tools","Obedience Training Plan, Behavior Log","Assistant Trainer, Dog Trainer","Junior Trainer, Head Trainer","PetSmart, Private Centers, NGOs","IAABC resources, YouTube Training",Diploma in Animal Training --> Apprenticeship --> Assistant Trainer --> Dog Trainer --> Senior Trainer,Animal Care
Drafter (Prepares technical drawings and plans),"drafting, engineering, design, drawing, architecture, CAD, maths, physics, technology, construction, planning, visualization, tools, creativity, precision","Technical drawing, CAD, blueprint reading",Bachelor? in Drafting / Architecture,Drafting Certification,"AutoCAD, Revit, SketchUp","House Plan, Mechanical Draft","Junior Drafter, CAD Technician","Senior Drafter, Design Manager","Architectural Firms, Engineering Cos","AutoCAD Tutorials, Coursera Drafting",Diploma/Certification in Drafting --> Internship --> Junior Drafter --> Drafter --> Senior Drafter,Architecture
Drama Teacher (Teaches acting and theater skills),"teaching, drama, theatre, arts, performance, communication, creativity, literature, education, language, student, psychology, training, expression, culture","Acting techniques, script analysis, teaching",B.A / M.A Theatre Arts / Performing Arts,Drama Teaching Certification,"Stage props, rehearsal guides","Short Scene Workshop, Performance Feedback","Drama Teacher Assistant, Instructor","Senior Teacher, Drama Director","Schools, Academies, Theatres","National Drama resources, Theatrefolk",BA Education/Drama --> Teaching Certification --> Assistant Teacher --> Drama Teacher --> Senior Teacher,Education
Drone Operator (Controls drones for photography or inspection),"drone, operation, technology, aerial, photography, remote control, electronics, flying, geography, surveillance, IT, communication, robotics, mapping, engineering","Drone piloting, safety, aerial photography",Bachelor? / Drone Pilot Training,"FAA Part 107 Certification, DGCA Certification","Drones, flight software, cameras","Aerial Survey Plan, Flight Log","Drone Operator Assistant, Pilot","Senior Drone Pilot, Operations Manager","Agritech Firms, Media Houses, Survey Cos","Drone Pilot Ground School, YouTube Tutorials",Drone Pilot Certification --> Training --> Junior Drone Operator --> Drone Operator --> Senior Operator,Aviation & Drones
Economist (Studies how money and resources are used and distributed),"economics, finance, business, maths, statistics, commerce, policy, research, data, analysis, market, government, history, sociology, social science","Economic modeling, data analysis, research",B.A / M.A Economics,Chartered Economist Certification,"Econometric software, R, Excel","Market Analysis Report, Data Model","Junior Economist, Research Analyst","Senior Economist, Policy Advisor","RBI, NITI Aayog, Consulting Firms","World Bank resources, Coursera Economics",BSc/MA Economics --> Internships --> Junior Economist --> Economist --> Senior Economist,Economics
Editor (Reviews and improves written content),"editing, writing, publishing, language, grammar, communication, media, content, literature, proofreading, creativity, books, journalism, arts, reviewing","Editing, grammar, content strategy",B.A / M.A English / Journalism,Editorial Certification,"WordPress, InDesign, Grammarly","Article Editing Exercise, Style Guide","Editorial Assistant, Copy Editor","Senior Editor, Content Director","Publishing Houses, Media Agencies","Poynter Editing Courses, The Chicago Manual",BA/MA Journalism/English --> Internships --> Assistant Editor --> Editor --> Senior Editor,Writing & Media
Education Administrator (Manages schools and educational programs),"education, administration, management, policy, planning, communication, leadership, school, organisation, law, finance, human resources, teaching, curriculum, support","Leadership, budgeting, policy development",B.Ed / M.Ed / Education Management,School Leadership Certification,"Student management software, ERP systems","School Improvement Plan, Policy Manual","Assistant Administrator, Program Coordinator","Principal, Director of Education","Schools, Colleges, NGOs",Coursera Education Leadership,BA Education/Administration --> Teaching Certification --> Administrator --> Education Administrator --> Senior Admin,Education
Electrician (Installs and repairs electrical systems),"electricity, wiring, installation, repair, physics, engineering, safety, tools, circuits, technology, maths, maintenance, building, practical skills, power","Electrical systems, troubleshooting, safety",B.Tech / Electrician Certification,State Electrical License,"Multimeters, wiring tools, blueprints","Home Wiring Plan, Load Calculation","Apprentice Electrician, Junior Technician","Master Electrician, Project Manager","Construction Firms, Utilities Companies","NFPA resources, Khan Academy Electrical",Diploma/Electrician Certification --> Apprenticeship --> Junior Electrician --> Electrician --> Senior Electrician,Construction & Trades
Elementary School Teacher (Teaches young children basic subjects),"elementary, teaching, children, education, learning, psychology, communication, maths, science, language, social studies, curriculum, classroom, development, student","Teaching, lesson planning, classroom management",B.Ed / D.Ed / Bachelor? in Education,State Teacher Certification,"Classroom tech, educational materials","Lesson Plan, Student Assessment","Assistant Teacher, Primary Teacher","Senior Teacher, Head of Department","Schools, NGOs, Private Schools","NCERT resources, Coursera Teaching",BA/BEd Education --> Teaching Certification --> Assistant Teacher --> Teacher --> Senior Teacher,Education
Elevator Installer (Installs and maintains elevators and escalators),"elevator, installation, repair, mechanics, physics, engineering, safety, tools, maintenance, building, technology, construction, troubleshooting, power, hydraulics","Mechanical skills, safety compliance, blueprint reading",Vocational Training / Elevator Installation Certification,"OSHA Certification, State License","Installation tools, schematics","Elevator Setup Plan, Safety Checklist","Elevator Installer Helper, Technician","Senior Installer, Field Supervisor","Otis, Kone, Schindler, Johnson Lifts","NEIEP resources, OSHA Training",Diploma/Certification Elevator Installer --> Apprenticeship --> Junior Installer --> Elevator Installer --> Senior Installer,Construction & Trades
EMT (Provides emergency medical care and transport),"emergency, medical, technician, ambulance, first aid, healthcare, rescue, response, biology, anatomy, patient care, communication, safety, trauma, health science","Emergency care, first aid, crisis response",EMT Certification / Paramedic Diploma,NREMT Certification,"Ambulance equipment, defibrillators","Basic Life Support Drill, Patient Report","EMT-B, EMT-A","Senior EMT, Paramedic Supervisor","Hospitals, EMS Providers, NGOs","NREMT Prep, Coursera First Aid",Certification EMT --> Training --> EMT --> Senior EMT --> Supervisor,Emergency Services
Energy Consultant (Advises on energy use and conservation),"energy, consultant, environment, green, efficiency, engineering, technology, sustainability, policy, economics, physics, business, planning, management, research","Energy auditing, sustainability planning, analysis",B.Tech Mechanical / Energy Engineering,Certified Energy Manager (CEM),"Energy modeling software, sensors","Energy Audit Report, Retrofit Plan","Junior Energy Consultant, Analyst","Senior Consultant, Energy Director","Energy Cos, Consulting Firms, NGOs","AEE resources, Coursera Energy",BSc Engineering/Environmental Science --> Internships --> Consultant --> Senior Consultant --> Manager,Energy & Sustainability
Engineer (Designs and develops technology or infrastructure),"engineering, design, maths, physics, technology, problem solving, mechanics, electronics, computer science, project, materials, innovation, manufacturing, software, research","Problem-solving, CAD, technical knowledge",B.Tech / B.E in Engineering,Professional Engineer (PE) License,"AutoCAD, MATLAB, simulation tools","Design Project, Process Report","Junior Engineer, Graduate Trainee","Senior Engineer, Engineering Manager","L&T, GE, Siemens, TCS","NPTEL Engineering, Coursera",BTech/BE Engineering --> Internship --> Junior Engineer --> Senior Engineer --> Project Manager,Engineering
English Teacher (Teaches English language and literature),"school, teach, english, literature, grammar, reading, writing, communication, arts, education, language, student, lesson, curriculum, speaking","English grammar, communication, lesson planning",B.A / M.A English + B.Ed,"TEFL Certification, State Teacher Certification","Teaching aids, assessment tools","Grammar Workshop, Reading Plan","English Teacher, Assistant Teacher","Senior Teacher, HOD English","Schools, Language Institutes, NGOs","British Council resources, Coursera TESOL",BA/BEd English --> Teaching Certification --> Assistant Teacher --> Teacher --> Senior Teacher,Education
Environmental Consultant (Advises on how to protect the environment),"environment, consultant, green, nature, sustainability, biology, chemistry, physics, earth science, ecology, policy, research, management, planning, conservation","Environmental impact assessment, compliance, reporting",B.Sc / M.Sc Environmental Science / Engineering,Certified Environmental Professional (CEP),"GIS software, reporting tools, sampling equipment","Environmental Impact Report, Compliance Checklist","Environmental Consultant Assistant, Analyst","Senior Consultant, Project Manager","ERM, AECOM, Deloitte","Society of Environmental Consultants, Coursera",Bachelor? Degree/Environmental Science --> Internships --> Junior Consultant --> Environmental Consultant --> Senior Consultant,Environmental Science
Environmental Engineer (Designs solutions to environmental problems),"environment, engineer, design, green, pollution, water, air, waste, sustainability, physics, chemistry, maths, construction, safety, technology","Water treatment, waste management, sustainability",B.Tech / M.Tech Environmental Engineering,Professional Engineer License (PE),"AutoCAD, water modeling tools, lab equipment","Water Quality Analysis, Treatment Plan","Junior Environmental Engineer, Analyst","Senior Engineer, Environmental Manager","L&T, Jacobs, Golder","AIChE resources, EdX Environmental Engineering",BTech/BE Environmental Engineering --> Internship --> Junior Engineer --> Environmental Engineer --> Project Lead,Engineering
Environmental Scientist (Studies the environment and its changes),"environment, science, biology, ecology, pollution, research, chemistry, physics, earth science, nature, conservation, sustainability, data, fieldwork, animals","Field sampling, data analysis, lab techniques",B.Sc / M.Sc Environmental Science,Certified Environmental Scientist,"GIS, lab instruments, statistical software","Field Survey Report, Species Catalog","Junior Scientist, Field Technician","Research Scientist, Senior Consultant","Wildlife NGOs, Research Labs, Govt Agencies","EPA resources, Coursera Ecology",BSc Environmental Science/Biology --> Fieldwork/Internship --> Junior Scientist --> Environmental Scientist --> Senior Scientist,Environmental Science
Epidemiologist (Studies patterns of diseases in populations),"health, disease, epidemiology, biology, statistics, maths, research, data, public health, medicine, virus, population, prevention, science, analysis","Disease modeling, epidemiological methods, data analysis",MBBS + MPH / M.Sc Epidemiology,Certified Epidemiologist,"SPSS, R, health survey tools","Epidemiological Study, Case Report","Research Assistant, Epidemiology Analyst","Senior Epidemiologist, Program Director","WHO, ICMR, CDC, Research Labs","Coursera Epidemiology, CDC Training",BSc/MPH in Public Health/Epidemiology --> Internship/Research --> Epidemiologist --> Senior Epidemiologist --> Research Lead,Healthcare
Event Planner (Organizes and manages events and gatherings),"event, plan, organize, schedule, guests, venue, catering, music, communication, management, business, creativity, marketing, teamwork, budgeting","Organization, vendor coordination, budgeting",B.A Event Management / Hospitality Management,Event Planning Certification,"Event software, budgeting tools","Event Budget, Timeline Plan","Event Coordinator, Assistant Planner","Event Manager, Director of Events","Marriott, Event Companies, NGOs","Eventbrite Academy, LinkedIn Learning",Diploma/Event Management Course --> Internship --> Assistant Planner --> Event Planner --> Senior Planner,Events & Hospitality
Executive Assistant (Supports executives with administrative tasks),"office, assistant, executive, schedule, email, communication, organization, meetings, travel, admin, time management, business, multitasking, customer service, support","Communication, scheduling, multitasking",Bachelor? Degree / Office Administration Certificate,Certified Administrative Professional (CAP),"MS Office, CRM, scheduling tools","Executive Calendar, Meeting Prep Guide","Admin Assistant, Executive Assistant","Senior EA, Office Manager","MNCs, Startups, NGOs","IAAP resources, Coursera Admin Support",Diploma/BA in Administration --> Assistant Training --> Executive Assistant --> Senior Executive Assistant --> Office Manager,Administrative Support
Exterminator (Removes pests and insects from homes or buildings),"pest, exterminator, pest control, bugs, insects, chemicals, safety, environment, biology, home, chemicals, removal, hygiene, treatment, spray","Pest control methods, safety compliance, client relations",High School Diploma / Pest Control Certification,State Pesticide Applicator License,"Pesticide applicators, safety gear","Infestation Assessment Report, Safety Checklist","Pest Control Technician, Exterminator","Senior Technician, Area Manager","Pest Control Companies, Facilities Management","NPMA resources, State Licensing Guides",Training/Certification in Pest Control --> Apprenticeship --> Junior Technician --> Exterminator --> Supervisor,Pest Control
Fashion Designer (Creates clothing and fashion accessories),"fashion, design, clothes, textiles, creativity, arts, style, marketing, sewing, color theory, trend, fabric, drawing, retail, communication","Fashion sketching, textile knowledge, trend research",Bachelor? in Fashion Design,Fashion Design Certification,"Illustrator, CAD tools, sewing equipment","Seasonal Collection Sketchbook, Mood Board","Fashion Design Assistant, Intern","Lead Designer, Creative Director","Aditya Birla Fashion, Designers, Export Houses","Fashionary, MasterClass Fashion Design",Diploma/Bachelor? in Fashion Design --> Internship --> Junior Designer --> Fashion Designer --> Senior Designer,Arts & Design
Fashion Stylist (Chooses outfits and styles for clients),"fashion, style, clothes, trends, shopping, beauty, makeup, hair, creativity, styling, marketing, communication, social media, design, customer","Styling, color theory, communication, trend awareness",Diploma in Fashion Styling / Fashion Design,Certified Fashion Stylist,"Styling software, photography tools","Lookbook Project, Wardrobe Guide","Styling Assistant, Personal Stylist","Lead Stylist, Fashion Director","Magazines, Retail Brands, Celebrities","MasterClass Styling, The Business of Fashion",Diploma/Certification in Styling --> Apprenticeship --> Assistant Stylist --> Fashion Stylist --> Lead Stylist,Arts & Design
Film Critic (Reviews and analyzes movies),"film, critique, review, movies, cinema, arts, writing, analysis, storytelling, media, entertainment, culture, criticism, communication, film studies","Film analysis, writing, critical thinking",B.A / M.A Film Studies,Film Criticism Certification,"WordPress, video editing software","Film Review Series, Blog","Film Critic Assistant, Reviewer","Senior Critic, Editor","Newspapers, Magazines, Online Media","RogerEbert.com, Film Comment",BA/Film Studies/Journalism --> Internships --> Junior Critic --> Film Critic --> Senior Critic,Media & Broadcasting
Film Editor (Edits film footage to create the final movie),"film, editing, video, production, software, storytelling, creativity, media, cutting, sound, effects, timing, technology, teamwork, communication","Video editing, storytelling, color grading",Bachelor? in Film Editing / Media,Adobe Premiere Certification,"Adobe Premiere, Avid, Final Cut Pro","Short Film Edit, Showreel","Assistant Editor, Video Editor","Senior Editor, Post-Production Supervisor","Film Studios, TV Networks, Agencies","Film Editing Pro, Lynda.com",Diploma/BA in Film Editing --> Internships --> Assistant Editor --> Film Editor --> Senior Editor,Media & Broadcasting
Financial Advisor (Gives advice on managing money and investments),"finance, advisor, investment, money, savings, planning, budget, business, economics, risk, stocks, client, commerce, communication, strategy","Financial planning, investment strategies, client relations",B.Com / MBA Finance,Certified Financial Planner (CFP),"Financial planning software, Excel","Investment Plan, Risk Assessment","Junior Financial Advisor, Planner","Senior Advisor, Wealth Manager","HDFC, ICICI, Edelweiss","CFP Board, Coursera Financial Planning",BBA/MBA/Finance --> Training --> Junior Advisor --> Financial Advisor --> Senior Advisor,Finance
Financial Analyst (Analyzes financial data to guide business decisions),"finance, analyst, data, reports, statistics, economics, business, investment, risk, stocks, maths, computer, finance, market, analysis","Data analysis, forecasting, valuation",B.Com / MBA Finance,"CFA Certification, FRM Certification","Excel, Bloomberg Terminal, modeling tools","Equity Research Report, Valuation Model","Financial Analyst Trainee, Analyst","Senior Analyst, Finance Manager","Infosys, Deloitte, KPMG","CFA Institute, Investopedia",BSc/BA/Finance/Economics --> Internship --> Analyst --> Financial Analyst --> Senior Analyst,Finance
Firefighter (Responds to fires and emergencies to save lives),"fire, firefighter, rescue, emergency, safety, training, equipment, physical fitness, response, hazard, team, medicine, prevention, hazards, ambulance","Fire suppression, emergency response, teamwork",Firefighter Training Academy,Firefighter Certification,"Fire hoses, rescue tools, PPE","Fire Drill Plan, Safety Checklist","Firefighter Recruit, Firefighter I","Senior Firefighter, Captain","Fire Departments, Municipal Corporations","IFSTA Training Manuals, FEMA Courses",Firefighter Training Academy --> Certification --> Junior Firefighter --> Firefighter --> Captain,Emergency Services
Fisheries Biologist (Studies fish populations and aquatic life),"fisheries, biology, marine, environment, water, ecology, biology, animals, research, conservation, ocean, aquatic, science, environment, biology","Fisheries management, data collection, research",B.Sc / M.Sc Fisheries Science,Fisheries Biologist Certification,"Sampling equipment, lab tools, GIS","Fish Population Survey, Habitat Report","Fisheries Assistant, Junior Biologist","Senior Biologist, Fisheries Manager","ICAR, Govt Fisheries Dept, NGOs","NOAA Fisheries Resources, Coursera Marine Biology",BSc Fisheries/Biology --> Fieldwork/Internship --> Junior Biologist --> Fisheries Biologist --> Senior Biologist,Environmental Science
Fitness Instructor (Leads exercise classes and personal training),"fitness, instructor, exercise, health, training, wellness, coaching, nutrition, physical education, anatomy, physiology, motivation, gym, sports, lifestyle","Fitness coaching, exercise planning, motivation",Certification in Fitness Training / B.Sc Sports Science,Certified Personal Trainer,"Weights, fitness software, assessment tools","Personal Training Program, Diet Log","Fitness Trainer Assistant, Instructor","Senior Trainer, Gym Manager","Gyms, Fitness Centers, Hotels","ACE Fitness, NASM Courses",Diploma/Certification in Fitness Training --> Internship --> Fitness Instructor --> Senior Instructor --> Manager,Sports & Fitness
Flight Attendant (Ensures safety and comfort of airline passengers),"flight, attendant, airline, safety, customer service, communication, travel, emergency, hospitality, airline, teamwork, training, security, health, service","Customer service, safety, first aid",Bachelor? in Hospitality / Aviation,DGCA / FAA Cabin Crew License,"Cabin intercom, safety equipment, service tools","In-Flight Service Plan, Safety Demo","Flight Attendant Trainee, Cabin Crew","Lead Cabin Crew, Inflight Manager","Indigo, Emirates, Vistara, Lufthansa","IATA Training, Udemy Cabin Crew",Training/Certification --> Internship --> Flight Attendant --> Senior Flight Attendant --> Supervisor,Transportation
Florist (Arranges and sells flowers),"flowers, florist, arrangement, plants, garden, creativity, decoration, sales, design, events, customer service, business, nature, art, colors","Floral design, plant care, creativity",Floristry Certificate / Diploma,Certified Florist,"Floristry tools, POS systems, delivery systems","Seasonal Arrangement, Flower Care Guide","Florist Assistant, Junior Designer","Senior Florist, Shop Owner","Floral Shops, Event Companies, Hotels","Floret Flowers resources, YouTube Tutorials",Diploma/Certificate in Floristry --> Apprenticeship --> Junior Florist --> Florist --> Senior Florist,Floral & Landscaping
Food Scientist (Studies food composition and safety),"food, science, nutrition, chemistry, biology, safety, research, health, quality, testing, cooking, biology, microbiology, diet, food tech","Food chemistry, safety, research",B.Sc / M.Sc Food Science,Food Safety Certification,"Testing equipment, lab tools, analysis software","Nutrient Analysis Report, Shelf Life Study","Junior Food Scientist, Lab Assistant","Senior Scientist, Product Developer","FMCG Companies, Food Research Labs","IFT Resources, Coursera Food Science",BSc Food Science --> Internship --> Junior Scientist --> Food Scientist --> Senior Scientist,Food Science
Forensic Scientist (Analyzes evidence for criminal investigations),"forensic, science, crime, investigation, biology, chemistry, evidence, law, police, analysis, lab, research, DNA, crime scene, justice","Evidence analysis, lab techniques, research",B.Sc / M.Sc Forensic Science,Certified Forensic Scientist,"Crime lab tools, microscopes, software","Forensic Case Study, Lab Report","Forensic Lab Assistant, Technician","Senior Forensic Scientist, Lab Manager","CBI, Police Labs, Research Institutes","NIJ Forensics, Coursera Forensic Science",BSc Forensic Science --> Internship --> Junior Scientist --> Forensic Scientist --> Senior Scientist,Law Enforcement
Forester (Manages and conserves forests),"forest, management, ecology, environment, trees, conservation, biology, wildlife, soil, sustainability, nature, research, earth science, biology, forestry","Forest management, conservation planning, fieldwork",B.Sc / M.Sc Forestry,Registered Professional Forester,"GIS tools, survey equipment, mapping software","Forest Inventory, Management Plan","Forest Ranger, Assistant Forester","Senior Forester, Conservation Director","Forest Departments, NGOs, Research Institutes","FAO Forestry, Coursera Forestry",BSc Forestry/Environmental Science --> Internship --> Junior Forester --> Forester --> Senior Forester,Environmental Science
Funeral Director (Organizes funeral services and arrangements),"funeral, director, service, ceremony, support, grief, management, planning, community, empathy, communication, event, respect, care, organization","Counseling, funeral procedures, business management",Bachelor? in Mortuary Science / Funeral Services,State Funeral Director License,"Embalming tools, planning software","Memorial Plan, Funeral Checklist","Funeral Assistant, Apprentice Director","Senior Director, Funeral Home Owner","Funeral Homes, Hospitals, NGOs","NFDA resources, Funeral Service Education",Diploma in Funeral Services --> Apprenticeship --> Assistant Director --> Funeral Director --> Manager,Funeral Services
Furniture Designer (Creates designs for furniture),"furniture, design, woodwork, craft, interior, creativity, carpentry, drawing, materials, art, manufacturing, engineering, aesthetics, build, construction","Furniture design, woodworking, CAD",Bachelor? in Furniture Design / Industrial Design,Certified Furniture Designer,"AutoCAD, CNC machines, prototyping tools","Furniture Sketches, 3D Model","Furniture Design Assistant, CAD Drafter","Senior Designer, Studio Owner","Furniture Companies, Design Studios","Skillshare Design, Autodesk Tutorials",Diploma/Bachelor? in Furniture Design --> Internship --> Junior Designer --> Furniture Designer --> Senior Designer,Arts & Design
Game Designer (Creates ideas and rules for video games),"game, design, creativity, storytelling, programming, computer science, graphics, user experience, level design, art, animation, media, software, coding, entertainment","Game mechanics, prototyping, creativity",Bachelor? in Game Design,Certified Game Designer,"Unity, Unreal Engine, design software","Game Prototype, Level Design","Game Design Assistant, Junior Designer","Senior Designer, Creative Director","Gaming Studios, Indie Companies, Publishers","GDC Vault, Coursera Game Design",Diploma/Bachelor? in Game Design --> Internship --> Junior Designer --> Game Designer --> Senior Designer,Technology
Game Developer (Builds and programs video games),"game, develop, programming, software, coding, testing, computer science, graphics, debugging, creativity, algorithms, design, user interface, media, technology","Programming, 3D engines, debugging",B.Tech / B.Sc Computer Science,Certified Game Developer,"Unity, C#, Unreal Engine","Game Demo, Code Repository","Junior Game Developer, Programmer","Senior Developer, Lead Engineer","Ubisoft, EA, Rockstar Games","Unity Learn, Udemy Game Development",BSc CS/Game Development --> Build Portfolio --> Junior Developer --> Game Developer --> Senior Developer,Technology
Gardener (Takes care of plants and gardens),"garden, plants, horticulture, landscaping, soil, care, ecology, botany, nature, maintenance, biology, environment, outdoor, tools, agriculture","Horticulture, plant care, landscape design",Diploma in Horticulture / Gardening Certification,Master Gardener Certification,"Gardening tools, irrigation systems","Seasonal Planting Plan, Garden Log","Gardener Assistant, Landscaper","Senior Gardener, Landscape Supervisor","Resorts, Govt Departments, NGOs","RHS Gardening, YouTube Tutorials",Diploma in Horticulture --> Apprenticeship --> Gardener --> Senior Gardener --> Supervisor,Floral & Landscaping
Genetic Counselor (Advises about inherited diseases and genetics),"genetic, counseling, genetics, biology, health, medicine, communication, patient, family, risk, DNA, testing, biology, psychology, counseling","Genetic counseling, research, empathy",M.Sc Genetic Counseling,Board Certification in Genetic Counseling,"Genetic testing tools, counseling materials","Family History Chart, Risk Assessment","Junior Genetic Counselor, Assistant","Senior Counselor, Program Director","Genetic Clinics, Hospitals, Research Centers","NSGC resources, Coursera Genetics",BSc Genetics/Counseling --> Certification --> Internship --> Genetic Counselor --> Senior Counselor,Healthcare
Geographer (Studies Earth? physical features and human activity),"geography, maps, earth, GIS, environment, data, research, location, science, physics, social studies, earth science, spatial, computer science, environment","Spatial analysis, GIS, research",B.Sc / M.Sc Geography,Certified GIS Professional (GISP),"ArcGIS, QGIS, mapping software","Thematic Map, GIS Project","Junior Geographer, GIS Analyst","Senior Geographer, Research Head","Survey of India, Research Institutes","ESRI resources, Coursera Geography",BSc Geography --> Internship --> Junior Geographer --> Geographer --> Senior Geographer,Geography & Mapping
Geologist (Studies rocks and Earth? structure),"geology, earth, rocks, minerals, environment, chemistry, physics, fieldwork, research, soil, mining, study, science, natural resources, geography","Fieldwork, mineral analysis, mapping",B.Sc / M.Sc Geology,Certified Professional Geologist,"Field sampling tools, GIS software","Field Survey, Rock Analysis","Junior Geologist, Field Assistant","Senior Geologist, Exploration Manager","ONGC, Geological Survey, Mining Cos","USGS resources, Coursera Geology",BSc Geology --> Internship --> Junior Geologist --> Geologist --> Senior Geologist,Science
Geophysicist (Studies Earth? physical properties and processes),"geophysics, earth, physics, magnetic, seismic, data, research, environment, technology, waves, study, maths, science, exploration, geology","Seismic analysis, geophysical surveys, modeling",B.Sc / M.Sc Geophysics,Certified Geophysicist,"Seismic equipment, modeling software","Seismic Survey Plan, Data Report","Geophysics Assistant, Field Technician","Senior Geophysicist, Project Manager","Oil Companies, Geological Surveys, Research Centers","SEG resources, Coursera Geophysics",BSc Geophysics --> Internship --> Junior Geophysicist --> Geophysicist --> Senior Geophysicist,Science
Glazier (Installs glass in windows and doors),"glass, installation, repair, construction, tools, materials, safety, design, architecture, home, windows, framing, manual skills, trade, craft","Glass cutting, installation, blueprint reading",Glazier Apprenticeship / Vocational Training,OSHA Safety Certification,"Glass cutters, glazing tools, scaffolding","Glass Installation Plan, Safety Checklist","Glazier Helper, Apprentice Glazier","Senior Glazier, Site Supervisor","Construction Companies, Window Manufacturers","OSHA Resources, YouTube Glass Installation",Vocational Training --> Apprenticeship --> Junior Glazier --> Glazier --> Senior Glazier,Construction & Trades
Graphic Designer (Creates visual designs for print and digital media),"graphic, design, art, digital, creativity, marketing, media, communication, computer, layout, typography, branding, software, advertising, visuals","Visual design, typography, branding, creativity",Bachelor? in Graphic Design,Adobe Certified Expert,"Adobe Photoshop, Illustrator, InDesign","Brand Identity Kit, Poster Series","Design Intern, Junior Graphic Designer","Senior Designer, Art Director","Agencies, Startups, Corporates","Skillshare, The Futur YouTube",Diploma/Bachelor? in Graphic Design --> Build Portfolio --> Junior Designer --> Graphic Designer --> Senior Designer,Arts & Design
Guidance Counselor (Helps students with education and career planning),"guidance, counseling, support, education, psychology, communication, students, career, advice, mental health, social skills, empathy, planning, problem solving, school","Counseling, empathy, career planning, communication",M.A Counseling Psychology / Education,State Counselor Certification,"Career assessment tools, records software","Career Workshop Plan, Student Report","School Counselor, Career Advisor","Senior Counselor, Department Head","Schools, Colleges, NGOs","APA Resources, Coursera Counseling",BA Psychology/Education --> Certification --> Internship --> Guidance Counselor --> Senior Counselor,Education
Gym Manager (Runs operations of a fitness center or gym),"gym, management, fitness, business, coaching, training, health, scheduling, staff, marketing, customer service, exercise, wellness, nutrition, leadership","Fitness operations, leadership, sales",Bachelor? in Sports Management / Business,Certified Gym Manager,"CMS tools, fitness equipment, POS systems","Gym Business Plan, Class Schedule","Gym Supervisor, Assistant Manager","Gym Manager, Regional Director","Fitness Chains, Hotels, Corporates","IDEA Fitness, NASM Business Courses",Diploma/BA in Sports Management --> Internship --> Assistant Manager --> Gym Manager --> Senior Manager,Sports & Fitness
Hair Stylist (Cuts and styles hair),"hair, styling, salon, beauty, grooming, customer service, haircut, coloring, cosmetology, hygiene, fashion, creativity, communication, personal care, makeup","Hair cutting, coloring, styling, client service",Diploma in Cosmetology / Hairdressing,State Cosmetology License,"Scissors, color kits, styling tools","Style Portfolio, Client Consultation Guide","Salon Assistant, Junior Stylist","Senior Stylist, Salon Owner","Salons, Spas, Resorts","Vidal Sassoon Academy, YouTube Tutorials",Diploma/Certificate in Hair Styling --> Apprenticeship --> Junior Stylist --> Hair Stylist --> Salon Owner,Personal Care
Handyman (Performs various home repair and maintenance tasks),"handyman, repair, maintenance, tools, plumbing, electrical, carpentry, home, construction, fixing, troubleshooting, mechanical, skills, safety, renovation","Plumbing, electrical, carpentry, problem-solving",Vocational Training / Handyman Certification,State Contractor License,"Hand tools, power tools, repair kits","Home Repair Checklist, Maintenance Plan","Handyman Assistant, Maintenance Worker","Senior Handyman, Business Owner","Property Managers, Construction Cos","YouTube DIY Repair, Coursera Home Maintenance",Vocational Training --> Apprenticeship --> Handyman --> Senior Handyman --> Contractor,Construction & Trades
Hazardous Materials Removal Worker (Removes dangerous substances safely),"hazardous, materials, removal, safety, toxic, environment, chemicals, clean-up, regulation, health, protection, disposal, emergency, training, compliance","Safety protocols, hazardous waste handling, compliance",High School Diploma / HAZWOPER Training,HAZWOPER Certification,"Protective suits, disposal equipment","Disposal Procedure, Safety Drill","HazMat Technician, Removal Worker","Senior Technician, Site Supervisor","Waste Management Cos, Govt Agencies","OSHA HAZWOPER, EPA Resources",Hazardous Materials Training --> Certification --> Junior Technician --> Removal Worker --> Supervisor,Environmental Services
Health Educator (Teaches people about health and wellness),"health, education, wellness, public health, communication, nutrition, disease prevention, community, training, teaching, outreach, biology, psychology, promotion, awareness","Health promotion, communication, community outreach",B.Sc / M.Sc Public Health,Certified Health Education Specialist (CHES),"Presentation tools, survey software","Health Awareness Campaign, Brochure","Health Educator Assistant, Outreach Worker","Senior Educator, Program Director","NGOs, Hospitals, Govt Agencies","CDC Resources, Coursera Public Health",BSc Health Education/Public Health --> Internship --> Junior Educator --> Health Educator --> Senior Educator,Public Health
Healthcare Administrator (Manages healthcare facilities or departments),"healthcare, administration, management, hospital, finance, policy, staff, organization, planning, communication, leadership, healthcare, law, service, coordination","Management, policy development, budgeting",BHA / MBA Healthcare Management,ACHE Certification,"Healthcare software, compliance tools","Clinic Management Plan, Policy Guide","Admin Assistant, Operations Coordinator","Department Head, Hospital CEO","Hospitals, Clinics, Health Startups","ACHE Resources, Coursera Healthcare",BBA/Healthcare Management --> Internship --> Junior Admin --> Healthcare Administrator --> Senior Manager,Healthcare
Heating Technician (Installs and repairs heating systems),"heating, technician, HVAC, repair, installation, maintenance, tools, mechanics, electricity, plumbing, safety, climate, temperature, equipment, service","HVAC systems, troubleshooting, safety",Vocational Training / HVAC Certification,EPA 608 Certification,"Multimeters, HVAC tools, schematics","AC Installation Plan, Maintenance Log","HVAC Apprentice, Junior Technician","Senior Technician, Project Manager","Carrier, Daikin, Trane","NATE Resources, HVAC School Online",Diploma/Certification Heating Systems --> Apprenticeship --> Junior Technician --> Heating Technician --> Supervisor,Construction & Trades
Historian (Studies and writes about past events),"history, research, culture, social studies, writing, archives, documentation, politics, analysis, literature, heritage, education, analysis, communication, past","Research, writing, historical analysis",B.A / M.A History,"Archivist Certification, Historian Credentials","Archival tools, databases, research software","Historical Report, Exhibit Plan","Research Assistant, Junior Historian","Senior Historian, Curator","Museums, Universities, Govt Archives","American Historical Association, Coursera History",BA/MA History --> Research Assistant --> Junior Historian --> Historian --> Senior Historian,History & Research
Home Inspector (Checks houses for safety and quality before sale),"home, inspection, building, safety, structure, construction, regulation, law, environment, engineering, architecture, report, maintenance, checklist, evaluation","Home inspections, compliance, reporting",Home Inspector Training Program,State Home Inspector License,"Inspection software, moisture meters, cameras","Inspection Report, Safety Checklist","Home Inspector Trainee, Inspector Assistant","Senior Inspector, Business Owner","Inspection Companies, Real Estate Firms","ASHI Resources, InterNACHI Training",Certification/Home Inspection Course --> Apprenticeship --> Junior Inspector --> Home Inspector --> Senior Inspector,Construction & Inspection
Horticulturist (Grows and studies plants and gardens),"horticulture, plants, gardening, botany, agriculture, environment, soil, ecology, biology, landscaping, nursery, flowers, trees, farming, nature","Plant care, soil science, landscape design",B.Sc / M.Sc Horticulture,Master Gardener Certification,"Horticulture tools, irrigation systems","Garden Design Plan, Plant Catalog","Horticulture Assistant, Gardener","Senior Horticulturist, Nursery Manager","Nurseries, Resorts, Govt Departments","RHS Resources, Coursera Horticulture",Diploma/BSc in Horticulture --> Internship --> Junior Horticulturist --> Horticulturist --> Senior Horticulturist,Agriculture & Landscaping
Hotel Manager (Oversees hotel operations and guest services),"hotel, management, hospitality, service, customer, business, finance, tourism, marketing, communication, operations, food, events, staff, administration","Leadership, hospitality operations, customer service",Bachelor? in Hotel Management,CHA Certification (Certified Hotel Administrator),"PMS systems, POS software, reporting tools","Guest Service Plan, Staff Schedule","Management Trainee, Front Desk Supervisor","Hotel Manager, General Manager","Taj, Marriott, Hyatt, Accor","IHCL Academy, Coursera Hospitality",BBA/MBA Hospitality --> Internship --> Assistant Manager --> Hotel Manager --> Regional Manager,Hospitality
Housekeeper (Cleans and maintains homes or hotels),"housekeeping, cleaning, maintenance, hotel, service, organization, hygiene, customer service, management, teamwork, safety, sanitation, scheduling, care, laundry","Cleaning, organization, attention to detail",High School Diploma / Housekeeping Training,Housekeeping Certification,"Cleaning equipment, scheduling tools","Cleaning Checklist, Supply Plan","Room Attendant, Housekeeping Aide","Housekeeping Supervisor, Manager","Hotels, Hospitals, Facilities Management","AHLEI Resources, YouTube Tutorials",On-job Training --> Assistant --> Housekeeper --> Senior Housekeeper --> Supervisor,Housekeeping
Human Resources Manager (Manages employee relations and hiring),"human, resources, management, recruitment, communication, business, law, psychology, organization, payroll, training, development, employee, performance, leadership","Recruitment, HR policies, employee relations",Bachelor? / MBA HR,"SHRM Certification, PHR Certification","HRIS systems, payroll software","Employee Handbook, Recruitment Plan","HR Assistant, Recruiter","Senior HR Manager, HR Director","MNCs, Startups, NGOs","SHRM Resources, Coursera HR Management",BBA/MBA HR --> Internship --> HR Assistant --> HR Manager --> Senior HR Manager,Human Resources
"HVAC Technician (Maintains heating, ventilation, and air conditioning systems)","HVAC, heating, ventilation, air conditioning, repair, installation, maintenance, tools, electricity, mechanics, safety, climate, equipment, technology, troubleshooting","HVAC repair, electrical systems, safety compliance",Vocational Training / HVAC Certification,EPA 608 Certification,"Diagnostic tools, HVAC systems, schematics","Heating System Diagnosis, Repair Guide","HVAC Installer, Junior Technician","Senior HVAC Technician, Supervisor","Voltas, Blue Star, Daikin","NATE Resources, HVAC School Online",Certification HVAC Technician --> Apprenticeship --> Junior Technician --> HVAC Technician --> Senior Technician,Construction & Trades
Hydrologist (Studies water and its movement in the environment),"hydrology, water, environment, science, earth science, research, biology, chemistry, ecology, geography, geology, conservation, data, pollution, analysis","Water resource management, hydrological modeling",B.Sc / M.Sc Hydrology / Environmental Science,Certified Hydrologist,"GIS, hydrology software, sensors","Watershed Assessment, Flow Model","Junior Hydrologist, Field Technician","Senior Hydrologist, Project Lead","Research Institutes, Govt Agencies","USGS Resources, Coursera Hydrology",BSc/MSc Hydrology/Environmental Science --> Internship --> Junior Hydrologist --> Hydrologist --> Senior Hydrologist,Environmental Science
"Illustrator (Creates pictures for books, ads, or media)","illustration, art, drawing, creativity, design, digital, graphics, painting, media, communication, visual, advertising, storytelling, animation, fine arts","Drawing, digital illustration, creativity",Bachelor? in Illustration / Fine Arts,Adobe Certified Expert,"Photoshop, Illustrator, drawing tablets","Illustration Portfolio, Character Design","Illustration Assistant, Junior Illustrator","Senior Illustrator, Art Director","Publishing Houses, Media Companies","Skillshare, Procreate Tutorials",Diploma/BA in Illustration --> Build Portfolio --> Junior Illustrator --> Illustrator --> Senior Illustrator,Arts & Design
Immigration Officer (Processes and controls people entering a country),"immigration, law, border, security, government, policy, travel, communication, regulation, documentation, enforcement, citizenship, investigation, customs, rules","Immigration laws, interviewing, compliance",Bachelor? Degree / Law Degree,Govt Immigration Officer Certification,"Biometric tools, document verification systems","Case Assessment, Compliance Report","Immigration Officer Trainee, Caseworker","Senior Officer, Regional Manager","Embassies, Govt Departments, NGOs","USCIS Resources, Coursera Immigration",BA/International Relations/Law Enforcement --> Training --> Immigration Officer --> Senior Officer --> Manager,Government & Public Safety
Industrial Designer (Designs products for manufacturing),"industrial, design, manufacturing, product, engineering, creativity, sketching, technology, materials, ergonomics, mechanics, aesthetics, innovation, production, CAD","CAD, prototyping, product design",Bachelor? in Industrial Design,Certified Industrial Designer,"CAD software, 3D printers, prototyping tools","Product Mockup, Design Documentation","Design Assistant, Junior Designer","Senior Designer, Design Manager","Philips, Whirlpool, Godrej","IDEO U, Coursera Design Thinking",Diploma/Bachelor? Industrial Design --> Internship --> Junior Designer --> Industrial Designer --> Senior Designer,Arts & Design
Industrial Engineer (Improves manufacturing processes and efficiency),"industrial, engineering, production, manufacturing, efficiency, process, management, optimization, mechanics, maths, safety, quality, operations, technology, systems","Process optimization, lean manufacturing, analysis",B.Tech / B.E Industrial Engineering,Lean Six Sigma Certification,"Simulation tools, ERP systems","Process Improvement Report, Workflow Plan","Graduate Engineer Trainee, Process Engineer","Senior Engineer, Operations Manager","L&T, Tata, Siemens, Mahindra","ASQ Resources, Coursera Industrial Engineering",BTech/BE Industrial Engineering --> Internship --> Junior Engineer --> Industrial Engineer --> Project Manager,Engineering
Information Security Analyst (Protects computer systems from cyber threats),"information, security, cybersecurity, data, protection, network, IT, risk, analysis, encryption, computer, monitoring, compliance, software, investigation","Cybersecurity, networking, risk assessment",B.Tech / M.Tech Computer Science,"CISSP, CEH Certification","Firewalls, SIEM tools, security software","Vulnerability Assessment Report, Security Plan","Junior Security Analyst, SOC Analyst","Senior Analyst, Security Architect","Infosys, TCS, IBM, Wipro","CompTIA Security+, Coursera Cybersecurity",BSc CS/Information Security --> Certification --> Junior Analyst --> Security Analyst --> Senior Analyst,Engineering
Information Systems Manager (Oversees a company? IT systems),"information, systems, management, IT, computers, networks, data, software, hardware, business, communication, project, technology, security, organization","IT strategy, project management, system analysis",B.Tech / MCA / MBA IT,"PMP Certification, ITIL Certification","ERP systems, PM tools, cloud platforms","System Upgrade Plan, IT Strategy Report","System Analyst, IT Project Coordinator","IT Manager, CIO","Infosys, Cognizant, IBM, Accenture","PMI, Coursera IT Management",BSc/MBA IT Management --> Internships --> Assistant Manager --> Systems Manager --> Senior Manager,Technology
Insurance Agent (Sells insurance policies to clients),"insurance, agent, finance, sales, policy, risk, business, communication, customer service, commerce, contracts, law, marketing, claims, underwriting","Insurance policies, sales, client relations",B.Com / MBA Finance,IRDA Certification,"CRM systems, quoting software","Insurance Plan, Sales Pitch","Insurance Sales Associate, Agent","Senior Agent, Branch Manager","HDFC Life, LIC, ICICI Prudential","IRDA Training, Coursera Insurance",BBA/Finance/Insurance --> Licensing --> Junior Agent --> Insurance Agent --> Senior Agent,Technology
Interior Designer (Plans and decorates indoor spaces),"interior, design, architecture, space, furniture, aesthetics, color, creativity, art, decoration, lighting, construction, materials, planning, environment","Interior design, space planning, client communication",Bachelor? in Interior Design,Certified Interior Designer,"AutoCAD, SketchUp, 3D software","Room Layout, Mood Board","Design Assistant, Junior Designer","Senior Designer, Studio Owner","Architectural Firms, Design Studios","Skillshare, MasterClass Interior Design",Diploma/BA Interior Design --> Internship --> Junior Designer --> Interior Designer --> Senior Designer,Insurance
Interpreter (Translates spoken language in real-time),"language, interpreter, translation, communication, speaking, writing, listening, culture, understanding, bilingual, foreign, government, travel, services, education","Language skills, interpretation, cultural knowledge",Bachelor? in Languages / Translation,Certified Interpreter,"CAT tools, audio equipment, glossaries","Glossary Creation, Practice Session","Interpreter Trainee, Translator","Senior Interpreter, Project Manager","Embassies, MNCs, NGOs","ProZ Resources, Coursera Translation",BA Language Studies --> Certification --> Interpreter --> Senior Interpreter --> Manager,Arts & Design
Investigator (Researches facts for legal or security purposes),"investigation, research, law, criminal, police, evidence, reporting, analysis, communication, detective, observation, justice, inquiry, fieldwork, case","Research, interviewing, critical thinking",Bachelor? in Criminal Justice / Law,Private Investigator License,"Surveillance tools, databases, cameras","Investigation Report, Evidence Log","Investigator Assistant, Trainee PI","Senior Investigator, Agency Owner","Detective Agencies, Legal Firms, Banks","API Resources, Coursera Investigations",Diploma/Certification Criminal Justice --> Internship --> Investigator --> Senior Investigator --> Manager,Translation & Interpretation
Investment Banker (Helps companies raise money and manage investments),"investment, banking, finance, stocks, trading, money, commerce, economics, business, analysis, risk, management, markets, accounting, communication","Financial modeling, M&A advisory, analysis",B.Com / MBA Finance,CFA Certification,"Excel, Bloomberg, valuation tools","Valuation Model, Pitch Book","Analyst, Associate","Senior Associate, VP, MD","Goldman Sachs, JP Morgan, Kotak","CFA Institute, Coursera Investment Banking",BBA/Finance --> Internship --> Junior Analyst --> Investment Banker --> Senior Banker,Law Enforcement
IT Consultant (Advises businesses on technology and IT solutions),"IT, consulting, technology, computers, systems, business, problem solving, communication, software, networks, security, analysis, programming, support, management","IT strategy, systems integration, consulting",B.Tech / MBA IT,"PMP, ITIL Certification","ERP systems, CRM tools, cloud platforms","Technology Audit, Process Optimization","Associate Consultant, Analyst","Senior Consultant, Engagement Manager","Accenture, Deloitte, Capgemini","Accenture Academy, Coursera IT Consulting",BSc/BA CS/IT --> Internship --> Junior Consultant --> IT Consultant --> Senior Consultant,Technology
Janitor (Cleans and maintains buildings),"janitor, cleaning, maintenance, hygiene, building, safety, organization, sanitation, tools, environment, health, schedule, repair, teamwork, service","Cleaning, organization, time management",High School Diploma / Janitorial Training,Custodial Certification,"Cleaning equipment, safety supplies","Cleaning Schedule, Supply Checklist","Janitor Assistant, Custodian","Senior Janitor, Facilities Supervisor","Schools, Hospitals, Corporates","OSHA Resources, YouTube Cleaning",On-job Training --> Assistant --> Janitor --> Senior Janitor --> Supervisor,Janitorial Services
Jeweler (Makes and repairs jewelry),"jewelry, design, crafts, art, metals, gemstones, creativity, fashion, manufacturing, repair, tools, aesthetics, style, sales, precision","Jewelry design, repair, gem knowledge",Diploma in Jewelry Design / Gemology,Certified Jeweler,"Gem tools, CAD software, polishing tools","Jewelry Sketches, Ring Design","Jeweler Assistant, Bench Jeweler","Senior Jeweler, Store Owner","Jewelry Stores, Design Studios","GIA Resources, Coursera Jewelry Design",Diploma/Certificate in Jewelry Making --> Internship --> Junior Jeweler --> Jeweler --> Senior Jeweler,Arts & Design
Journalist (Reports news and writes articles),"journalism, writing, reporting, media, communication, news, research, interviewing, editing, ethics, storytelling, investigation, broadcasting, public relations, English","Writing, research, reporting, editing",B.A / M.A Journalism / Mass Comm,Press Accreditation,"WordPress, editing tools, CMS","News Article Series, Interview Transcript","Junior Reporter, Staff Writer","Senior Journalist, Editor","Media Houses, Magazines, News Websites","Poynter Institute, Coursera Journalism",BA/Journalism/Communications --> Internship --> Junior Reporter --> Journalist --> Senior Reporter,Media & Broadcasting
Judge (Presides over court cases and makes legal decisions),"law, judge, court, justice, decision, law, legal, trial, ethics, communication, evidence, fairness, advocacy, judgment, judiciary","Legal knowledge, critical thinking, decision-making",Law Degree (LLB) / Judicial Exams,Judicial Appointment,"Court management systems, legal databases","Mock Trial Judgment, Case Brief","Judicial Clerk, Magistrate","High Court Judge, Supreme Court Judge","Courts, Govt Judiciary Bodies","Bar Council Resources, Coursera Legal Studies",Law Degree (LLB) --> Internship --> Junior Judge --> Judge --> Senior Judge,Legal & Court
Laboratory Technician (Conducts tests and experiments in a lab),"laboratory, technician, science, chemistry, biology, experiments, research, analysis, lab safety, equipment, biology, physics, data, testing, measurement","Lab techniques, equipment handling, data entry",B.Sc Laboratory Technology / Diploma,Certified Lab Technician,"Lab instruments, analysis software","Lab Report, Sample Log","Junior Lab Technician, Assistant","Senior Technician, Lab Supervisor","Hospitals, Diagnostics Labs, Research Centers","ASCP Resources, Coursera Lab Skills",Diploma/Certification Laboratory Tech --> Internship --> Lab Technician --> Senior Technician --> Supervisor,Healthcare
Land Surveyor (Measures land and property boundaries),"surveying, land, maps, measurement, geometry, engineering, geography, construction, data, GPS, environment, mathematics, planning, boundaries, topography","Surveying, mapping, CAD, analysis",B.Tech Civil / Diploma Surveying,Licensed Land Surveyor,"Total stations, GPS, CAD software","Boundary Survey, Topographic Map","Survey Technician, Junior Surveyor","Senior Surveyor, Project Manager","Construction Cos, Govt Agencies","RICS Resources, Coursera Surveying",Diploma/Surveying --> Apprenticeship --> Junior Surveyor --> Land Surveyor --> Senior Surveyor,Construction & Inspection
Landscape Architect (Designs outdoor spaces and gardens),"landscape, architecture, design, environment, plants, ecology, urban planning, construction, art, aesthetics, planning, sustainability, gardening, management, drawing","Landscape design, horticulture, planning",Bachelor? in Landscape Architecture,CLARB Certification,"AutoCAD, SketchUp, GIS software","Garden Design Plan, Site Layout","Landscape Designer, Assistant Architect","Senior Architect, Design Director","Architectural Firms, Municipalities","ASLA Resources, Coursera Landscape Design",BSc/BA Landscape Architecture --> Internship --> Junior Architect --> Landscape Architect --> Senior Architect,Architecture
Librarian (Manages library resources and helps users),"library, science, books, information, organization, cataloging, research, technology, communication, archives, education, literacy, data, reference, management","Cataloging, research, organization",Bachelor? / Master? in Library Science,Librarian Certification,"LMS systems, cataloging tools, databases","Library Catalog Plan, Research Guide","Junior Librarian, Catalog Assistant","Head Librarian, Library Director","Public Libraries, Universities, Schools","ALA Resources, Coursera Library Science",MLIS/Library Science Degree --> Internship --> Assistant Librarian --> Librarian --> Senior Librarian,Library & Museum
Library Assistant (Supports librarians with daily tasks),"library, assistant, books, organization, catalog, support, research, communication, information, literacy, data, shelving, education, technology, archives","Customer service, shelving, data entry",Bachelor? in any field / Library Diploma,Library Assistant Certification,"Library software, barcode scanners","Shelving Plan, Inventory List","Library Assistant, Circulation Clerk","Senior Assistant, Cataloging Specialist","Public Libraries, Colleges, Schools","ALA Resources, YouTube Tutorials",High School Diploma --> Assistant Training --> Library Assistant --> Senior Assistant --> Supervisor,Library & Museum
Life Coach (Guides people to achieve personal goals),"life, coaching, motivation, counseling, communication, psychology, goal setting, personal development, leadership, wellness, training, support, education, planning, mentoring","Coaching, motivation, goal-setting",Bachelor? in Psychology / Coaching Certificate,Certified Professional Coach,"Assessment tools, coaching templates","Client Goal Plan, Progress Tracker","Life Coach Assistant, Junior Coach","Senior Coach, Practice Owner","Coaching Firms, Freelance, Corporates","ICF Resources, Coursera Coaching",Certification/Life Coaching Course --> Practice --> Life Coach --> Senior Coach --> Manager,Personal Development
Lighting Technician (Sets up lighting for events and productions),"lighting, technician, electrical, stage, theatre, film, installation, maintenance, repair, design, technology, safety, equipment, control, production","Lighting setup, rigging, maintenance",Vocational Training / Stage Lighting Certificate,ETCP Certification,"Lighting consoles, rigging equipment","Lighting Design Plan, Setup Guide","Lighting Technician Assistant, Stagehand","Senior Technician, Lighting Director","Event Companies, Theatres, Studios","ETCP Resources, YouTube Lighting",Diploma in Lighting Technology --> Apprenticeship --> Junior Technician --> Lighting Technician --> Senior Technician,Entertainment & Media
Loan Officer (Evaluates and approves loan applications),"loan, officer, finance, banking, credit, customer service, analysis, business, commerce, risk, money, communication, approval, accounting, documentation","Financial analysis, client advising, sales",B.Com / MBA Finance,Loan Officer Certification,"Loan software, CRM systems","Loan Application Guide, Risk Analysis","Loan Processor, Junior Officer","Senior Loan Officer, Branch Manager","Banks, NBFCs, Credit Unions","RBI Resources, Coursera Finance",BBA/Finance/Banking --> Training --> Loan Officer --> Senior Loan Officer --> Manager,Finance
Logistics Coordinator (Plans and manages transportation of goods),"logistics, coordination, supply chain, transport, management, planning, inventory, business, communication, scheduling, shipping, distribution, operations, organization, warehouse","Supply chain, inventory, coordination",Bachelor? in Logistics / Business,APICS Certification,"WMS software, ERP tools, spreadsheets","Inventory Plan, Shipping Log","Logistics Assistant, Coordinator","Supply Chain Manager, Ops Head","Flipkart, Amazon, DHL","APICS, Coursera Supply Chain",BBA/Logistics/Supply Chain --> Internship --> Coordinator --> Senior Coordinator --> Manager,Logistics & Supply Chain
Machine Operator (Runs and maintains industrial machines),"machine, operator, manufacturing, production, tools, equipment, safety, mechanics, assembly, technology, maintenance, quality, factory, engineering, work","Machinery operation, safety, quality control",High School Diploma / Vocational Training,Forklift / Equipment Operator Certification,"Machine tools, safety systems","Maintenance Log, Quality Checklist","Machine Operator Trainee, Assistant","Senior Operator, Line Supervisor","Manufacturing Plants, Factories","OSHA Resources, YouTube Machine Operation",On-job Training --> Machine Operator --> Senior Operator --> Supervisor --> Manager,Manufacturing
Magician (Performs magic tricks and illusions),"magic, performance, illusion, entertainment, show, creativity, communication, stage, props, storytelling, audience, skills, arts, tricks, mystery","Performance, illusion techniques, creativity",No formal degree required,Magician Certification (optional),"Props, stage tools, marketing materials","Magic Routine, Promo Video","Assistant Magician, Performer","Headliner, Show Producer","Entertainment Companies, Self-employed","Magic Circle Resources, YouTube Tutorials",Performance Arts Training --> Apprenticeship --> Magician --> Senior Magician --> Entertainer,Entertainment & Media
Makeup Artist (Applies makeup for performances or events),"makeup, artist, cosmetics, beauty, styling, fashion, creativity, face, skin, salon, hygiene, color, customer service, design, aesthetics","Makeup application, color theory, client care",Cosmetology Diploma / Makeup Certificate,Makeup Artist Certification,"Brush sets, cosmetic products, lighting","Lookbook, Client Face Chart","Makeup Assistant, Junior Artist","Senior Artist, Studio Owner","Salons, Film Studios, Events","Makeup Academy, YouTube Tutorials",Diploma/Certificate in Makeup Artistry --> Internship --> Makeup Artist --> Senior Artist --> Studio Head,Personal Care
Management Analyst (Improves business efficiency and processes),"management, analysis, business, strategy, planning, problem solving, communication, finance, data, organization, consulting, leadership, operations, marketing, research","Problem-solving, analytics, business strategy",Bachelor? / MBA Business,Certified Management Consultant,"Excel, analytics tools, ERP systems","Business Process Analysis, Strategy Deck","Business Analyst, Junior Consultant","Management Analyst, Consulting Partner","Deloitte, McKinsey, Accenture","IMC USA, Coursera Business Strategy",BBA/MBA --> Internship --> Junior Analyst --> Management Analyst --> Consultant,Business & Consulting
Manicurist (Provides nail care and treatments),"manicure, nails, beauty, salon, care, hygiene, cosmetics, styling, fashion, customer service, grooming, design, aesthetics, health, personal care","Nail care, creativity, hygiene",Cosmetology Diploma / Nail Tech Certificate,State Manicurist License,"Nail tools, UV lamps, products","Nail Art Portfolio, Client Care Guide","Manicurist Assistant, Junior Technician","Senior Manicurist, Salon Owner","Salons, Spas, Resorts","NAILS Magazine, YouTube Tutorials",Certification/Training in Manicure --> Apprenticeship --> Manicurist --> Senior Manicurist --> Salon Owner,Personal Care
Manufacturing Engineer (Designs and improves manufacturing systems),"manufacturing, engineering, production, process, design, quality, safety, mechanics, technology, materials, automation, optimization, factory, machinery, planning","Process optimization, CAD, manufacturing systems",B.Tech / M.Tech Mechanical,Certified Manufacturing Engineer,"CAD tools, simulation software","Process Improvement Plan, CAD Design","Graduate Engineer Trainee, Process Engineer","Senior Engineer, Plant Manager","GE, Tata Motors, L&T","SME Resources, Coursera Manufacturing",BTech/BE Manufacturing Engineering --> Internship --> Junior Engineer --> Manufacturing Engineer --> Senior Engineer,Engineering
Marine Biologist (Studies sea life and ocean ecosystems),"marine, biology, ocean, ecology, environment, wildlife, research, water, fish, conservation, science, biology, fieldwork, habitat, aquatic","Marine biology, field research, conservation",B.Sc / M.Sc Marine Biology,Certified Marine Biologist,"Research vessels, lab equipment, GIS","Marine Survey, Species Catalog","Junior Biologist, Research Assistant","Senior Biologist, Program Director","ICAR, WWF, Research Institutes","NOAA Resources, Coursera Marine Biology",BSc Marine Biology --> Internship/Research --> Junior Biologist --> Marine Biologist --> Senior Biologist,Science
Market Research Analyst (Studies market trends to help businesses),"market, research, analysis, business, marketing, data, statistics, surveys, commerce, customer, trends, reporting, communication, sales, economics","Data analysis, surveys, reporting",Bachelor? / MBA Marketing / Statistics,Market Research Certification,"SPSS, Tableau, survey tools","Market Survey, Analysis Report","Research Assistant, Analyst","Senior Analyst, Research Manager","Nielsen, Kantar, Ipsos","ESOMAR, Coursera Market Research",BBA/Marketing/Statistics --> Internship --> Junior Analyst --> Market Research Analyst --> Senior Analyst,Marketing
Marketing Manager (Plans and directs marketing campaigns),"marketing, manager, business, sales, communication, advertising, strategy, branding, customer, commerce, management, finance, media, social media, leadership","Marketing strategy, branding, communication",Bachelor? / MBA Marketing,Digital Marketing Certification,"CRM tools, campaign platforms","Marketing Plan, Campaign Deck","Marketing Assistant, Coordinator","Marketing Manager, Brand Director","PepsiCo, P&G, HUL, Flipkart","AMA, HubSpot Academy",BBA/MBA Marketing --> Internship --> Marketing Executive --> Marketing Manager --> Senior Manager,Marketing
Massage Therapist (Uses touch therapy to relieve pain and stress),"massage, therapy, health, wellness, anatomy, biology, treatment, relaxation, physical, patient care, physiology, sports, medicine, communication, manual","Massage techniques, anatomy, client care",Massage Therapy Diploma,State Massage License,"Massage tables, oils, therapy tools","Treatment Plan, Client Log","Massage Therapist Trainee, Assistant","Senior Therapist, Spa Manager","Spas, Wellness Centers, Resorts","AMTA Resources, YouTube Tutorials",Certification/Massage Therapy --> Apprenticeship --> Massage Therapist --> Senior Therapist --> Clinic Manager,Personal Care
Mathematician (Studies numbers and mathematical theories),"math, mathematics, analysis, problem solving, statistics, algebra, calculus, logic, geometry, numbers, research, data, science, reasoning, education","Mathematical modeling, problem-solving, analysis",M.Sc / PhD Mathematics,Actuary or Statistics Certification,"Statistical software, MATLAB, R","Modeling Project, Research Paper","Junior Mathematician, Analyst","Senior Researcher, Professor","ISRO, DRDO, Research Institutes","AMS Resources, Coursera Mathematics",BSc/Mathematics --> Internship/Research --> Junior Mathematician --> Mathematician --> Senior Researcher,Mathematics
Mechanical Engineer (Designs mechanical systems and machines),"mechanical, engineering, design, mechanics, physics, maths, manufacturing, machines, tools, robotics, materials, technology, construction, dynamics, thermodynamics","CAD, mechanical systems, problem-solving",B.Tech / M.Tech Mechanical,CAD Certification (SolidWorks/AutoCAD),"AutoCAD, SolidWorks, simulation tools","Design Prototype, CAD Model","Junior Mechanical Engineer, Trainee","Senior Engineer, Project Manager","Siemens, L&T, Tata Motors","NPTEL, Coursera Mechanical Engineering",BTech/Mechanical Engineering --> Internship --> Junior Engineer --> Mechanical Engineer --> Senior Engineer,Engineering
Mediator (Helps resolve conflicts between parties),"mediation, conflict, resolution, communication, negotiation, psychology, law, social work, counseling, agreement, problem solving, ethics, empathy, leadership, teamwork","Conflict resolution, negotiation, empathy",Bachelor? in Law / Psychology,Mediation Certification,"Counseling tools, case management software","Case Study, Mediation Plan","Mediator Assistant, Caseworker","Senior Mediator, Practice Owner","Courts, NGOs, Corporates","ABA Mediation, Coursera Conflict Resolution",BA Law/Conflict Resolution --> Internship --> Mediator --> Senior Mediator --> Consultant,Legal & Court
Medical Assistant (Supports medical staff with patient care),"medical, assistant, healthcare, biology, patient care, anatomy, medicine, clinical, communication, support, nursing, emergency, physiology, treatment, health science","Clinical support, patient care, admin skills",Medical Assistant Certificate / Diploma,Certified Medical Assistant (CMA),"EHR systems, clinical tools","Patient Intake Form, Vital Signs Log","Medical Assistant Trainee, Clerk","Senior Assistant, Office Manager","Clinics, Hospitals, Private Practices","AAMA, Coursera Medical Assisting",Certification/Medical Assistant Course --> Internship --> Medical Assistant --> Senior Assistant --> Supervisor,Healthcare
Medical Illustrator (Creates images for medical education),"medical, illustration, anatomy, art, biology, drawing, creativity, science, communication, healthcare, education, graphics, anatomy, digital art, visualization","Medical illustration, anatomy knowledge, design",Bachelor? in Medical Illustration / Art,Certified Medical Illustrator,"Illustrator, 3D modeling tools, anatomy texts","Anatomy Illustration Series, Portfolio","Illustration Assistant, Junior Illustrator","Senior Illustrator, Studio Owner","Publishing, Medical Schools, Hospitals","AMI Resources, Skillshare Medical Illustration",Diploma in Medical Illustration --> Internship --> Junior Illustrator --> Medical Illustrator --> Senior Illustrator,Arts & Design
Medical Laboratory Scientist (Analyzes samples to diagnose diseases),"medical, laboratory, science, biology, chemistry, research, experiments, testing, analysis, healthcare, diagnostics, safety, microbiology, data, health science","Lab techniques, analysis, reporting",B.Sc / M.Sc Medical Laboratory Science,ASCP Certification,"Lab analyzers, microscopes, LIS software","Lab Analysis Report, Quality Log","Medical Lab Assistant, Technician","Senior Scientist, Lab Manager","Hospitals, Diagnostics Labs, Research Centers","ASCP Resources, Coursera Lab Science",BSc Medical Lab Science --> Internship --> Lab Scientist --> Senior Scientist --> Lab Manager,Healthcare
Medical Records Technician (Manages patient medical records),"medical, records, administration, data, health, documentation, information, organization, hospital, communication, software, accuracy, compliance, filing, confidentiality","Records management, data entry, compliance",Diploma in Health Information Management,RHIT Certification,"EHR systems, coding software","Records Audit, Data Accuracy Report","Records Clerk, Health Info Technician","Records Manager, Compliance Officer","Hospitals, Insurance Cos, Clinics","AHIMA, Coursera Health Records",Certification/Training Medical Records --> Internship --> Technician --> Senior Technician --> Manager,Healthcare
Medical Secretary (Handles clerical tasks in medical offices),"medical, secretary, administration, healthcare, communication, organization, scheduling, documentation, hospital, office, software, support, patients, records, multitasking","Medical terminology, office administration, communication",Medical Secretary Diploma / Certificate,Registered Medical Secretary (RMS),"Medical billing software, MS Office","Medical Office Workflow, Scheduling Guide","Medical Secretary Assistant, Receptionist","Senior Medical Secretary, Office Manager","Hospitals, Clinics, Healthcare Providers","AAMA Resources, Coursera Medical Admin",Diploma/Certification Medical Secretary --> Internship --> Secretary --> Senior Secretary --> Office Manager,Administrative Support
Medical Transcriptionist (Converts audio medical reports into text),"medical, transcription, typing, healthcare, documentation, communication, audio, language, transcription, accuracy, data, software, medical terminology, listening, editing","Transcription, medical terminology, typing speed",Medical Transcription Certificate,Registered Medical Transcriptionist (RMT),"Transcription software, foot pedal, word processors","Transcription Samples, Medical Reports","Transcription Assistant, Junior Transcriber","Senior Transcriptionist, Editor","Medical Transcription Companies, Hospitals","AMT Resources, Udemy Transcription",Certification/Medical Transcription --> Internship --> Transcriptionist --> Senior Transcriptionist --> Supervisor,Administrative Support
Mental Health Counselor (Provides therapy for mental health issues),"mental, health, counseling, psychology, therapy, social work, support, communication, wellbeing, patient care, psychology, emotional, behavior, guidance, health science","Counseling skills, psychology, empathy",M.A / M.Sc Counseling Psychology,Licensed Mental Health Counselor (LMHC),"Therapy tools, client management software","Counseling Session Plan, Case Notes","Junior Counselor, Therapist Assistant","Senior Counselor, Clinic Manager","Clinics, Hospitals, NGOs","APA Resources, Coursera Counseling",BA Psychology/Counseling --> Internship --> Counselor --> Senior Counselor --> Manager,Healthcare
Meteorologist (Studies weather and climate),"meteorology, weather, climate, physics, geography, environment, forecasting, data, science, atmosphere, earth science, research, analysis, maths, technology","Meteorology, atmospheric science, data analysis",B.Sc / M.Sc Meteorology,Certified Consulting Meteorologist,"Weather stations, radar, modeling software","Weather Forecast Report, Data Analysis","Meteorology Intern, Weather Observer","Senior Meteorologist, Research Scientist","IMD, Weather Channels, Research Institutes","AMS Resources, Coursera Meteorology",BSc Meteorology/Environmental Science --> Internship --> Junior Meteorologist --> Meteorologist --> Senior Meteorologist,Science
Microbiologist (Studies microscopic organisms),"microbiology, biology, lab, research, bacteria, viruses, science, experiments, health, chemistry, disease, medicine, microbiology, environment, data","Microbiology, lab techniques, research",B.Sc / M.Sc Microbiology,Certified Microbiologist,"Lab instruments, microscopes, culture media","Lab Culture Report, Microbial Analysis","Lab Technician, Research Assistant","Senior Microbiologist, Lab Manager","Hospitals, Pharma Companies, Research Labs","ASM Resources, Coursera Microbiology",BSc Microbiology --> Internship --> Junior Microbiologist --> Microbiologist --> Senior Scientist,Science
Midwife (Assists women during childbirth),"midwife, health, birth, pregnancy, anatomy, biology, medicine, patient care, nursing, support, prenatal, postnatal, physiology, emergency, healthcare","Maternal health, midwifery skills, patient care",Diploma / Degree in Midwifery,Licensed Midwife,"Maternity care equipment, fetal monitors","Patient Care Plan, Birth Assistance Log","Midwife Assistant, Junior Midwife","Senior Midwife, Clinic Manager","Hospitals, Birthing Centers, NGOs","ACNM Resources, Coursera Midwifery",Diploma/Midwifery --> Internship --> Midwife --> Senior Midwife --> Supervisor,Healthcare
Military Officer (Leads and manages military personnel),"military, officer, leadership, strategy, defense, management, communication, training, discipline, security, operations, physical fitness, planning, teamwork, tactics","Leadership, strategy, communication",Military Academy / Degree,Officer Training Certification,"Military software, tactical tools","Joint Operations Plan, Training Log","Officer Cadet, Lieutenant","Commander, Senior Officer","Armed Forces, Defense Departments","Official Military Resources, Defense Studies",Military Academy Training --> Commission --> Officer --> Senior Officer --> Command,Military & Defense
Mining Engineer (Plans mining operations and safety),"mining, engineering, geology, earth science, minerals, safety, construction, environment, mechanics, maths, technology, extraction, project management, research, surveying","Mining engineering, geology, safety",B.Tech / M.Tech Mining Engineering,Registered Professional Engineer (PE),"Mine planning software, safety gear","Mine Design Project, Safety Report","Junior Mining Engineer, Field Engineer","Senior Engineer, Project Manager","Tata Steel, Coal India, Vedanta NPTEL Mining Engineering",,BTech/Mining Engineering --> Internship --> Junior Engineer --> Mining Engineer --> Senior Engineer,Engineering
Model (Poses for photos or runway shows),"modeling, fashion, photography, runway, style, beauty, presentation, communication, creativity, fashion, makeup, body, art, marketing, public relations","Modeling techniques, fashion knowledge, presentation",No formal degree required,Modeling Agency Certification,"Photography equipment, portfolios","Fashion Portfolio, Photo Shoot","Modeling Assistant, Runway Model","Senior Model, Brand Ambassador","Agencies, Fashion Brands, Magazines","Models.com, YouTube Modeling Tutorials",Modeling Courses/Agency Training --> Portfolio --> Model --> Senior Model --> Brand Ambassador,Arts & Design
Mortgage Broker (Helps clients get home loans),"mortgage, broker, finance, loans, banking, commerce, real estate, customer service, business, credit, sales, negotiation, economics, risk, communication","Finance, sales, mortgage products",B.Com / MBA Finance,Mortgage Broker License,"Mortgage software, CRM","Loan Application Review, Client Profile","Mortgage Assistant, Loan Processor","Senior Broker, Branch Manager","Banks, NBFCs, Financial Firms","NAHREP, Coursera Finance",BBA/Finance --> Licensing --> Junior Broker --> Mortgage Broker --> Senior Broker,Finance
Motivational Speaker (Inspires audiences with speeches),"motivation, speaking, communication, leadership, coaching, inspiration, personal development, presentation, psychology, public speaking, confidence, education, training, self-help, business","Public speaking, motivation, communication",No formal degree required,Motivational Speaker Certification,"Presentation tools, video recording","Motivational Speech, Workshop Plan","Speaker Assistant, Junior Speaker","Senior Speaker, Event Organizer","Corporate Events, Conferences, NGOs","TED Talks, Tony Robbins Resources",Public Speaking Training --> Practice --> Motivational Speaker --> Senior Speaker --> Trainer,Public Speaking
Motorcycle Mechanic (Repairs and maintains motorcycles),"motorcycle, mechanic, repair, maintenance, engines, tools, mechanics, physics, engineering, safety, vehicles, technology, troubleshooting, workshop, diagnostics","Motorcycle repair, mechanical skills",Vocational Training / Apprenticeship,ASE Motorcycle Technician Certification,"Tools, diagnostic devices, repair manuals","Repair Logbook, Maintenance Checklist","Mechanic Apprentice, Junior Mechanic","Senior Mechanic, Shop Owner","Repair Shops, Dealerships, Workshops","ASE Resources, YouTube Motorcycle Repair",Vocational Training --> Apprenticeship --> Mechanic --> Senior Mechanic --> Workshop Manager,Automotive
Museum Educator (Teaches visitors about museum exhibits),"museum, education, history, art, culture, teaching, tours, communication, research, heritage, community, learning, social studies, storytelling, engagement","Museum education, communication, history",Bachelor? in Museum Studies / Education,Museum Educator Certification,"Exhibit software, presentation tools","Educational Program, Tour Guide Plan","Museum Guide, Assistant Educator","Senior Educator, Curator","Museums, Cultural Institutions","American Alliance of Museums, Coursera Museum Studies",BA/Museum Studies --> Internship --> Educator --> Senior Educator --> Curator,Education
Museum Technician (Maintains and cares for museum collections),"museum, technician, preservation, restoration, art, history, materials, conservation, tools, science, research, culture, documentation, environment, archives","Conservation, collections care, cataloging",Bachelor? in Museum Studies / Conservation,Museum Technician Certification,"Archival tools, preservation equipment","Object Conservation Report, Inventory List","Technician Assistant, Collections Assistant","Senior Technician, Curator","Museums, Archives, Research Institutes","Conservation Online, Coursera Museum Tech",Diploma/Museum Technician --> Internship --> Technician --> Senior Technician --> Manager,Museum & Archives
Music Producer (Oversees music recording and production),"music, production, recording, sound, technology, creativity, mixing, audio, media, composition, instruments, software, entertainment, digital, performance","Music production, audio engineering, software",Bachelor? in Music Technology / Production,Certified Audio Engineer,"DAWs (Ableton, Logic Pro), MIDI controllers","Track Production, Remix Project","Assistant Producer, Sound Engineer","Senior Producer, Music Director","Studios, Labels, Media Companies","Berklee Online, YouTube Music Production",Diploma/Music Production --> Internships --> Assistant Producer --> Music Producer --> Senior Producer,Entertainment & Media
Music Teacher (Teaches music skills and theory),"music, teaching, instruments, education, theory, performance, communication, creativity, arts, student, music, culture, training, practice, lessons","Music theory, teaching methods, instruments",Bachelor? / Master? Music Education,Music Teacher Certification,"Music software, instruments, notation tools","Lesson Plan, Student Recital","Teaching Assistant, Junior Music Teacher","Senior Teacher, Department Head","Schools, Colleges, Private Academies","NAfME, Coursera Music Education",BA/Music Education --> Teaching Certification --> Music Teacher --> Senior Teacher --> Head of Department,Education
Musician (Performs or composes music),"music, performance, instruments, singing, creativity, arts, entertainment, stage, practice, culture, composition, music theory, audience, training, rehearsal","Instrument skills, performance, collaboration",No formal degree required,Professional Musician Certification,"Musical instruments, recording software","Demo Recording, Performance Portfolio","Band Member, Session Musician","Solo Artist, Music Director","Record Labels, Orchestras, Studios","YouTube Tutorials, Music Theory Books",Musical Training --> Performances --> Musician --> Senior Musician --> Composer/Producer,Entertainment & Media
Nanny (Cares for children in private homes),"childcare, nanny, children, care, support, safety, development, education, communication, family, responsibility, early learning, psychology, health, nurturing","Childcare, safety, development",High School Diploma / Childcare Certificate,CPR and First Aid Certification,"Nursery tools, learning materials","Child Activity Plan, Daily Log","Nanny Assistant, Caregiver","Senior Nanny, Childcare Manager","Private Families, Daycare Centers, Schools","CNA Resources, Coursera Childcare",Certification/Nanny Training --> Apprenticeship --> Nanny --> Senior Nanny --> Manager,Childcare
Naturopathic Doctor (Uses natural treatments to improve health),"naturopathic, doctor, alternative, medicine, health, wellness, biology, treatment, anatomy, natural, therapy, patient care, nutrition, holistic, prevention","Holistic health, natural therapies, patient care",ND Degree (Naturopathy) / Diploma,Board Certified Naturopathic Doctor (ND),"Herbal remedies, diagnostic tools, patient records","Treatment Plan, Case Studies","Clinic Assistant, Naturopathic Intern","Senior ND, Clinic Owner","Wellness Centers, Clinics, Private Practice","American Association of Naturopathic Physicians, Coursera Alternative Medicine",Bachelor? in Naturopathy --> Internship --> Practitioner --> Senior Practitioner --> Clinic Owner,Healthcare
Naval Architect (Designs ships and marine vessels),"naval, architecture, ship, design, engineering, mechanics, physics, construction, maths, maritime, structure, technology, ocean, safety, innovation","Naval architecture, marine engineering, design",B.Tech / M.Tech Naval Architecture,Professional Engineer (PE),"AutoCAD, marine design software","Ship Design Project, Stability Analysis","Junior Naval Architect, Trainee","Senior Architect, Project Manager","Marine Engineering Firms, Shipyards","SAE Resources, Coursera Naval Architecture",BTech/Naval Architecture --> Internship --> Junior Architect --> Naval Architect --> Senior Architect,Engineering
Network Administrator (Manages computer networks),"network, administration, IT, computers, security, systems, communication, hardware, software, troubleshooting, data, management, technology, servers, support","Networking, systems administration, troubleshooting",B.Tech / B.Sc IT / Computer Science,"CCNA, CompTIA Network+","Networking tools, monitoring software","Network Setup, Security Audit","Network Administrator, Junior SysAdmin","Senior Admin, Network Architect","TCS, Wipro, IBM, Cisco","CCNA Resources, Coursera Networking",BSc CS/Networking --> Certification --> Junior Admin --> Network Administrator --> Senior Admin,Technology
News Anchor (Presents news on TV or radio),"news, anchor, journalism, reporting, media, communication, public speaking, news, writing, broadcasting, camera, TV, radio, interview, editing","Broadcasting, communication, public speaking",Bachelor? in Journalism / Mass Communication,Broadcast Journalism Certification,"Studio equipment, editing software","News Segment, Interview Script","News Intern, Reporter","Anchor, News Editor","TV Channels, News Agencies","PEJ Resources, Coursera Journalism",BA/Journalism/Communications --> Internship --> Junior Anchor --> News Anchor --> Senior Anchor,Media & Broadcasting
Nonprofit Manager (Leads nonprofit organizations),"nonprofit, management, organization, fundraising, communication, social work, planning, leadership, community, events, budgeting, advocacy, volunteer, marketing, grant writing","Leadership, nonprofit management, fundraising",Bachelor? in Public Administration / Social Work,Nonprofit Management Certification,"CRM tools, fundraising software","Fundraising Campaign Plan, Outreach Program","Program Assistant, Coordinator","Program Manager, Executive Director","NGOs, Charities, Foundations","NonprofitReady, Coursera Nonprofit Management",BBA/Nonprofit Management --> Internship --> Coordinator --> Manager --> Director,Nonprofit & Community
Nuclear Engineer (Works with nuclear energy and safety),"nuclear, engineering, physics, chemistry, energy, safety, technology, maths, radiation, research, mechanics, environment, power, design, science","Nuclear physics, engineering, safety",B.Tech / M.Tech Nuclear Engineering,Professional Engineer (PE),"Nuclear reactors, simulation software","Reactor Design, Safety Report","Junior Nuclear Engineer, Trainee","Senior Engineer, Plant Manager","DAE, NPCIL, Bhabha Atomic Research Centre","ANS Resources, Coursera Nuclear Engineering",BTech/Nuclear Engineering --> Internship --> Junior Engineer --> Nuclear Engineer --> Senior Engineer,Engineering
Nurse Anesthetist (Administers anesthesia during medical procedures),"nurse, anesthetist, medicine, patient care, biology, physiology, health science, clinical, surgery, medication, healthcare, emergency, treatment, safety, nursing","Anesthesia, nursing, patient monitoring",Master? Nursing / Nurse Anesthetist Program,Certified Registered Nurse Anesthetist (CRNA),"Anesthesia machines, monitoring tools","Anesthesia Care Plan, Patient Monitoring","Nurse Anesthetist Trainee, RN","Senior CRNA, Nurse Manager","Hospitals, Surgical Centers","American Association of Nurse Anesthetists, Coursera Nursing",Nursing Degree + Anesthesia Specialization --> Internship --> Nurse Anesthetist --> Senior Nurse --> Supervisor,Healthcare
Nurse Practitioner (Provides advanced nursing care and treatment),"nurse, practitioner, medicine, patient care, biology, clinical, diagnosis, treatment, health science, communication, emergency, physiology, nursing, healthcare, care","Advanced nursing, clinical practice, diagnostics",Master? Nursing / Nurse Practitioner Program,NP License,"Diagnostic tools, EHR systems, medical devices","Patient Care Plan, Clinical Assessment","Nurse Practitioner Trainee, RN","Senior NP, Clinical Director","Hospitals, Clinics, Primary Care Centers","ANCC, Coursera Nurse Practitioner",Nursing Degree + Advanced Practice Certification --> Internship --> Nurse Practitioner --> Senior Nurse --> Supervisor,Healthcare
Nurse (Cares for patients and supports doctors),"nurse, health, patient care, medicine, biology, clinical, anatomy, physiology, emergency, communication, treatment, hospital, health science, caregiving, nursing","Patient care, nursing skills, healthcare knowledge",Diploma / Degree in Nursing,Registered Nurse (RN) License,"Medical devices, patient monitoring systems","Patient Care Log, Vital Signs Chart","Staff Nurse, Nurse Aide","Senior Nurse, Nurse Manager","Hospitals, Clinics, Nursing Homes","ANA Resources, Coursera Nursing",Nursing Degree --> Internship --> Nurse --> Senior Nurse --> Nurse Manager,Healthcare
Nutritionist (Advises on healthy eating and diet),"nutrition, diet, health, food science, biology, chemistry, wellness, patient care, biology, physiology, counseling, education, health science, lifestyle, prevention","Nutrition science, counseling, diet planning",B.Sc / M.Sc Nutrition & Dietetics,Registered Dietitian Nutritionist (RDN),"Nutrition software, dietary tools","Diet Plan, Nutritional Assessment","Nutrition Assistant, Dietetic Technician","Senior Dietitian, Clinic Manager","Hospitals, Wellness Centers, Sports Teams","AND Resources, Coursera Nutrition",BSc Nutrition/Dietetics --> Internship --> Nutritionist --> Senior Nutritionist --> Consultant,Healthcare
Occupational Therapist (Helps patients regain daily living skills),"occupational, therapy, rehabilitation, health, therapy, patient care, psychology, anatomy, biology, communication, support, physical therapy, disability, education, counseling","Therapy techniques, rehabilitation, patient care",Bachelor? / Master? Occupational Therapy,OT License,"Therapy equipment, patient management software","Treatment Plan, Progress Notes","OT Assistant, Therapy Aide","Senior OT, Clinic Director","Hospitals, Rehab Centers, Schools","AOTA Resources, Coursera OT",Bachelor? in Occupational Therapy --> Clinical Training --> Occupational Therapist --> Senior Therapist --> Manager,Healthcare
Oceanographer (Studies oceans and marine environments),"ocean, water, research, environment, marine, earth science, biology, ecology, climate, physics, geology, conservation, mapping, science, fieldwork","Oceanography, marine science, research",B.Sc / M.Sc Oceanography,Marine Science Certification,"Research vessels, sampling tools, GIS","Ocean Survey Report, Data Analysis","Junior Oceanographer, Research Assistant","Senior Scientist, Project Leader","Research Institutes, Govt Agencies, NGOs","NOAA Resources, Coursera Oceanography",BSc Oceanography/Marine Science --> Internship --> Junior Oceanographer --> Oceanographer --> Senior Scientist,Science
Office Manager (Oversees daily operations of an office),"office, management, administration, organization, communication, scheduling, business, planning, finance, coordination, leadership, support, clerical, software, teamwork","Leadership, organization, communication",BBA / Diploma in Office Management,Project Management Certification,"MS Office, scheduling tools, ERP","Office Workflow Plan, Event Coordination","Office Assistant, Coordinator","Office Manager, Admin Head","Corporates, SMEs, Educational Institutes","PMI Resources, Coursera Office Management",Diploma/BBA/Experience --> Assistant --> Office Manager --> Senior Manager --> Director,Administrative Support
Operations Manager (Manages business processes and efficiency),"operations, management, business, planning, logistics, efficiency, coordination, communication, strategy, finance, leadership, organization, production, supervision, problem solving","Process improvement, leadership, analytics",Bachelor? / MBA Operations Management,"Lean Six Sigma, PMP","ERP software, CRM, analytics tools","Process Mapping, Operations Report","Operations Analyst, Coordinator","Operations Manager, Director","Amazon, Flipkart, TCS","ASQ Resources, Coursera Operations",BBA/MBA/Experience --> Coordinator --> Operations Manager --> Senior Manager --> Executive,Business & Operations
Optician (Fits and sells eyeglasses and contact lenses),"optician, vision, glasses, lenses, optics, healthcare, biology, anatomy, patient care, measurement, eye care, tools, health science, customer service, prescription","Optical dispensing, customer service, eye health",Diploma in Opticianry,Optician License,"Lensmeters, frame fitting tools, software","Lens Fitting Project, Customer Consultation","Optician Assistant, Trainee","Senior Optician, Store Manager","Optical Chains, Hospitals","American Board of Opticianry, Coursera Eye Care",Diploma/Optician Certification --> Apprenticeship --> Optician --> Senior Optician --> Manager,Healthcare
Optometrist (Tests vision and prescribes corrective lenses),"optometrist, eye, vision, healthcare, anatomy, biology, diagnosis, treatment, patient care, optics, health science, diseases, examination, clinical, optics","Eye exams, diagnostics, patient care",Doctor of Optometry (OD),Optometrist License,"Phoropter, retinal imaging, EHR","Visual Acuity Test, Patient Record","Optometry Intern, Assistant","Optometrist, Clinic Owner","Eye Care Centers, Hospitals","AOA Resources, Coursera Optometry",BSc/Optometry --> Clinical Training --> Optometrist --> Senior Optometrist --> Consultant,Healthcare
Oral Surgeon (Performs surgery on mouth and jaw),"oral, surgeon, dentistry, surgery, health science, anatomy, biology, patient care, diagnosis, treatment, clinical, medicine, health, teeth, medical","Surgical skills, dental anatomy, patient care",Dental Degree (BDS) / MDS Oral Surgery,Oral Surgeon License,"Surgical tools, 3D imaging, anesthesia","Extraction Procedure Plan, Surgical Simulation","Oral Surgery Intern, Assistant","Oral Surgeon, Dept Head","Dental Clinics, Hospitals","ADA Resources, Coursera Oral Surgery",Dental Degree + Oral Surgery Specialization --> Internship --> Oral Surgeon --> Senior Surgeon --> Consultant,Healthcare
Orderly (Assists with patient care in hospitals),"orderly, hospital, patient care, support, healthcare, cleaning, assistance, safety, communication, nursing, biology, hygiene, teamwork, physical care, emergency","Patient care, transport, communication",High School Diploma / CNA Certification,CPR Certification,"Patient transfer equipment, communication devices","Patient Transport Checklist, Safety Protocol","Orderly Assistant, Patient Aide","Orderly Supervisor, Patient Care Coordinator","Hospitals, Care Homes, Clinics","AHA Resources, Coursera Patient Care",On-the-job Training --> Assistant --> Orderly --> Senior Orderly --> Supervisor,Healthcare
Organizer (Helps people arrange and declutter spaces or events),"organizer, events, planning, communication, scheduling, management, coordination, business, time management, creativity, teamwork, marketing, logistics, customer service, leadership","Event planning, coordination, multitasking",No formal degree required,Project Management Certification,"Event management software, spreadsheets","Event Plan, Budget Sheet","Event Coordinator, Assistant","Senior Coordinator, Event Manager","Event Companies, NGOs, Corporates","PMI Resources, Coursera Event Management",Diploma/Certificate in Event Management --> Intern --> Organizer --> Senior Organizer --> Manager,Personal Services
Orthodontist (Straightens teeth using braces or aligners),"orthodontist, dentistry, teeth, braces, health science, biology, anatomy, patient care, diagnosis, treatment, clinical, medicine, health, correction, dental","Dental anatomy, orthodontic techniques, patient care",Dental Degree (BDS) / MDS Orthodontics,Orthodontist License,"Braces tools, 3D imaging, CAD software","Treatment Plan, Patient Monitoring","Orthodontist Intern, Assistant","Orthodontist, Clinic Head","Dental Clinics, Hospitals","AAO Resources, Coursera Orthodontics",Dental Degree + Orthodontics Specialization --> Internship --> Orthodontist --> Senior Orthodontist --> Consultant,Healthcare
Orthopedic Surgeon (Treats bone and joint problems with surgery),"orthopedic, surgeon, surgery, bones, anatomy, medicine, health science, treatment, diagnosis, patient care, biology, clinical, health, trauma, operation","Surgical skills, orthopedic anatomy, patient care",Medical Degree (MBBS) + MS Orthopedics,Orthopedic Surgeon License,"Surgical instruments, imaging, EHR","Fracture Repair Plan, Surgery Simulation","Orthopedic Surgery Intern, Assistant","Orthopedic Surgeon, Department Head","Hospitals, Trauma Centers","AAOS Resources, Coursera Orthopedics",Medical Degree + Orthopedic Specialization --> Internship --> Orthopedic Surgeon --> Senior Surgeon --> Consultant,Healthcare
Painter (Creates art with paint or decorates surfaces),"painter, art, creativity, colors, design, brushes, drawing, visual arts, decoration, aesthetics, home, construction, crafts, painting, finishing","Painting techniques, color theory, surface prep",High School Diploma / Vocational Training,Artist Certification (optional),"Paint brushes, rollers, safety equipment","Wall Painting Project, Art Portfolio","Painter Assistant, Junior Painter","Senior Painter, Project Lead","Construction Cos, Art Studios","YouTube Tutorials, Skillshare Painting",Vocational Training --> Apprenticeship --> Painter --> Senior Painter --> Supervisor,Arts & Design
Paralegal (Assists lawyers with legal research and documents),"paralegal, law, legal, research, documentation, communication, court, contracts, investigation, writing, support, justice, litigation, advocacy, administration","Legal research, documentation, communication",Paralegal Certificate / Diploma,Paralegal Certification,"Legal databases, case management software","Case Summary, Legal Research Report","Paralegal Assistant, Legal Clerk","Senior Paralegal, Legal Manager","Law Firms, Corporates","NPBA Resources, Coursera Paralegal Studies",Diploma/Paralegal Certification --> Internship --> Paralegal --> Senior Paralegal --> Manager,Legal & Court
Park Ranger (Protects parks and guides visitors),"park, ranger, environment, conservation, wildlife, forest, biology, ecology, protection, safety, research, education, nature, outdoor, law enforcement","Environmental science, conservation, public education",B.Sc Forestry / Environmental Science,Park Ranger Certification,"Field tools, GIS, wildlife monitoring","Patrol Log, Visitor Guide","Park Assistant, Ranger Trainee","Senior Ranger, Park Manager","National Parks, Wildlife Agencies","NRPA Resources, Coursera Environmental Science",Diploma/Environmental Science --> Internship --> Park Ranger --> Senior Ranger --> Supervisor,Environmental Science
Patent Attorney (Helps clients get legal rights for inventions),"patent, attorney, law, intellectual property, research, legal, invention, contracts, communication, writing, advocacy, business, technology, patent law, analysis","Patent law, IP management, technical writing",Law Degree + Patent Bar Exam,Registered Patent Attorney,"Patent databases, legal research software","Patent Application Draft, Case Study","Patent Clerk, Junior Attorney","Senior Patent Attorney, IP Manager","IP Firms, Corporates, Govt Patent Offices","AIPLA Resources, Coursera Intellectual Property",Law Degree + Patent Law Training --> Internship --> Patent Attorney --> Senior Attorney --> Partner,Legal & Court
Pathologist (Studies diseases by examining tissues and samples),"pathologist, medicine, diagnosis, laboratory, biology, anatomy, disease, health science, research, clinical, patient care, testing, pathology, medical science, health","Disease diagnosis, pathology techniques, lab management",Medical Degree (MBBS) + MD Pathology,Pathologist License,"Microscopes, lab analyzers, LIS software","Biopsy Report, Diagnostic Case Study","Pathology Intern, Lab Assistant","Senior Pathologist, Dept Head","Hospitals, Labs, Research Institutes","ASHI Resources, Coursera Pathology",Medical Degree + Pathology Specialization --> Internship --> Pathologist --> Senior Pathologist --> Consultant,Healthcare
Pediatrician (Provides medical care for children),"pediatrician, child, medicine, health, anatomy, biology, diagnosis, treatment, clinical, patient care, health science, immunization, development, biology, nursing","Pediatrics, child healthcare, diagnostics",Medical Degree (MBBS) + MD Pediatrics,Pediatrician License,"Diagnostic tools, EHR, vaccines","Child Health Assessment, Vaccination Record","Pediatric Intern, Resident","Pediatrician, Clinic Director","Hospitals, Clinics, NGOs","AAP Resources, Coursera Pediatrics",Medical Degree + Pediatrics Specialization --> Internship --> Pediatrician --> Senior Pediatrician --> Consultant,Healthcare
Personal Assistant (Supports individuals with daily tasks and scheduling),"personal, assistant, organization, communication, scheduling, management, support, office, multitasking, business, administration, coordination, travel, planning, time management","Organization, scheduling, communication",Diploma / Certificate in Administration,Project Management Certification,"Calendar apps, office software, communication tools","Schedule Plan, Meeting Coordination","Assistant, Personal Secretary","Personal Assistant, Executive Assistant","Corporates, SMEs, Celebrities","PMI Resources, Coursera Office Management",Diploma/Office Training --> Assistant --> Personal Assistant --> Senior Assistant --> Executive Assistant,Administrative Support
Personal Trainer (Helps clients improve fitness and health),"personal, trainer, fitness, health, exercise, anatomy, physiology, wellness, coaching, nutrition, physical education, training, motivation, lifestyle, sports","Fitness training, anatomy, client motivation",Certified Personal Trainer (CPT),"ACE, NASM Certification","Fitness equipment, workout apps","Workout Plan, Client Progress Tracker","Trainer Assistant, Junior Trainer","Personal Trainer, Gym Manager","Anytime Fitness, Gold? Gym, Cult","Fitness Certifications, YouTube Workouts",Certification/Training --> Practice --> Personal Trainer --> Senior Trainer --> Manager,Sports & Fitness
Pest Control Technician (Removes pests from buildings and homes),"pest, control, technician, insects, bugs, chemicals, biology, environment, safety, removal, home, hygiene, treatment, pest management, extermination","Pest identification, chemical handling, safety",Vocational Training / Pest Control License,State Pesticide Applicator License,"Pest control chemicals, safety gear","Treatment Plan, Safety Report","Pest Control Technician Trainee, Assistant","Senior Technician, Supervisor","Pest Control Firms, Facilities Management","NPMA Resources, OSHA Pesticide Safety",Certification/Pest Control Training --> Apprenticeship --> Technician --> Senior Technician --> Manager,Pest Control
Pet Groomer (Bathes and styles animals),"pet, groomer, animals, care, hygiene, styling, pets, health, communication, grooming, safety, customer service, beauty, handling, training","Animal care, grooming techniques, client service",Vocational Training / Certification,Pet Groomer License,"Grooming tools, clippers, cleaning supplies","Grooming Checklist, Pet Care Guide","Assistant Groomer, Trainee","Senior Groomer, Salon Owner","Salons, Veterinary Clinics, Pet Stores","IPG Resources, YouTube Grooming Tutorials",Certification/Pet Grooming --> Apprenticeship --> Groomer --> Senior Groomer --> Salon Owner,Animal Care
Pharmacist (Prepares and dispenses medications),"pharmacist, medicine, pharmacy, health, biology, chemistry, drugs, prescriptions, healthcare, patient care, medication, science, safety, clinical, treatment","Pharmacology, dispensing, patient counseling",Pharmacy Degree (B.Pharm / Pharm.D),Registered Pharmacist License,"Pharmacy software, drug databases","Prescription Review, Medication Counseling","Pharmacy Assistant, Intern","Pharmacist, Pharmacy Manager","Hospitals, Retail Pharmacies, Pharma Companies","PharmD Resources, Coursera Pharmacy",Pharmacy Degree --> Internship --> Pharmacist --> Senior Pharmacist --> Manager,Healthcare
Pharmacy Technician (Assists pharmacists in preparing medicines),"pharmacy, technician, medicine, pharmacy, healthcare, chemistry, prescriptions, drugs, patient care, health science, safety, inventory, communication, clinical, support","Medication dispensing, record keeping, safety",Diploma / Certificate Pharmacy Technician,Pharmacy Technician Certification,"Dispensing software, labeling tools","Medication Prep Log, Patient Records","Pharmacy Technician Trainee, Assistant","Senior Technician, Supervisor","Hospitals, Pharmacies, Clinics","PTEC Resources, Coursera Pharmacy Tech",Diploma/Pharmacy Technician Certification --> Internship --> Technician --> Senior Technician --> Supervisor,Healthcare
Philanthropy Officer (Raises funds and manages charitable giving),"philanthropy, fundraising, nonprofit, communication, management, charity, community, events, marketing, leadership, organization, social work, grant writing, advocacy, planning","Fundraising, donor relations, communication",Bachelor? / Master? Nonprofit Management,Philanthropy Certification,"CRM tools, fundraising platforms","Donation Campaign, Event Plan","Development Assistant, Fundraiser","Senior Officer, Director","NGOs, Foundations, Charities","AFP Resources, Coursera Fundraising",BA/Master? in Nonprofit Management --> Internship --> Officer --> Senior Officer --> Director,Nonprofit & Community
Philosopher (Studies ideas about life and existence),"philosophy, thinking, logic, ethics, reasoning, debate, writing, critical thinking, humanities, education, communication, social science, history, research, analysis","Critical thinking, ethics, writing",Philosophy Degree (BA / MA),Teaching Certification (optional),"Research databases, writing tools","Philosophical Essay, Discussion Guide","Research Assistant, Teaching Assistant","Senior Lecturer, Author","Universities, Think Tanks, Publishing","Harvard Philosophy Resources, Open Yale Courses",BA/Philosophy --> Graduate Studies --> Researcher --> Senior Researcher --> Professor,Education
Photo Editor (Improves and edits photographs),"photo, editor, photography, editing, media, digital, software, creativity, color, image, retouching, design, arts, communication, publishing","Photo editing, color correction, software skills",Diploma / Certificate in Photography,Adobe Certified Expert,"Adobe Photoshop, Lightroom, Capture One","Photo Retouch Project, Portfolio Editor Assistant, Junior Editor","Senior Editor, Studio Manager","Studios, Media Houses, Freelance","Adobe Tutorials, Phlearn",,Diploma/Photo Editing Software Training --> Internship --> Photo Editor --> Senior Editor --> Manager,Media & Broadcasting
Photographer (Takes professional photos),"photographer, photography, camera, visual arts, creativity, composition, lighting, media, digital, events, portrait, nature, studio, arts, editing","Photography, composition, lighting, editing",Bachelor? / Diploma in Photography,Photography Certification,"Cameras, lighting, editing software","Photo Shoot, Portfolio","Photography Assistant, Junior Photographer","Senior Photographer, Studio Owner","Studios, Media, Advertising Agencies","NPPA Resources, YouTube Photography Tutorials",Diploma/Photography Course --> Internship --> Photographer --> Senior Photographer --> Studio Owner,Arts & Design
Physical Therapist (Helps patients recover movement and strength),"physical, therapist, rehabilitation, therapy, anatomy, biology, health science, patient care, exercise, treatment, wellness, clinical, communication, injury, physiology","Rehabilitation, anatomy, therapy techniques",Master? in Physical Therapy,PT License,"Therapy equipment, EHR software","Treatment Plan, Progress Report","PT Assistant, Therapy Aide","Senior PT, Clinic Manager","Hospitals, Clinics, Sports Centers","APTA Resources, Coursera Physical Therapy",Bachelor? + Physical Therapy Program --> Clinical Internship --> Therapist --> Senior Therapist --> Clinic Manager,Healthcare
Physician Assistant (Provides medical care under a doctor? supervision),"physician, assistant, medicine, health, diagnosis, patient care, clinical, anatomy, biology, treatment, healthcare, medical, communication, emergency, nursing","Clinical support, diagnostics, patient care",Master? Physician Assistant Program,PA Certification,"Diagnostic tools, EHR systems","Patient Assessment, Case Study","PA Intern, Medical Assistant","Senior PA, Clinic Supervisor","Hospitals, Clinics, Healthcare Providers","AAPA Resources, Coursera PA Training",Bachelor? + PA Program --> Clinical Internship --> Physician Assistant --> Senior PA --> Supervisor,Healthcare
Physician (Diagnoses and treats illnesses),"physician, medicine, health, diagnosis, treatment, patient care, biology, anatomy, clinical, emergency, healthcare, pharmacology, surgery, medical ethics, nursing","Medical diagnosis, patient care, clinical skills",Medical Degree (MBBS),Medical License,"Hospital equipment, EHR, diagnostic tools","Patient Case File, Diagnosis Report","Intern, Resident Physician","Specialist Doctor, Consultant Hospitals, Clinics, Research Centers","WHO, Medscape, Coursera Medicine",,Medical Degree --> Internship --> Physician --> Senior Physician --> Consultant,Healthcare
"Physicist (Studies matter, energy, and the laws of physics)","physicist, physics, research, science, mathematics, experiments, theory, technology, education, data, analysis, mechanics, energy, particles, quantum","Physics, research, experimentation, analysis",B.Sc / M.Sc / PhD Physics,Professional Certification (optional),"Lab instruments, simulation software","Physics Experiment, Research Paper","Junior Researcher, Lab Assistant","Senior Scientist, Professor","Research Institutes, Universities","APS Resources, Coursera Physics",BSc Physics --> Graduate Studies --> Junior Physicist --> Physicist --> Senior Researcher,Science
Pilot (Flies airplanes or helicopters),"pilot, aviation, flying, navigation, communication, safety, travel, physics, meteorology, control, airline, training, geography, equipment, emergency","Pilot training, navigation, safety",Commercial Pilot License (CPL),ATPL License,"Flight simulators, avionics, radar systems","Flight Simulation, Navigation Plan","Trainee Pilot, Co-pilot","Commercial Pilot, Captain","Airlines, Charter Companies","FAA Resources, Flight School Training",Pilot Training --> Flight School --> Co-Pilot --> Pilot --> Senior Pilot,Transportation
Pipefitter (Installs and repairs industrial pipes),"pipefitter, plumbing, installation, repair, tools, construction, maintenance, safety, mechanics, welding, blueprints, engineering, building, equipment, water","Welding, pipe installation, blueprint reading",Vocational Training / Apprenticeship,Pipefitter Certification,"Welding tools, pipe benders, safety gear","Pipe Installation Project, Blueprint Reading","Pipefitter Apprentice, Helper","Senior Pipefitter, Foreman","Construction Companies, Industrial Plants","OSHA Resources, YouTube Pipefitting",Vocational Training --> Apprenticeship --> Pipefitter --> Senior Pipefitter --> Supervisor,Construction & Trades
Plumber (Installs and fixes water and drainage systems),"plumber, plumbing, repair, installation, pipes, maintenance, tools, safety, construction, water, sanitation, building, mechanics, troubleshooting, service","Plumbing systems, repair, installation",Vocational Training / Apprenticeship,Plumbing License,"Plumbing tools, pipe cutters, CAD software","Pipe Layout, Leak Repair","Plumber Apprentice, Helper","Senior Plumber, Project Supervisor","Construction Cos, Municipalities, Housing","PHCC Resources, Coursera Plumbing",Vocational Training --> Apprenticeship --> Plumber --> Senior Plumber --> Contractor,Construction & Trades
Podiatrist (Treats foot and ankle problems),"podiatrist, medicine, feet, anatomy, health, diagnosis, treatment, biology, clinical, patient care, health science, surgery, orthopedics, rehabilitation, podiatry","Foot anatomy, diagnostics, patient care",Degree in Podiatry,License to Practice Podiatry,"Diagnostic tools, orthotics fabrication","Podiatric Assessment, Treatment Plan","Podiatry Intern, Assistant","Podiatrist, Clinic Owner","Hospitals, Clinics, Private Practice","APMA Resources, Coursera Podiatry",Medical Degree + Podiatry Specialization --> Internship --> Podiatrist --> Senior Podiatrist --> Consultant,Healthcare
Police Officer (Protects the public and enforces laws),"police, officer, law enforcement, safety, crime, investigation, communication, public service, security, patrol, justice, teamwork, emergency, community, authority","Law enforcement, investigation, public safety",Police Academy / Degree,Police Certification,"Body cams, communication radios, databases","Patrol Report, Incident Documentation","Police Officer Trainee, Patrol Officer","Senior Officer, Detective, Chief","Police Departments, Govt Agencies","PoliceOne Academy, Coursera Criminal Justice",Police Academy --> Training --> Officer --> Senior Officer --> Chief,Law Enforcement
Policy Analyst (Studies policies and recommends improvements),"policy, analyst, government, research, communication, analysis, public policy, economics, data, legislation, social science, report, strategy, politics, evaluation","Policy research, analysis, communication",Bachelor? / Master? Public Policy,Policy Analyst Certification,"Statistical software, policy databases","Policy Brief, Data Analysis","Research Assistant, Analyst","Senior Analyst, Policy Advisor","Govt Agencies, Think Tanks, NGOs","Brookings Resources, Coursera Public Policy",BA/Political Science --> Internship --> Policy Analyst --> Senior Analyst --> Consultant,Public Policy
Political Scientist (Researches political systems and theories),"political, scientist, politics, government, research, analysis, communication, policy, history, social science, international relations, data, leadership, democracy, theory","Political theory, research, data analysis",Bachelor? / Master? Political Science,No formal certification,"Research databases, survey tools","Political Analysis Paper, Campaign Study","Research Assistant, Analyst","Senior Researcher, Professor","Universities, Research Institutes","APS Resources, Coursera Political Science",BA/Political Science --> Graduate Studies --> Researcher --> Senior Researcher --> Professor,Social Science
Portfolio Manager (Manages investment portfolios for clients),"portfolio, manager, finance, investments, stocks, analysis, risk, business, economics, banking, money, client, management, trading, strategy","Investment management, finance, analysis",Bachelor? / MBA Finance,CFA Certification,"Financial software, Bloomberg Terminal","Portfolio Analysis, Investment Report","Analyst, Junior Portfolio Manager","Senior Portfolio Manager, Fund Manager","Investment Firms, Banks, Hedge Funds","CFA Institute, Coursera Finance",BBA/Finance --> Internship --> Analyst --> Portfolio Manager --> Senior Manager,Finance
Postsecondary Teacher (Teaches college or university courses),"postsecondary, teacher, education, university, research, communication, teaching, subjects, curriculum, students, academic, writing, presentation, exams, learning","Teaching, research, communication",Master? / PhD Subject Specialization,Teaching Certification (optional),"LMS, research databases, presentation tools","Lesson Plan, Research Paper","Graduate Assistant, Lecturer","Senior Lecturer, Professor","Universities, Colleges","OpenCourseWare, Coursera Teaching",Master?/PhD --> Teaching Assistant --> Lecturer --> Postsecondary Teacher --> Professor,Education
PR Specialist (Manages public relations and media communication),"public, relations, specialist, communication, marketing, media, branding, social media, events, reputation, strategy, advertising, writing, customer service, business","Public relations, communication, media relations",Bachelor? / Master? Communications,PR Certification,"Media monitoring tools, social media platforms","Press Release, PR Campaign","PR Assistant, Junior Specialist","Senior PR Specialist, PR Manager","Agencies, Corporates, Media Houses","PRSA Resources, Coursera PR",BA/Communications --> Internship --> Specialist --> PR Specialist --> Manager,Marketing & Communications
Preschool Teacher (Teaches young children basic skills),"preschool, teacher, children, education, early learning, development, communication, psychology, play, safety, teaching, childcare, creativity, social skills, curriculum","Early childhood education, child development",Diploma / Bachelor? Early Childhood Education,Teaching License,"Teaching aids, classroom software","Lesson Plan, Activity Guide","Teacher Assistant, Preschool Aide","Preschool Teacher, Head Teacher","Schools, Daycare Centers","NAEYC Resources, Coursera Early Childhood Ed",Diploma/BA Education --> Internship --> Teacher --> Senior Teacher --> Principal,Education
Priest (Leads religious services and offers spiritual support),"priest, religion, spirituality, community, faith, communication, leadership, ethics, counseling, ritual, theology, social studies, public speaking, culture, service","Religious studies, counseling, leadership",Theology Degree / Seminary Training,Ordination Certificate,"Religious texts, communication tools","Sermon Plan, Community Outreach","Pastoral Assistant, Deacon","Priest, Pastor, Religious Leader","Churches, Religious Organizations","Church Resources, Theological Books",Theology Degree/Training --> Internship --> Priest --> Senior Priest --> Bishop,Religion & Spirituality
Principal (Leads and manages a school),"principal, school, management, leadership, education, administration, communication, planning, staff, curriculum, discipline, organization, policy, student, supervision","Educational leadership, management, communication",Master? in Education Administration,Principal Certification,"School management software, communication tools","School Improvement Plan, Staff Coordination","Assistant Principal, Teacher","Principal, District Administrator","Schools, Education Boards","ASCD Resources, Coursera Educational Leadership",BA Education/Administration --> Internship --> Assistant Principal --> Principal --> Senior Principal,Education
Private Detective (Investigates cases for private clients),"private, detective, investigation, law, research, surveillance, communication, evidence, security, problem solving, observation, reporting, legal, justice, crime","Investigation, research, surveillance techniques",Vocational Training / Law Enforcement,Private Investigator License,"Surveillance equipment, databases, reporting tools","Case File, Surveillance Report","Investigator Assistant, Junior PI","Senior Investigator, PI Firm Owner","Private Firms, Security Agencies","PI Resources, Coursera Investigation",Diploma/Criminal Justice --> Training --> Detective --> Senior Detective --> Supervisor,Law Enforcement
Private Tutor (Provides one-on-one academic instruction),"private, tutor, teaching, education, subjects, communication, student, learning, homework, support, exams, knowledge, mentoring, skills, curriculum","Subject expertise, teaching skills",Bachelor? / Master? Subject Specialization,Teaching Certification,"Tutoring platforms, lesson planning tools","Individual Lesson Plan, Assessment Reports","Tutor Assistant, Junior Tutor","Senior Tutor, Educational Consultant","Private Tutoring Firms, Freelance","Khan Academy, Coursera Tutoring",BA/Education --> Tutor Certification --> Private Tutor --> Senior Tutor --> Educational Consultant,Education
Probation Officer (Supervises people on probation instead of jail),"probation, officer, law, supervision, justice, counseling, communication, social work, monitoring, rehabilitation, legal, report writing, support, safety, criminal justice","Case management, counseling, legal knowledge",Bachelor? in Social Work / Criminal Justice,Probation Officer Certification,"Case management software, reporting tools","Case Report, Progress Monitoring","Probation Assistant, Caseworker","Probation Officer Supervisor, Program Manager","Corrections Departments, NGOs","ASCA Resources, Coursera Criminal Justice",Diploma/Criminal Justice --> Training --> Probation Officer --> Senior Officer --> Supervisor,Law Enforcement
"Producer (Oversees the creation of films, music, or shows)","producer, media, film, TV, music, management, coordination, planning, communication, creativity, leadership, budget, production, teamwork, organization","Film production, project coordination, creativity",Bachelor? / Diploma in Film Production,Producer Certification (optional),"Editing software, project management tools","Short Film, Production Plan","Production Assistant, Junior Producer","Senior Producer, Executive Producer","Studios, Media Companies","Film School Resources, YouTube Filmmaking",BA/Film/Media --> Internship --> Assistant --> Producer --> Senior Producer,Entertainment & Media
Product Designer (Creates the look and function of products),"product, design, creativity, engineering, sketching, manufacturing, technology, marketing, user experience, innovation, materials, prototyping, art, CAD, development","User research, UX/UI design, prototyping",Bachelor? in Design / HCI,UX Certification,"Design software (Figma, Sketch), prototyping tools","Wireframe Project, User Journey Map","Junior Designer, UX Assistant","Product Designer, Design Lead","Tech Companies, Startups","Interaction Design Foundation, Coursera UX",Diploma/Design --> Internship --> Junior Designer --> Product Designer --> Senior Designer,Arts & Design
Product Manager (Oversees product development and strategy),"product, manager, business, planning, marketing, management, communication, strategy, coordination, leadership, development, finance, teamwork, sales, customer focus","Product lifecycle management, strategy, leadership",Bachelor? / MBA Business / Engineering,Product Management Certification,"Project management software, analytics tools","Product Roadmap, Market Analysis","Product Coordinator, Junior PM","Senior Product Manager, Director","Google, Microsoft, Flipkart","PMI Resources, Coursera Product Management",BBA/MBA --> Internship --> Assistant --> Product Manager --> Senior Manager,Business & Operations
Production Assistant (Helps with tasks on film or TV sets),"production, assistant, media, film, TV, organization, coordination, communication, scheduling, support, teamwork, logistics, events, production, administration","Production planning, coordination, leadership",Bachelor? in Business / Media,Production Management Certificate,"ERP, scheduling software, budgeting tools","Production Schedule, Budget Report","Production Assistant, Coordinator","Production Manager, Executive","TV, Film Studios, Event Companies","PMI Resources, Coursera Production Management",Diploma/BA/BFA in Film/Media --> Internship --> Production Assistant --> Production Manager --> Senior Manager,Media & Broadcasting
Production Manager (Coordinates manufacturing or production processes),"production, manager, manufacturing, planning, management, operations, coordination, quality, efficiency, leadership, logistics, teamwork, scheduling, problem solving, resources","Sports skills, fitness, discipline, teamwork",High School Diploma / Sports Training,Professional Sports License,"Training equipment, performance tracking","Training Program, Match Performance","Athlete Trainee, Junior Athlete","Professional Athlete, Team Captain","Sports Teams, Clubs, Sponsorships","Coaching Resources, YouTube Sports Training",Diploma/Film Production --> Internship --> Assistant --> Production Manager --> Senior Manager,Business & Operations
Professional Athlete (Competes in sports for a living),"professional, athlete, sports, fitness, training, competition, teamwork, nutrition, discipline, health, coaching, performance, endurance, psychology, strategy","Research, teaching, writing, communication",Master? / PhD Subject Specialization,Teaching Certification,"LMS, research databases, presentation tools","Lesson Plan, Research Publication","Graduate Assistant, Lecturer","Senior Lecturer, Professor","Universities, Research Centers","OpenCourseWare, Coursera Academia",Professional Training --> Practice --> Athlete --> Senior Athlete --> Coach,Sports & Fitness
Professor (Teaches and researches at universities),"professor, education, teaching, research, university, communication, writing, mentoring, knowledge, leadership, curriculum, public speaking, academics, subject expertise, analysis","Planning, leadership, organization",Bachelor? / MBA Project Management,PMP Certification,"Project management software, collaboration tools","Project Plan, Status Report","Project Coordinator, Assistant PM","Project Manager, Program Manager","Tata, Infosys, Wipro, Accenture","PMI Resources, Coursera Project Management",Master?/PhD --> Teaching Assistant --> Lecturer --> Professor --> Department Head,Education
Project Manager (Leads projects from planning to completion),"project, manager, planning, coordination, leadership, communication, management, organization, finance, scheduling, resources, teamwork, problem solving, business, software","Property maintenance, leasing, tenant relations",Bachelor? / Diploma in Property Management,Real Estate License,"Property management software, CRM","Tenant Communication Plan, Maintenance Schedule","Property Assistant, Leasing Agent","Property Manager, Portfolio Manager","Real Estate Firms, Housing Societies","IREM Resources, Coursera Property Management",BBA/MBA/Experience --> Coordinator --> Project Manager --> Senior Manager --> Executive,Business & Operations
Property Manager (Maintains and rents properties),"property, manager, real estate, maintenance, leasing, communication, finance, tenant, administration, contracts, budgeting, organization, facilities, customer service, management","Prosthetics design, patient care, biomechanics",Bachelor? / Master? Prosthetics & Orthotics,CPO Certification,"3D modeling software, prosthetic fabrication tools","Treatment Plan, Prosthetic Design","Prosthetic Technician, Assistant","Prosthetist, Clinic Owner","Hospitals, Rehab Centers, Prosthetics Companies","ISPO Resources, Coursera Prosthetics",Diploma/Real Estate --> Internship --> Assistant --> Property Manager --> Senior Manager,Real Estate
Prosthetist (Designs and fits artificial limbs),"prosthetist, healthcare, anatomy, biology, engineering, patient care, rehabilitation, medical, design, technology, treatment, clinical, health science, biomechanics, support","Nursing, psychiatric care, patient assessment",Diploma / Degree Nursing,"PNRN License, Psychiatric Nursing Certification","Therapy tools, patient management software","Treatment Plan, Patient Monitoring","Psychiatric Nurse Trainee, RN","Senior Psychiatric Nurse, Supervisor","Hospitals, Mental Health Clinics","ANA Resources, Coursera Psychiatric Nursing",Diploma/Prosthetics Training --> Clinical Internship --> Prosthetist --> Senior Prosthetist --> Clinic Manager,Healthcare/Biomedical
Psychiatric Nurse (Cares for patients with mental health conditions),"psychiatric, nurse, healthcare, mental health, patient care, biology, psychology, treatment, clinical, communication, nursing, medication, counseling, therapy, support","Medical knowledge, mental health diagnosis, therapy",Medical Degree (MBBS) + Psychiatry Residency,Psychiatrist License,"Psychiatric evaluation tools, EHR","Treatment Plan, Patient Case Study","Psychiatry Intern, Resident","Psychiatrist, Department Head","Hospitals, Clinics, Private Practice","APA Resources, Coursera Psychiatry",Nursing Degree + Psychiatric Specialization --> Internship --> Psychiatric Nurse --> Senior Nurse --> Supervisor,Healthcare/Mental Health
Psychiatrist (Treats mental illnesses with therapy and medication),"psychiatrist, medicine, mental health, diagnosis, treatment, biology, psychology, clinical, patient care, healthcare, counseling, therapy, medication, science, psychiatry","Psychology theory, counseling, research",Bachelor? / Master? Psychology,Licensed Psychologist,"Counseling software, assessment tools","Therapy Plan, Case Notes","Junior Psychologist, Therapist Assistant","Senior Psychologist, Clinic Director","Clinics, Hospitals, Schools","APA Resources, Coursera Psychology",Medical Degree + Psychiatry Specialization --> Internship --> Psychiatrist --> Senior Psychiatrist --> Consultant,Healthcare/Mental Health
Psychologist (Studies and treats mental and emotional issues),"psychologist, mental health, therapy, counseling, psychology, patient care, behavior, communication, research, support, diagnosis, social science, education, science, health","Legal knowledge, litigation, defense skills",Law Degree (LLB) / Bar Admission,Public Defender Certification,"Legal databases, case management software","Case Brief, Client Interview","Legal Intern, Public Defender Assistant","Public Defender, Senior Attorney","Public Defender Offices, Legal Aid Societies","ABA Resources, Coursera Criminal Law",BA/MA Psychology --> Clinical Internship --> Psychologist --> Senior Psychologist --> Consultant,Healthcare/Mental Health
Public Defender (Provides legal defense for people who cannot pay),"public, defender, law, criminal, court, justice, defense, legal, advocacy, communication, investigation, trial, rights, case, representation","Public health, epidemiology, community health",Bachelor? / Master? Public Health,Certified Public Health Specialist,"Data analysis software, health databases","Health Program Plan, Epidemiology Report","Health Assistant, Research Analyst","Public Health Specialist, Program Manager","WHO, CDC, NGOs, Govt Agencies","WHO Resources, Coursera Public Health",Law Degree + Criminal Defense Training --> Internship --> Public Defender --> Senior Defender --> Supervisor,Legal & Court
Public Health Specialist (Works to improve community health and prevent disease),"public, health, specialist, community, wellness, disease prevention, biology, medicine, communication, research, policy, education, epidemiology, health science, outreach","Public health knowledge, program planning, epidemiology",Bachelor? / Master? Public Health,Certified Public Health Specialist,"Data analysis software, health databases","Health Campaign Plan, Epidemiological Study","Public Health Assistant, Health Educator","Public Health Specialist, Program Manager","WHO, CDC, NGOs, Govt Health Departments","WHO Resources, Coursera Public Health",MPH/Public Health Degree --> Internship --> Specialist --> Senior Specialist --> Director,Public Health
Public Relations Manager (Handles a company? image and media relations),"public, relations, manager, communication, marketing, media, branding, social media, events, reputation, strategy, leadership, advertising, writing, business","Communication, media relations, crisis management",Bachelor? / Master? Communications,PR Certification,"Media monitoring tools, social media platforms","PR Campaign, Press Release","PR Assistant, Media Coordinator","PR Manager, Communications Director","Agencies, Corporates, Media Houses","PRSA Resources, Coursera PR",BA/MBA/Relevant Diploma --> Internship/Entry Role --> PR Specialist --> Manager --> Director,Marketing & Communications
Publisher (Oversees the production of books or magazines),"publisher, books, publishing, editing, communication, media, writing, marketing, printing, literature, content, management, production, distribution, sales","Publishing knowledge, editing, marketing",Bachelor? / Master? Publishing,Publishing Certification,"Editing software, CMS, design tools","Book Layout Project, Marketing Plan","Editorial Assistant, Publisher Trainee","Publisher, Senior Editor","Publishing Houses, Media Companies","PubExec Resources, Coursera Publishing",BA/Journalism/Communications --> Internship --> Publisher Assistant --> Publisher --> Senior Publisher,Publishing
Purchasing Agent (Buys products or materials for organizations),"purchasing, agent, buying, procurement, negotiation, supply chain, business, contracts, inventory, finance, communication, analysis, sourcing, management, logistics","Procurement, negotiation, vendor management",Bachelor? / MBA Supply Chain Management,Certified Purchasing Professional,"Procurement software, ERP systems","Vendor Evaluation, Purchase Order","Process Assistant, Buyer","Purchasing Manager, Supply Chain Manager","Manufacturing Firms, Retail, Govt","ISM Resources, Coursera Procurement",BA/Business/Logistics --> Internship --> Purchasing Agent --> Senior Agent --> Manager,Procurement
Quality Assurance Analyst (Tests products or software for defects),"quality, assurance, analyst, testing, software, process, management, business, communication, data, improvement, standards, problem solving, reporting, monitoring","Quality management, testing, process improvement",Bachelor? / Diploma Quality Management,Certified Quality Auditor (CQA),"QA software, testing tools, dashboards","Test Plan, Quality Audit","Quality Analyst, QA Tester","QA Lead, Quality Manager","Manufacturing, IT Firms, Pharma","ASQ Resources, Coursera Quality Management",BSc/Engineering/IT --> Internship --> QA Analyst --> Senior Analyst --> QA Manager,Technology
Quality Control Inspector (Checks products to ensure quality standards),"quality, control, inspector, manufacturing, testing, safety, inspection, standards, measurement, process, production, analysis, compliance, tools, reporting","Inspection, compliance, standards adherence",Diploma / Certification Quality Control,Quality Inspector Certification,"Inspection tools, measurement devices","Inspection Checklist, Compliance Report","QC Inspector, Technician","Senior Inspector, QC Manager","Manufacturing, Construction, Pharma","ASQ Resources, Coursera Quality Control",Diploma/Engineering/Technical --> Entry-level Inspector --> Quality Control Inspector --> Supervisor --> Manager,Manufacturing
Radiation Therapist (Treats cancer patients with radiation),"radiation, therapist, healthcare, medicine, treatment, patient care, biology, physics, clinical, oncology, radiation, therapy, medical science, health science, safety","Radiation therapy techniques, patient care",Bachelor? Radiation Therapy,Registered Radiation Therapist,"Radiation equipment, planning software","Treatment Plan, Patient Simulation","Radiation Therapist Assistant, Intern","Senior Therapist, Clinic Manager","Hospitals, Cancer Centers","ARRT Resources, Coursera Radiation Therapy",Radiation Therapy Certification --> Clinical Training --> Radiation Therapist --> Senior Therapist --> Specialist,Healthcare
Radiologic Technologist (Takes medical X-rays and imaging scans),"radiologic, technologist, imaging, healthcare, x-ray, MRI, patient care, anatomy, biology, clinical, medical, technology, diagnostics, radiation, safety","Radiologic technology, imaging techniques",Associate / Bachelor? Radiologic Technology,Certified Radiologic Technologist,"X-ray machines, PACS, imaging software","Patient Imaging, Radiograph Analysis","Radiologic Tech Assistant, Trainee","Senior Radiologic Tech, Supervisor","Hospitals, Diagnostic Labs","ASRT Resources, Coursera Radiology Tech",Radiologic Technology Degree --> Clinical Training --> Radiologic Technologist --> Senior Technologist --> Supervisor,Healthcare
"Real Estate Agent (Helps clients buy, sell, or rent property)","real, estate, agent, sales, property, communication, business, marketing, negotiation, customer service, contracts, finance, law, housing, management","Real estate laws, sales, client service",Diploma / Certification in Real Estate,Real Estate Agent License,"CRM software, MLS listings","Property Listing, Client Follow-Up","Real Estate Assistant, Agent Trainee","Senior Agent, Broker","Real Estate Firms, Agencies","Zillow Resources, Coursera Real Estate Sales",Diploma/Real Estate --> Internship --> Real Estate Agent --> Senior Agent --> Broker,Real Estate
Real Estate Appraiser (Estimates the value of properties),"real, estate, appraiser, property, valuation, finance, business, market analysis, research, communication, reports, contracts, economics, housing, assessment","Property valuation, market analysis, appraisal techniques",Bachelor? / Certification Real Estate,Appraisal License,"Appraisal software, market databases","Property Valuation Report, Market Analysis","Appraisal Assistant, Junior Appraiser","Senior Appraiser, Valuation Manager","Appraisal Firms, Banks, Govt Agencies","ASA Resources, Coursera Property Valuation",Real Estate Appraisal Certification --> Internship --> Appraiser --> Senior Appraiser --> Manager,Real Estate
Receptionist (Greets visitors and manages front desk tasks),"receptionist, office, communication, customer service, scheduling, organization, administration, phone, support, clerical, computer, multitasking, management, teamwork, front desk","Communication, scheduling, organization",High School Diploma / Certificate,Office Administration Certificate,"MS Office, phone systems, scheduling software","Reception Desk Simulation, Appointment Scheduling","Receptionist, Front Desk Assistant","Senior Receptionist, Office Manager","Offices, Clinics, Hotels","Administrative Resources, Coursera Office Skills",Diploma/Office/Admin --> Receptionist --> Senior Receptionist --> Office Manager --> Admin Head,Administrative Support
Recreation Worker (Leads activities for leisure and fitness),"recreation, worker, community, activities, health, sports, social, wellness, communication, planning, events, fitness, therapy, education, outdoor","Recreation program planning, group facilitation",Diploma / Degree in Recreation Management,Certification in Recreation Management,"Event management software, fitness equipment","Recreation Activity Plan, Event Coordination","Recreation Assistant, Program Aide","Recreation Manager, Director","Community Centers, Parks, Schools","NRPA Resources, Coursera Recreation Management",Diploma/Recreation --> Entry-level Worker --> Recreation Worker --> Supervisor --> Manager,Recreation
Recruiter (Finds and hires employees for companies),"recruiter, hiring, human resources, communication, interviewing, selection, business, employment, staffing, job market, organization, negotiation, management, candidate, onboarding","Recruitment, communication, HR knowledge",Bachelor? / MBA HR,"HR Certification (PHR, SHRM-CP)","ATS, HRIS, recruitment platforms","Candidate Screening, Interview Plan","Recruiter Assistant, HR Coordinator","Recruiter, HR Manager","Corporates, Staffing Agencies","LinkedIn Learning, Coursera HR Recruiting",BA/Human Resources --> Internship --> Recruiter --> Senior Recruiter --> HR Manager,Human Resources
Recycling Coordinator (Manages recycling programs and policies),"recycling, coordinator, environment, waste management, sustainability, community, planning, logistics, communication, policy, education, materials, ecology, organization, conservation","Waste management, environmental compliance, logistics",Diploma / Bachelor? Environmental Science,Certification in Waste Management,"Recycling equipment, tracking software","Recycling Program Plan, Waste Audit","Coordinator Assistant, Field Worker","Recycling Coordinator, Manager","Municipalities, Environmental Firms","RecycleNow Resources, Coursera Environmental Management",Diploma/Environmental Science --> Internship --> Recycling Coordinator --> Supervisor --> Manager,Environmental Services
Referee (Enforces rules in sports games),"referee, sports, rules, enforcement, communication, fairness, judgment, fitness, decision making, teamwork, discipline, authority, competition, observation, conflict resolution","Rules enforcement, communication, quick decision making",Vocational Training / Certification,Referee Certification,"Communication devices, scoring software","Match Officiating, Rules Test","Assistant Referee, Junior Official","Senior Referee, Match Official","Sports Leagues, Schools","Referee Associations, YouTube Sports Officiating",Certification/Training --> Entry Role --> Referee --> Senior Referee --> Manager,Sports & Fitness
Registered Nurse (Provides medical care and patient support),"registered, nurse, healthcare, patient care, medicine, biology, anatomy, clinical, treatment, emergency, nursing, communication, health science, empathy, medication","Nursing knowledge, patient care, clinical skills",Diploma / Degree Nursing,Registered Nurse License,"EHR systems, patient monitoring equipment","Patient Care Log, Vital Signs Chart","Staff Nurse, Nurse Aide","Senior Nurse, Nurse Manager","Hospitals, Clinics, Care Homes","ANA Resources, Coursera Nursing",Nursing Degree --> Clinical Internship --> Registered Nurse --> Senior Nurse --> Nurse Manager,Healthcare
Rehabilitation Counselor (Helps people with disabilities find work and live independently),"rehabilitation, counselor, therapy, support, psychology, communication, patient care, health science, counseling, social work, recovery, treatment, mental health, education, guidance","Counseling, case management, rehabilitation techniques",Bachelor? / Master? Counseling,Rehabilitation Counselor Certification,"Counseling software, case management tools","Rehab Plan, Client Progress Notes","Counselor Assistant, Caseworker","Senior Counselor, Program Manager","Rehab Centers, Hospitals, NGOs","CRCC Resources, Coursera Rehabilitation Counseling",BA/Psychology/Counseling --> Internship --> Rehabilitation Counselor --> Senior Counselor --> Manager,Mental Health & Counseling
Reporter (Researches and writes news stories),"reporter, journalism, news, writing, communication, investigation, media, interviewing, storytelling, editing, public speaking, research, broadcasting, ethics, deadlines","Journalism, communication, research skills",Bachelor? Journalism / Communications,"Press Card, Journalism Certification","Editing software, CMS, recording equipment","News Report, Interview Script","Reporter Intern, Junior Reporter","Senior Reporter, Editor","Media Houses, Newspapers","PEJ Resources, Coursera Journalism",BA/Journalism/Communications --> Internship --> Reporter --> Senior Reporter --> Editor,Media & Broadcasting
Research Assistant (Supports research projects and collects data),"research, assistant, science, laboratory, data, experiments, biology, chemistry, documentation, analysis, support, research methods, communication, teamwork, observation","Research methodology, data analysis, documentation",Bachelor? / Master? Subject Specialization,No formal certification,"Statistical software, lab tools, databases","Research Proposal, Data Collection","Research Assistant, Lab Technician","Senior Researcher, Principal Investigator","Universities, Research Institutes","Open Science Framework, Coursera Research",BA/Science --> Research Assistant --> Research Scientist --> Senior Scientist --> Lead Researcher,Research
Research Scientist (Conducts experiments to discover new knowledge),"research, scientist, science, experiments, biology, chemistry, physics, analysis, data, technology, research methods, laboratory, innovation, documentation, discovery","Scientific research, data analysis, experimentation",Master? / PhD Science Field,Research Certification (optional),"Lab instruments, data analysis software","Experimental Study, Publication","Research Scientist Trainee, Assistant","Senior Scientist, Project Lead","Research Labs, Pharma, Academia","ScienceDirect, Coursera Research Science",BA/Science --> Research Assistant --> Research Scientist --> Senior Scientist --> Lead Researcher,Research
Restaurant Manager (Oversees restaurant staff and operations),"restaurant, management, hospitality, customer service, food, business, leadership, communication, scheduling, staff, operations, finance, marketing, organization, teamwork","Leadership, business, customer service",Bachelor? / MBA Hospitality Management,Certification in Hospitality Management,"POS systems, CRM, scheduling software","Restaurant Setup Plan, Customer Service","Restaurant Supervisor, Host","Restaurant Manager, Regional Manager","Hotels, Restaurant Chains, Resorts","NRA Resources, Coursera Hospitality",Diploma/Hospitality/Business --> Internship --> Restaurant Manager --> Senior Manager --> Director,Hospitality
Retail Buyer (Chooses products for stores to sell),"retail, buying, purchasing, inventory, products, business, negotiation, suppliers, stock, sales, marketing, commerce, finance, supply chain, management","Buying, negotiation, market analysis",Bachelor? / Diploma in Retail Management,Certified Retail Buyer,"Purchasing software, inventory management","Market Analysis Report, Purchase Plan","Retail Assistant Buyer, Trainee","Senior Buyer, Category Manager","Retail Chains, E-commerce, Wholesalers","Retail Council Resources, Coursera Retail Management",BA/Business/Marketing --> Internship --> Retail Buyer --> Senior Buyer --> Manager,Retail
Retail Manager (Runs daily operations of a retail store),"retail, management, sales, customer service, business, leadership, marketing, inventory, communication, staff, operations, finance, planning, teamwork, organization","Team leadership, sales, inventory management",Bachelor? / Diploma Retail Management,Certified Retail Manager,"POS, ERP systems, inventory software","Store Layout Plan, Sales Report","Retail Associate, Assistant Manager","Retail Manager, District Manager","Brands, Malls, Supermarkets","NRF Resources, Coursera Retail Management",BA/Business/Management --> Internship --> Retail Manager --> Senior Manager --> Director,Retail
Roofer (Installs and repairs roofs),"roofing, construction, repair, safety, tools, installation, maintenance, building, materials, manual skills, labor, equipment, physical work, home, trade","Roofing techniques, safety, manual skills",Vocational Training / Apprenticeship,Certified Roofing Professional,"Safety equipment, roofing tools","Roof Installation Project, Safety Checklist","Roofer Apprentice, Helper","Senior Roofer, Site Supervisor","Construction Companies, Roofing Firms","OSHA Resources, YouTube Roofing",Vocational Training --> Apprenticeship --> Roofer --> Senior Roofer --> Supervisor,Construction & Trades
Safety Engineer (Develops systems to prevent accidents),"safety, engineering, risk, prevention, compliance, environment, health, regulations, construction, industrial, analysis, management, training, accident, protection","Safety protocols, risk management, compliance",Bachelor? / Diploma Safety Engineering,Certified Safety Professional (CSP),"Safety audit software, inspection tools","Safety Audit Report, Risk Assessment","Safety Technician, Inspector","Safety Engineer, Safety Manager","Manufacturing, Construction, Oil & Gas","BCSP Resources, Coursera Safety Management",BSc/Engineering/Safety --> Internship --> Safety Engineer --> Senior Engineer --> Safety Manager,Engineering
Sailor (Works on ships at sea),"sailor, navigation, ship, marine, ocean, safety, operation, teamwork, weather, communication, seamanship, maritime, equipment, maintenance, physical fitness","Navigation, seamanship, teamwork",Maritime Training Academy,Merchant Mariner Credential,"Navigation tools, safety equipment","Ship Watch, Navigation Log","Sailor Trainee, Deckhand","Senior Sailor, Ship Officer","Shipping Companies, Navies","USCG Resources, Maritime Training Schools",Merchant Marine Training --> Entry Role --> Sailor --> Senior Sailor --> Officer,Maritime & Diving
Sales Engineer (Sells technical products and solutions),"sales, engineering, product, technical, communication, business, customer, negotiation, solutions, technology, marketing, problem solving, support, relationship, technical knowledge","Sales, technical knowledge, communication",Bachelor? Engineering / Business,Certified Sales Engineer,"CRM software, product demo tools","Sales Presentation, Client Demo","Technical Sales Assistant, Trainee","Sales Engineer, Sales Manager","Manufacturing, IT Firms, Engineering Firms","AASE Resources, Coursera Sales Engineering",BSc/Engineering/Business --> Internship --> Sales Engineer --> Senior Engineer --> Sales Manager,Engineering
Sales Manager (Leads a sales team to meet goals),"sales, management, leadership, business, communication, customer service, marketing, negotiation, planning, strategy, finance, team, operations, sales targets, organization","Leadership, sales strategy, communication",Bachelor? / MBA Marketing,Sales Management Certification,"CRM, sales analytics software","Sales Plan, Client Report","Sales Representative, Sales Associate","Sales Manager, Regional Sales Director","Corporates, FMCG, IT Companies","Salesforce Resources, Coursera Sales Management",BA/Business --> Internship --> Sales Manager --> Senior Manager --> Director,Sales
Sales Representative (Sells products and services to customers),"sales, representative, customer service, communication, negotiation, product knowledge, business, marketing, relationship building, sales, presentation, targets, teamwork, persuasion, commerce","Product knowledge, customer service, negotiation",High School Diploma / Training,No formal certification,"CRM software, POS systems","Sales Report, Customer Follow-Up","Sales Associate, Retail Sales Rep","Senior Sales Rep, Sales Manager","Retail Stores, Corporates, Call Centers","HubSpot Resources, Coursera Sales Skills",Diploma/Sales Training --> Entry-level Rep --> Sales Representative --> Senior Rep --> Sales Manager,Sales
Sanitation Worker (Collects and disposes of waste),"sanitation, worker, cleaning, hygiene, waste management, health, environment, safety, community, labor, manual work, sanitation, disposal, public health, recycling","Sanitation, waste management, safety procedures",High School Diploma / Vocational Training,Certification in Sanitation & Safety,"Cleaning equipment, safety gear","Sanitation Checklist, Waste Management Plan","Sanitation Worker, Cleaner","Senior Sanitation Worker, Supervisor","Municipal Services, Waste Management Firms","OSHA Resources, Coursera Sanitation Safety",Vocational Training --> Entry Role --> Sanitation Worker --> Supervisor --> Manager,Sanitation Services
School Counselor (Guides students on academic and personal issues),"school, counseling, psychology, students, support, guidance, communication, education, social work, mental health, development, career, empathy, problem solving, school","Counseling, psychology, communication skills",Master? in Counseling / Psychology,School Counselor Certification,"Counseling software, assessment tools","Counseling Session Plan, Student Assessment","Counselor Intern, Assistant","School Counselor, Senior Counselor","Schools, Educational Institutes","ASCA Resources, Coursera School Counseling",BA/Psychology/Education --> Internship --> School Counselor --> Senior Counselor --> Director,Education
School Nurse (Provides health care in a school setting),"school, nurse, healthcare, student, health, biology, first aid, emergency, patient care, communication, medicine, wellness, anatomy, safety, health science","Nursing, pediatric care, first aid",Diploma / Degree Nursing,Registered Nurse License,"Medical supplies, EHR systems","Health Screening, First Aid Plan","School Nurse Assistant, RN","School Nurse, Health Coordinator","Schools, Educational Boards","ANA Resources, Coursera Nursing",Nursing Degree --> Clinical Training --> School Nurse --> Senior Nurse --> Nurse Manager,Healthcare
School Principal (Manages and leads a school),"school, principal, leadership, management, education, administration, discipline, communication, planning, staff, curriculum, organization, policy, supervision, school","Educational leadership, administration, communication",Master? in Education Administration,Principal Certification,"School management software, LMS","School Improvement Plan, Staff Coordination","Assistant Principal, Teacher","School Principal, District Leader","Schools, Education Boards","ASCD Resources, Coursera Educational Leadership",BA/Education/Admin --> Internship --> School Principal --> Senior Principal --> District Head,Education
School Psychologist (Supports students?learning and mental health),"school, psychology, mental health, students, counseling, behavior, education, support, psychology, development, communication, therapy, assessment, social work, learning","Psychology, counseling, assessment techniques",Master? / Doctorate Psychology,School Psychologist Certification,"Testing software, counseling tools","Psychological Assessment, Counseling Plan","Psychologist Intern, Assistant","School Psychologist, Senior Counselor","Schools, Clinics, NGOs","APA Resources, Coursera Psychology",BA/Psychology/Education --> Internship --> School Psychologist --> Senior Psychologist --> Consultant,Mental Health & Counseling
Screenwriter (Writes scripts for movies or TV shows),"screenwriter, writing, creativity, storytelling, film, script, dialogue, narrative, media, arts, entertainment, communication, drama, screenplay, screenplay structure","Creative writing, storytelling, screenplay format",Bachelor? / Diploma Film & Media Writing,Screenwriting Certification,"Screenwriting software (Final Draft), storyboarding","Short Script, Screenplay Draft","Junior Writer, Script Assistant","Screenwriter, Story Editor","Film Studios, Streaming Services","MasterClass, Coursera Screenwriting",BA/Film/Creative Writing --> Internship --> Screenwriter --> Senior Writer --> Lead Writer,Writing & Media
Sculptor (Creates art by shaping materials),"sculptor, art, creativity, materials, design, three-dimensional, sculpture, carving, shaping, visual arts, craftsmanship, tools, aesthetics, expression, fine arts","Sculpting techniques, materials knowledge, creativity",Art Degree / Vocational Training,Art Certification (optional),"Sculpting tools, 3D modeling software","Sculpture Project, Portfolio","Assistant Sculptor, Art Intern","Sculptor, Studio Owner","Galleries, Art Studios, Museums","YouTube Tutorials, Skillshare Sculpture",Diploma/Art --> Apprenticeship --> Sculptor --> Senior Sculptor --> Studio Owner,Arts & Design
Security Analyst (Protects computer systems from cyber threats),"security, analyst, cybersecurity, IT, risk, data protection, network, analysis, software, monitoring, information security, compliance, threat, investigation, business","Cybersecurity principles, network security, analysis",Bachelor? / Master? Cybersecurity,Certified Security Analyst (CSA),"Firewalls, SIEM tools, vulnerability scanners","Security Audit, Penetration Testing","IT Security Analyst, Junior Analyst","Security Engineer, Security Manager","Tech Firms, Banks, Govt","(ISC)?, Cybrary, Coursera Cybersecurity",BA/IT/Cybersecurity --> Internship --> Security Analyst --> Senior Analyst --> Security Manager,Technology
Security Guard (Protects property and people),"security, guard, safety, protection, surveillance, law enforcement, communication, emergency, patrolling, customer service, vigilance, observation, security systems, teamwork, enforcement","Basic security protocols, surveillance, communication",High School Diploma / Training,Security Guard License,"CCTV, communication radios, access control","Security Patrol, Incident Reporting","Security Guard Trainee, Officer","Senior Guard, Supervisor","Event Companies, Corporate Offices",Security Guard Training Resources,Security Training --> Entry-level Guard --> Security Guard --> Supervisor --> Manager,Security
Set Designer (Designs scenery for theater or film),"set, design, theatre, stage, creativity, art, construction, visual arts, props, scenery, design, teamwork, communication, lighting, production","Set design, creativity, technical drawing",Bachelor? / Diploma Theater / Design,No formal certification,"Set design software, drafting tools","Set Design Project, Model Making","Set Assistant, Stagehand","Set Designer, Production Designer","Theaters, Film Studios","YouTube Theater Design, Coursera Design",Diploma/Art/Set Design --> Internship --> Set Designer --> Senior Designer --> Art Director,Arts & Design
Sewing Machine Operator (Uses machines to make clothing or products),"sewing, machine, operator, textile, fabric, garment, manufacturing, production, tools, speed, accuracy, stitching, clothing, manual skills, factory","Machine operation, sewing skills, safety",Vocational Training / Apprenticeship,Certification in Sewing,"Machines, fabrics, pattern tools","Sewing Samples, Quality Check",Sewing Machine Operator Trainee,"Senior Operator, Supervisor","Textile Firms, Garment Factories","YouTube Sewing Tutorials, Udemy Sewing",Vocational Training --> Apprenticeship --> Sewing Machine Operator --> Senior Operator --> Supervisor,Manufacturing
Sheet Metal Worker (Cuts and installs metal sheets for buildings),"sheet, metal, worker, construction, fabrication, tools, metalwork, safety, manufacturing, building, welding, shaping, installation, manual labor, trade","Sheet metal fabrication, welding, blueprint reading",Vocational Training / Apprenticeship,Sheet Metal Worker Certification,"Sheet metal tools, welding equipment","Fabrication Project, Safety Report",Apprentice Sheet Metal Worker,"Senior Sheet Metal Worker, Foreman","Manufacturing, Construction Firms","OSHA Resources, YouTube Sheet Metal",Vocational Training --> Apprenticeship --> Sheet Metal Worker --> Senior Worker --> Supervisor,Manufacturing
Sheriff (Enforces law at the county level),"sheriff, law enforcement, community, safety, investigation, justice, patrol, communication, leadership, emergency, security, public service, crime prevention, authority, legal","Law enforcement, leadership, investigation",Vocational Training / Degree,Police Certification,"Security equipment, communication radios","Patrol Report, Incident Documentation","Sheriff Deputy, Officer","Sheriff, Law Enforcement Manager","County Sheriffs, Govt Agencies","PoliceOne Academy, Coursera Law Enforcement",Police Academy --> Training --> Sheriff Deputy --> Sheriff --> Chief,Law Enforcement
Ship Captain (Commands and navigates ships),"ship, captain, navigation, marine, leadership, safety, operation, communication, crew, weather, seamanship, maritime, vessel, management, emergency","Navigation, ship management, leadership",Maritime Training Academy,Master Mariner License,"Navigation systems, ship controls, radar","Navigation Plan, Ship Log","Trainee Captain, Deck Officer","Ship Captain, Fleet Manager","Shipping Companies, Navies","Maritime Resources, Coursera Maritime Studies",Merchant Marine Academy --> Training --> Ship Captain --> Senior Captain --> Fleet Manager,Maritime & Diving
Sign Language Interpreter (Translates spoken words into sign language),"sign, language, interpreter, communication, deaf, translation, language, culture, accessibility, education, support, social services, bilingual, understanding, facilitation","Sign language, communication, translation",Bachelor? / Certification in ASL,Interpreter Certification,"Video relay software, transcription tools","Translation Practice, Interpretation Session","Interpreter Assistant, Trainee","Sign Language Interpreter, Coordinator","Schools, Hospitals, Courts","ASL Resources, Gallaudet University",BA/Sign Language --> Certification --> Interpreter --> Senior Interpreter --> Manager,Translation & Interpretation
Singer (Performs songs for audiences),"singing, music, performance, voice, creativity, entertainment, stage, practice, training, arts, audience, expression, culture, music theory, technique","Vocal technique, music theory, performance",Bachelor? / Diploma in Music,Music Performance Certification,"Recording equipment, instruments","Performance Project, Recording Demo","Junior Singer, Backup Vocalist","Professional Singer, Music Producer","Record Labels, Studios, Events","Vocal Coach, Berklee Online",BA/Music/Performance --> Training --> Singer --> Professional Artist --> Vocal Coach,Entertainment & Media
Social Media Manager (Manages a company? social media presence),"social, media, management, marketing, communication, content, strategy, digital, branding, advertising, engagement, platforms, analytics, business, creativity","Content creation, social media strategy, analytics",Bachelor? / Diploma Marketing,Social Media Certification,"Social platforms, analytics tools","Content Calendar, Campaign Plan","Social Media Assistant, Coordinator","Social Media Manager, Strategist","Agencies, Brands, Startups","Hootsuite Academy, Coursera Social Media",BA/Marketing/Communications --> Internship --> Social Media Manager --> Senior Manager --> Director,Marketing & Communications
Social Worker (Helps people solve problems in their lives),"social, work, counseling, support, community, psychology, advocacy, communication, social justice, welfare, mental health, education, social services, empathy, intervention","Counseling, social work skills, advocacy",Bachelor? / Master? Social Work,Licensed Social Worker,"Case management software, communication tools","Case Study, Support Plan","Social Work Intern, Assistant","Social Worker, Program Manager","NGOs, Hospitals, Govt","CSWE Resources, Coursera Social Work",BA/Social Work --> Internship --> Social Worker --> Senior Worker --> Manager,Social Services
Software Developer (Creates computer programs and apps),"software, development, programming, coding, computer science, technology, problem solving, algorithms, testing, design, application, engineering, debugging, teamwork, creativity","Programming, problem-solving, software design",Bachelor? / MCA Computer Science,"Certified Developer (Oracle, Microsoft)","IDE, version control, databases","Simple App, Code Challenges","Junior Developer, Intern","Software Engineer, Tech Lead","Google, Microsoft, Infosys","Coursera, Udemy, LeetCode",BSc/Computer Science --> Internship --> Software Developer --> Senior Developer --> Tech Lead,Technology
Software Engineer (Designs and builds software systems),"software, engineering, development, programming, technology, design, computer science, testing, architecture, algorithms, coding, problem solving, teamwork, software, systems","Software engineering principles, algorithms",Bachelor? / MCA Computer Science,Certified Software Engineer,"Development tools, CI/CD pipelines, cloud platforms","API Development, Unit Tests","Junior Engineer, Developer","Senior Engineer, Architect","Facebook, Amazon, Accenture","Pluralsight, Coursera, Udemy",BSc/Computer Science --> Internship --> Software Engineer --> Senior Engineer --> Tech Lead,Technology
Soil Scientist (Studies soil to improve agriculture and the environment),"soil, science, environment, agriculture, biology, chemistry, ecology, earth science, research, conservation, geology, data, analysis, sustainability, land","Soil science, agriculture, environment",Bachelor? / Master? Soil Science,No formal certification,"Soil testing tools, GIS, analysis software","Soil Sample Analysis, Report Assistant","Soil Technician, Lab Assistant","Soil Scientist, Agronomist","Research Institutes, Govt, Agri Firms","USDA Resources, Coursera Soil Science",BSc/Agriculture/Environmental Science --> Internship --> Soil Scientist --> Senior Scientist --> Consultant,Environmental Science
Solar Installer (Sets up solar panels on buildings),"solar, installer, renewable energy, solar panels, electrical, installation, maintenance, safety, environment, tools, construction, clean energy, technology, power, equipment","Solar panel installation, electrical systems",Vocational Training / Apprenticeship,Solar Installer Certification,"Tools for installation, safety equipment","PV System Setup, Site Survey","Solar Installer Trainee, Helper","Senior Installer, Project Lead","Solar Companies, Energy Firms","Solar Energy International, Coursera Solar",Vocational Training --> Apprenticeship --> Solar Installer --> Senior Installer --> Supervisor,Renewable Energy
Sommelier (Selects and serves wines),"sommelier, wine, tasting, hospitality, knowledge, beverage, food pairing, customer service, marketing, communication, restaurant, flavor, sensory, wine service, wine education","Wine knowledge, tasting, pairing skills",Vocational Training / Sommelier School,Sommelier Certification,"Tasting kits, wine databases","Tasting Notes, Pairing Guide","Sommelier Assistant, Trainee","Senior Sommelier, Wine Director","Hotels, Restaurants, Vineyards","WSET Resources, Coursera Wine Studies",Certification/Wine Training --> Internship --> Sommelier --> Senior Sommelier --> Manager,Food & Beverage
Sound Engineer (Controls sound for recordings or live events),"sound, engineer, audio, recording, mixing, music, technology, sound design, production, software, equipment, broadcasting, creativity, media, acoustics","Audio recording, mixing, sound design",Bachelor? / Diploma Audio Engineering,Audio Engineering Certification,"DAWs, microphones, mixers","Recording Session, Mixing Project","Assistant Engineer, Intern","Sound Engineer, Studio Manager","Studios, Media, Broadcasting","Audio Engineering Society, YouTube Audio",Diploma/Audio Engineering --> Internship --> Sound Engineer --> Senior Engineer --> Studio Manager,Entertainment & Media
Special Education Teacher (Teaches students with special needs),"special, education, teacher, learning, disability, support, communication, psychology, teaching, curriculum, students, development, inclusion, education, therapy","Special education strategies, teaching, assessment",Master? in Special Education,Teaching License,"Specialized learning software, assessment tools","Individualized Education Plan, Lesson Plan","Special Ed Teacher Assistant, Aide","Special Ed Teacher, Coordinator","Schools, Special Ed Centers","CEC Resources, Coursera Special Ed",BA/Special Education --> Internship --> Special Education Teacher --> Senior Teacher --> Director,Education
Speech Pathologist (Helps people with speech and swallowing problems),"speech, pathologist, communication, therapy, language, speech, hearing, disorders, treatment, health science, psychology, patient care, diagnosis, rehabilitation, education","Speech therapy, language development, assessment",Master? Speech-Language Pathology,SLP License,"Therapy software, assessment tools","Speech Therapy Plan, Client Session","SLP Intern, Assistant","Speech Pathologist, Clinic Head","Hospitals, Clinics, Schools","ASHA Resources, Coursera Speech Therapy",BA/Speech Therapy --> Clinical Internship --> Speech Pathologist --> Senior Therapist --> Clinic Manager,Healthcare
Sports Agent (Manages contracts and careers of athletes),"sports, agent, management, contracts, negotiation, marketing, communication, representation, athlete, finance, business, sports, sponsorship, law, promotion","Sports management, negotiation, athlete representation",Bachelor? / MBA Sports Management,Certification in Sports Management,"CRM, contract management tools","Client Portfolio, Contract Draft","Agent Assistant, Intern","Sports Agent, Manager","Sports Agencies, Clubs, Brands","CSM Resources, Coursera Sports Management",BA/Sports Management --> Internship --> Sports Agent --> Senior Agent --> Director,Sports & Fitness
Sports Coach (Trains athletes and leads sports teams),"sports, coach, training, fitness, strategy, motivation, teamwork, communication, physical education, leadership, sportsmanship, skills, development, health, performance","Coaching skills, sports knowledge, motivation",Coaching Certification (varies by sport),Sports Coaching Certification,"Training equipment, video analysis tools","Training Plan, Athlete Progress Report","Assistant Coach, Junior Coach","Head Coach, Sports Director","Sports Clubs, Schools, Colleges","Coaching Association Resources, Coursera Coaching",BA/Sports Science --> Internship --> Sports Coach --> Senior Coach --> Manager,Sports & Fitness
Sports Commentator (Provides live commentary during sports events),"sports, commentator, media, sports, communication, broadcasting, journalism, analysis, public speaking, reporting, entertainment, knowledge, audience, presentation, writing","Commentary, public speaking, sports knowledge",Experience in sports and media,Broadcast Journalism Certificate,"Broadcasting equipment, streaming platforms","Commentary Script, Game Analysis","Sports Commentator Intern, Analyst","Senior Commentator, Host","Sports Channels, Media Houses","ESPN Resources, YouTube Sports Commentary",BA/Journalism/Sports --> Internship --> Sports Commentator --> Senior Commentator --> Lead Analyst,Media & Broadcasting
Sports Medicine Physician (Treats sports-related injuries),"sports, medicine, physician, health, fitness, treatment, injury, rehabilitation, anatomy, biology, medicine, patient care, clinical, emergency, sports science","Sports medicine, physiology, injury management",Medical Degree + Sports Medicine Residency,Sports Medicine Certification,"Diagnostic tools, rehab equipment","Rehabilitation Plan, Injury Assessment","Resident, Sports Medicine Fellow","Sports Medicine Physician, Consultant","Hospitals, Sports Teams","AMSSM Resources, Coursera Sports Medicine",Medical Degree + Sports Medicine Specialization --> Internship --> Sports Medicine Physician --> Senior Physician --> Consultant,Healthcare
Sports Scout (Finds and recruits athletic talent),"sports, scout, talent, analysis, sports, evaluation, communication, recruitment, observation, data, athlete, team, performance, scouting, fitness","Athlete evaluation, scouting, analytics","Sports knowledge, data analysis",No formal certification,"Video analysis software, databases","Scouting Report, Player Evaluation","Scout Assistant, Intern","Head Scout, Recruiting Director","Clubs, Sports Agencies, Colleges","TeamWorks Resources, Coursera Sports Analytics",BA/Sports Management --> Internship --> Sports Scout --> Senior Scout --> Manager,Sports & Fitness
Statistician (Analyzes numbers and data to find trends),"statistics, data, analysis, maths, probability, statistics, research, business, reporting, modelling, software, data science, numbers, problem solving, economics","Statistics, data analysis, math skills",Bachelor? / Master? Statistics,Data Science Certification,"Statistical software (R, SAS, Python)","Data Analysis Project, Report Assistant","Junior Statistician, Data Analyst","Senior Statistician, Research Analyst","Research Firms, Govt, Corporates","Statistical Association Resources, Coursera Statistics",BSc/Statistics/Math --> Internship --> Statistician --> Senior Statistician --> Lead Analyst,Mathematics
Stockbroker (Buys and sells stocks for clients),"stockbroker, finance, trading, stocks, markets, business, investment, economics, communication, analysis, sales, negotiation, risk, money, banking","Financial analysis, trading, communication",Bachelor? / MBA Finance,CFA Level 1 & 2,"Trading platforms, Bloomberg Terminal","Mock Trading Portfolio, Market Analysis","Junior Broker, Trainee Broker","Senior Broker, Portfolio Manager","Investment Banks, Brokerages","Investopedia, CFA Institute, Coursera Finance",BA/Finance/Economics --> Internship --> Stockbroker --> Senior Broker --> Manager,Finance
Store Manager (Runs the daily operations of a store),"store, management, retail, sales, customer service, inventory, business, communication, leadership, organization, merchandising, finance, staff, operations, marketing","Leadership, inventory management, customer service",Bachelor? / Diploma Retail Management,Store Manager Certification,"POS systems, inventory software","Store Layout, Inventory Report","Assistant Manager, Sales Associate","Store Manager, Regional Manager","Retail Chains, Malls","NRF Resources, Coursera Retail Management",BA/Business/Management --> Internship --> Store Manager --> Senior Manager --> Regional Manager,Retail
Stunt Performer (Does dangerous action scenes in movies),"stunt, performance, acting, physical, safety, coordination, training, risk, teamwork, movies, fitness, athletics, creativity, choreography, precision","Physical fitness, stunt training, safety awareness",Professional Training / Workshops,Stunt Performer Certification (varies),"Safety gear, rigging equipment","Choreographed Stunt, Safety Drill","Stunt Assistant, Trainee Performer","Senior Stunt Performer, Coordinator","Film Studios, Production Houses","Stunt Guild Resources, YouTube Stunt Training",Professional Training/Acting Classes --> Entry Role --> Stunt Performer --> Senior Performer --> Coordinator,Entertainment & Media
Substance Abuse Counselor (Helps people recover from addiction),"substance, abuse, counseling, support, psychology, addiction, therapy, communication, health, mental health, social work, treatment, rehabilitation, empathy, patient care","Counseling, addiction therapy, empathy skills",Bachelor? / Master? Counseling,Licensed Substance Abuse Counselor,"Therapy tools, case management software","Recovery Plan, Counseling Session","Counselor Intern, Rehab Assistant","Senior Counselor, Program Director","Rehab Centers, Hospitals","NAADAC Resources, Coursera Addiction Counseling",BA/Psychology/Counseling --> Certification --> Substance Abuse Counselor --> Senior Counselor --> Program Director,Mental Health & Counseling
Substitute Teacher (Teaches classes when the main teacher is away),"substitute, teacher, education, teaching, classroom, communication, students, management, support, curriculum, leadership, learning, adaptability, planning, school","Classroom management, teaching methods",Bachelor? Education,Teaching Certification,"Online teaching platforms, LMS","Lesson Plan, Classroom Activity","Substitute Teacher, Teaching Assistant","Full-time Teacher, Department Head","Schools, Education Boards","Khan Academy, Coursera Education",BA/Education --> Substitute Teacher Training --> Substitute Teacher --> Senior Substitute --> Permanent Teacher,Education
Supply Chain Analyst (Improves how products are made and delivered),"supply, chain, analyst, logistics, data, business, inventory, planning, management, operations, coordination, finance, analysis, optimization, forecasting","Data analysis, logistics, supply chain management",Bachelor? Supply Chain Management,Certified Supply Chain Analyst,"ERP, SCM software, Excel","Inventory Analysis, Demand Forecasting","Supply Chain Assistant, Analyst","Supply Chain Manager, Consultant","Manufacturing, Retail, E-commerce","APICS Resources, Coursera Supply Chain",BBA/Logistics/Supply Chain --> Internship --> Supply Chain Analyst --> Senior Analyst --> Manager,Logistics & Supply Chain
Surgeon (Performs operations to treat injuries or diseases),"surgery, surgeon, medicine, anatomy, biology, health science, treatment, clinical, patient care, operation, diagnosis, healthcare, emergency, precision, medical","Surgical techniques, patient care, anatomy",Medical Degree (MBBS) + Surgery Residency,Board Certification in Surgery,"Surgical instruments, imaging equipment","Simulation Surgery, Patient Case Study","Surgical Resident, Intern","Surgeon, Department Head","Hospitals, Medical Centers","AMA Resources, Coursera Surgery",Medical Degree + Surgery Specialization --> Residency --> Surgeon --> Senior Surgeon --> Consultant,Healthcare
Surveyor (Measures land and property boundaries),"surveying, land, maps, measurement, geometry, engineering, construction, data, GPS, environment, mathematics, planning, boundaries, topography, analysis","Surveying, mapping, GIS, measurements",Diploma / Bachelor? Surveying,Surveyor License,"GPS, GIS software, total station","Topographic Survey, Boundary Mapping","Survey Assistant, Junior Surveyor","Senior Surveyor, Survey Manager","Construction Firms, Govt, Real Estate","ESRI Resources, Coursera Surveying",Diploma/Surveying --> Apprenticeship --> Surveyor --> Senior Surveyor --> Manager,Construction & Inspection
Systems Analyst (Improves computer systems and processes),"systems, analyst, IT, computers, software, business, problem solving, data, communication, design, technology, programming, requirements, analysis, testing","Systems analysis, software development, problem-solving",Bachelor? Computer Science / IT,Systems Analyst Certification,"Diagramming tools, software platforms","Systems Requirement Analysis, Process Mapping","Junior Systems Analyst, Intern","Senior Systems Analyst, IT Manager","Tech Companies, Banks, Govt","Pluralsight, Coursera Systems Analysis",BSc/IT/Computer Science --> Internship --> Systems Analyst --> Senior Analyst --> IT Manager,Technology
Tailor (Makes and alters clothing),"tailoring, sewing, fabric, clothing, fashion, design, measurement, manual skills, textiles, crafts, creativity, repair, customization, production, stitching","Sewing skills, pattern making, garment construction",Vocational Training / Apprenticeship,Certification in Tailoring,"Sewing machines, pattern software","Sew Garment Sample, Pattern Drafting","Tailor Apprentice, Assistant","Senior Tailor, Fashion Designer","Clothing Manufacturers, Boutiques","YouTube Sewing, Udemy Tailoring",Vocational Training --> Apprenticeship --> Tailor --> Senior Tailor --> Manager,Manufacturing
Talent Agent (Finds work for actors and performers),"talent, agent, representation, entertainment, negotiation, marketing, communication, contracts, artists, management, business, promotion, networking, sales, relationship","Talent scouting, negotiation, communication",Bachelor? / Diploma in Arts / Marketing,No formal certification,"CRM, casting software, communication tools","Talent Portfolio, Casting Report","Talent Agent Assistant, Coordinator","Talent Agent, Manager","Entertainment Agencies, Studios","Backstage Resources, Coursera Talent Management",BA/Business/Entertainment --> Internship --> Talent Agent --> Senior Agent --> Director,Entertainment & Media
Tattoo Artist (Creates tattoos on people? skin),"tattoo, artist, art, creativity, skin, design, hygiene, safety, tools, cosmetics, body, expression, client, precision, aesthetics","Tattoo techniques, hygiene, art skills",Vocational Training / Apprenticeship,Tattoo Artist License (varies),"Tattoo machines, sterilization tools","Tattoo Design, Safety Checklist","Trainee Tattoo Artist, Assistant","Senior Tattoo Artist, Studio Owner","Tattoo Studios, Salons","YouTube Tattoo Tutorials, Udemy Tattoo Art",Vocational Training/Apprenticeship --> Entry Level --> Tattoo Artist --> Senior Artist --> Studio Owner,Personal Care
Tax Advisor (Gives advice about taxes and tax planning),"tax, advisor, finance, accounting, law, taxation, business, communication, planning, compliance, money, economics, reporting, audit, consulting","Tax laws, accounting, financial analysis",Bachelor? / Diploma Accounting,Certified Tax Advisor (varies),"Tax software, accounting tools","Tax Return Preparation, Compliance Report","Tax Assistant, Junior Advisor","Senior Tax Advisor, Consultant","Accounting Firms, Corporates","IRS Resources, Coursera Taxation",BA/Accounting/Finance --> Certification --> Tax Advisor --> Senior Advisor --> Manager,Finance
Taxi Driver (Drives passengers to their destinations),"taxi, driver, driving, transportation, customer service, navigation, safety, vehicles, communication, schedule, city, route, vehicle maintenance, service, logistics","Driving skills, navigation, customer service",High School Diploma / Training,Commercial Driver? License,"Navigation apps, communication radios","Route Planning, Customer Service","Driver Trainee, Taxi Driver","Taxi Driver, Fleet Supervisor","Taxi Services, Ride-Hailing Firms","Local Driving Schools, YouTube Driving Tips",Driving License + Training --> Entry Level --> Taxi Driver --> Senior Driver --> Fleet Manager,Transportation
Teacher (Educates students in schools),"teaching, education, communication, classroom, students, curriculum, learning, planning, leadership, assessment, mentoring, knowledge, school, skills, training","Teaching, curriculum development, communication",Bachelor? Education,Teaching Certification,"LMS, presentation software","Lesson Plan, Assessment Activity","Junior Teacher, Teaching Assistant","Senior Teacher, Principal","Schools, Educational Boards","Khan Academy, Coursera Teaching",BA/Education --> Internship --> Teacher --> Senior Teacher --> Principal,Education
Technical Writer (Writes guides and manuals for products),"technical, writing, documentation, communication, manuals, software, clarity, research, editing, business, instructions, technology, content, writing, detail","Technical writing, communication, documentation",Bachelor? / Diploma Technical Writing,Technical Writing Certification,"Document editors, CMS, diagram tools","Manual Draft, Product Documentation","Technical Writer Intern, Assistant","Senior Technical Writer, Editor","Tech Firms, Manufacturing, Pharma","TechWhirl, Coursera Tech Writing",BA/English/Technical Writing --> Internship --> Technical Writer --> Senior Writer --> Editor,Writing & Media
Technology Consultant (Advises businesses on tech solutions),"technology, consultant, IT, business, solutions, communication, problem solving, software, hardware, strategy, project management, analysis, implementation, support, innovation","Technology consulting, business analysis, problem-solving",Bachelor? / MBA IT / Business,IT Consultant Certification,"Project management, CRM, analytics tools","Technology Assessment, Process Improvement","Consultant Analyst, Junior Consultant","Senior Consultant, Manager","Consulting Firms, IT Companies","Deloitte Resources, Coursera IT Consulting",BSc/IT/Business --> Internship --> Technology Consultant --> Senior Consultant --> Manager,Technology
Telecommunications Specialist (Installs and maintains phone and network systems),"telecommunications, specialist, communication, networks, IT, technology, installation, maintenance, systems, data, troubleshooting, signal, infrastructure, business, support","Telecom systems, network management, troubleshooting",Bachelor? Telecom / Electronics,Certified Telecom Specialist,"Network analyzers, telecom software","Network Setup, Trouble Ticketing","Telecom Technician, Support Analyst","Telecom Specialist, Network Manager","Telecom Companies, ISPs","Cisco Resources, Coursera Telecommunications",BSc/Telecommunications --> Internship --> Telecom Specialist --> Senior Specialist --> Manager,Telecommunications
Telemarketer (Calls people to sell products or services),"telemarketing, sales, communication, customer service, marketing, phone, persuasion, business, products, outreach, negotiation, targets, scripting, data, relationship","Sales skills, phone etiquette, customer service",High School Diploma / Training,No formal certification,"CRM software, telephony systems","Sales Script, Customer Interaction","Telemarketer, Call Center Agent","Senior Telemarketer, Sales Manager","Call Centers, Telemarketing Firms","HubSpot Academy, Coursera Sales",Training --> Entry Role --> Telemarketer --> Senior Telemarketer --> Manager,Sales
Television Producer (Oversees making TV shows),"television, production, media, broadcasting, coordination, communication, filming, directing, editing, teamwork, planning, creative, technical, studio, content","Production planning, media coordination, leadership",Bachelor? / Diploma Media Production,Producer Certification,"Editing software, broadcast tools","Production Plan, Segment Editing","Production Assistant, Intern","TV Producer, Media Manager","TV Channels, Production Houses","YouTube Media Production, Coursera TV Production",BA/Film/Media Production --> Internship --> TV Producer --> Senior Producer --> Executive Producer,Entertainment & Media
Test Engineer (Tests products to ensure they work properly),"test, engineer, software, quality assurance, testing, development, programming, debugging, automation, documentation, analysis, problem solving, communication, systems, verification","Software testing, debugging, quality assurance",Bachelor? Computer Science / Engineering,ISTQB Certification,"Test automation tools, bug tracking software","Test Cases, Bug Report","QA Tester, Test Engineer","TLead, QA Manager","Tech Companies, Software Firms","ISTQB Resources, Coursera Software Testing",BSc/Engineering/IT --> Internship --> Test Engineer --> Senior Engineer --> QA Manager,Engineering
Therapist (Helps people cope with personal issues),"therapy, mental health, counseling, support, psychology, communication, treatment, patient care, social work, wellbeing, behavior, clinical, rehabilitation, education, empathy","Counseling, psychology, patient care",Degree in Psychology / Counseling,Licensed Therapist,"Therapy software, assessment tools","Counseling Session, Treatment Plan","Therapist Intern, Assistant","Senior Therapist, Clinical Supervisor","Clinics, Hospitals, NGOs","APA Resources, Coursera Therapy",BA/Psychology/Counseling --> Internship --> Therapist --> Senior Therapist --> Clinic Director,Mental Health & Counseling
Tour Guide (Leads groups to show them places of interest),"tour, guide, travel, communication, history, culture, tourism, customer service, storytelling, planning, geography, education, language, organization, entertainment","Tourism knowledge, communication, local history",Diploma / Degree Tourism,Tour Guide License,"Tour planning apps, GPS devices","Walking Tour Plan, Historical Guide","Tour Guide Trainee, Assistant","Tour Guide, Tour Manager","Tour Companies, Travel Agencies","TripAdvisor Guides, Coursera Tourism",BA/Tourism/Management --> Internship --> Tour Guide --> Senior Guide --> Manager,Tourism
Town Planner (Plans how towns and cities are developed),"town, planning, urban, development, environment, design, architecture, geography, government, zoning, policy, infrastructure, community, sustainability, analysis","Urban planning, GIS, policy knowledge",Bachelor? / Master? Urban Planning,Planner Certification,"GIS software, CAD, planning tools","Development Plan, Zoning Map","Planning Assistant, Junior Planner","Senior Planner, Urban Development Manager","Govt Agencies, Planning Firms","APA Resources, Coursera Urban Planning",BA/Urban Planning/Geography --> Internship --> Town Planner --> Senior Planner --> Director,Urban Planning
Toxicologist (Studies the effects of chemicals on health),"toxicology, chemistry, biology, health, research, environment, medicine, chemicals, safety, analysis, risk, testing, pharmaceuticals, biology, science","Toxicology, chemistry, biology",Bachelor? / Master? Toxicology,No formal certification,"Lab equipment, chemical analysis software","Toxicity Report, Case Study","Lab Technician, Research Assistant","Toxicologist, Senior Scientist","Pharma, Research Labs, Govt","TOXNET, Coursera Toxicology",BSc/Toxicology/Chemistry --> Internship --> Toxicologist --> Senior Toxicologist --> Consultant,Science
Traffic Engineer (Plans roads to keep traffic moving safely),"traffic, engineering, transport, planning, safety, roads, vehicles, infrastructure, management, design, urban, data, analysis, logistics, environment","Traffic engineering, transport systems, safety",Bachelor? Civil / Traffic Engineering,Professional Engineer License (PE),"Traffic modeling software, CAD","Traffic Study, Signal Timing Plan","Traffic Engineer Assistant, Intern","Traffic Engineer, Transport Planner","Transport Departments, Consultants","ITE Resources, Coursera Traffic Engineering",BSc/Engineering/Traffic Management --> Internship --> Traffic Engineer --> Senior Engineer --> Manager,Engineering
Train Conductor (Oversees train operations and passenger safety),"train, conductor, transportation, safety, operations, communication, scheduling, customer service, railway, coordination, logistics, management, travel, vehicles, supervision","Train operations, safety protocols, communication",Vocational Training / Certification,Train Conductor License,"Train control systems, radios","Ticket Verification, Safety Checks","Train Conductor Trainee, Assistant","Train Conductor, Supervisor","Railway Companies, Transit Authorities","FTA Resources, Coursera Rail Operations",Training --> Entry Role --> Train Conductor --> Senior Conductor --> Supervisor,Transportation
Translator (Changes written text from one language to another),"translation, language, communication, bilingual, writing, interpretation, culture, accuracy, education, literature, communication, transcription, understanding, facilitation, multilingual","Language proficiency, interpretation skills",Bachelor? / Certification in Languages,Interpreter Certification,"Translation software, audio tools","Translation Exercises, Interpretation Session","Translator Assistant, Intern","Translator, Senior Interpreter","Translation Agencies, Govt","ATA Resources, Coursera Translation",BA/Languages/Translation --> Certification --> Translator --> Senior Translator --> Manager,Translation & Interpretation
Travel Agent (Helps people plan and book trips),"travel, agent, tourism, booking, customer service, communication, planning, logistics, business, marketing, destinations, flights, hotels, sales, organization","Travel planning, customer service, booking systems",Diploma / Degree Travel & Tourism,Certified Travel Agent,"Booking software, CRM","Travel Itinerary, Booking Management","Travel Agent Assistant, Junior Agent","Travel Agent, Travel Manager","Travel Agencies, Tour Operators","ASTA Resources, Coursera Travel Management",BA/Tourism/Business --> Internship --> Travel Agent --> Senior Agent --> Manager,Travel & Tourism
Tree Surgeon (Cares for and removes trees),"tree, surgery, arboriculture, environment, biology, ecology, safety, pruning, maintenance, equipment, nature, health, conservation, outdoor, forestry","Arboriculture, tree care, safety",Vocational Training / Apprenticeship,Tree Surgeon Certification,"Chainsaws, pruning tools, safety gear","Tree Pruning Project, Safety Audit","Tree Surgeon Trainee, Assistant","Tree Surgeon, Arborist","Forestry Services, Municipalities","ISA Resources, YouTube Tree Care",Vocational Training --> Apprenticeship --> Tree Surgeon --> Senior Surgeon --> Manager,Arboriculture
Truck Driver (Transports goods by truck),"truck, driver, transportation, driving, logistics, safety, vehicles, route, delivery, communication, schedule, freight, warehouse, compliance, operations","Commercial driving skills, vehicle maintenance",Vocational Training / CDL License,Commercial Driver? License (CDL),"GPS, vehicle diagnostics","Route Planning, Safety Checks","Truck Driver Trainee, Helper","Senior Truck Driver, Fleet Manager","Transport Companies, Logistics Firms","Commercial Driver Resources, YouTube Driving Tips",Driving License + Training --> Entry Level --> Truck Driver --> Senior Driver --> Fleet Manager,Transportation
Umpire (Enforces rules in sports games),"umpire, sports, rules, enforcement, decision, communication, fairness, fitness, teamwork, discipline, judgment, competition, observation, authority, conflict resolution","Rules knowledge, decision making, communication",Vocational Training / Certification,Umpire Certification,"Whistles, scorekeeping tools","Game Officiating, Rules Test","Umpire Assistant, Junior Official","Senior Umpire, Head Official","Sports Leagues, Schools","YouTube Sports Officiating, Local Umpire Associations",Training --> Entry Role --> Umpire --> Senior Umpire --> Supervisor,Sports & Fitness
Urban Planner (Designs city layouts and development plans),"urban, planning, city, development, design, environment, policy, geography, infrastructure, community, government, zoning, sustainability, analysis, architecture","Urban planning, GIS, community development",Bachelor? / Master? Urban Planning,Planner Certification,"GIS software, CAD, planning tools","Zoning Map, Urban Design Plan","Planning Assistant, Junior Planner","Senior Planner, City Planner","Govt Agencies, Planning Firms","APA Resources, Coursera Urban Planning",BA/Urban Planning/Architecture --> Internship --> Urban Planner --> Senior Planner --> Director,Urban Planning
UX Designer (Improves how users experience digital products),"UX, design, user experience, interface, creativity, technology, software, research, design, usability, testing, communication, problem solving, interaction, visual","User experience design, UI principles, research","Bachelor? / Diploma Design, HCI","UX Certification (NN/g, Google)","Design tools (Figma, Adobe XD), analytics","UX Research, Wireframe Design","Junior UX Designer, Intern","Senior UX Designer, UX Lead","Tech Firms, Startups","NN/g, Coursera UX Design, YouTube",BA/Design/IT --> Internship --> UX Designer --> Senior Designer --> UX Lead,Technology
Vascular Surgeon (Operates on blood vessels),"vascular, surgeon, medicine, surgery, anatomy, health science, patient care, treatment, clinical, diagnosis, biology, emergency, precision, healthcare, operation","Vascular surgery techniques, anatomy, patient care",Medical Degree + Surgery Residency,Board Certification in Vascular Surgery,"Surgical tools, imaging systems","Simulation Surgery, Patient Case Study","Surgical Resident, Intern","Surgeon, Department Head","Hospitals, Medical Centers","AMA Resources, Coursera Surgery",Medical Degree + Vascular Surgery Specialization --> Residency --> Vascular Surgeon --> Senior Surgeon --> Consultant,Healthcare
Veterinarian (Cares for sick or injured animals),"veterinarian, animal, medicine, health, biology, anatomy, diagnosis, treatment, patient care, clinical, surgery, welfare, biology, pathology, care","Veterinary medicine, animal care, diagnostics",Veterinary Degree (DVM),License to Practice Veterinary Medicine,"Diagnostic tools, medical supplies","Animal Health Check, Case Study","Vet Assistant, Intern","Veterinarian, Clinic Manager","Animal Hospitals, Clinics","AVMA Resources, Coursera Veterinary Medicine",DVM (Veterinary Degree) --> Internship --> Veterinarian --> Senior Veterinarian --> Specialist,Animal Care
Veterinary Technician (Assists vets with animal care),"veterinary, technician, animal, healthcare, biology, support, clinical, patient care, treatment, medicine, laboratory, diagnostics, safety, biology, care","Animal care, lab testing, clinical support",Veterinary Technician Diploma / Associate License / Certification,"Lab equipment, animal care tools","Animal Handling, Sample Collection","Vet Tech Assistant, Lab Technician","Senior Vet Technician, Clinic Supervisor","Animal Clinics, Research Labs","NAVTA Resources, Coursera Veterinary Tech",,Diploma/Veterinary Technician Training --> Clinical Training --> Vet Technician --> Senior Technician --> Manager,Animal Care
Video Editor (Cuts and assembles video footage),"video, editor, media, editing, film, creativity, technology, software, storytelling, production, video, communication, post-production, arts, teamwork","Video editing, storytelling, software skills",Diploma / Bachelor? Media / Film,Video Editing Certification,"Adobe Premiere, Final Cut Pro, DaVinci Resolve","Short Video Edit, Montage Project","Video Editor Assistant, Intern","Senior Editor, Post-Production Lead","Media Companies, Studios","Adobe Tutorials, Coursera Video Editing",Diploma/Video Editing --> Internship --> Video Editor --> Senior Editor --> Lead Editor,Media & Broadcasting
Video Game Tester (Plays games to find bugs and issues),"video, game, tester, software, testing, gaming, quality assurance, debugging, technology, programming, entertainment, communication, problem solving, feedback, analysis","Game testing, bug detection, communication",High School Diploma / Gaming Experience,Certification in Game Testing (optional),"Bug tracking software, consoles","Test Cases, Bug Reporting","Game Tester, QA Intern","QA Lead, Test Manager","Game Studios, Developers","Game Testing Resources, YouTube Game QA",BA/Computer Science/Game Design --> Internship --> Video Game Tester --> QA Lead --> Game QA Manager,Entertainment & Media
Virologist (Studies viruses and diseases),"virology, biology, viruses, research, medicine, health, microbiology, disease, laboratory, science, infection, immunology, biology, clinical, data","Virology, microbiology, lab research",Master? / PhD Microbiology / Virology,No formal certification,"Lab instruments, PCR machines, analysis software","Lab Study, Virus Analysis","Lab Technician, Research Assistant","Virologist, Research Scientist","Research Institutes, Pharma","CDC Resources, Coursera Virology",BSc/Virology/Microbiology --> Internship --> Virologist --> Senior Virologist --> Research Lead,Science
Voice Actor (Provides voices for characters in media),"voice, acting, performance, communication, recording, audio, media, drama, creativity, entertainment, speech, voiceover, theater, narration, language","Voice acting, vocal control, performance","Voice training, acting classes",Voice Actor Certification (optional),"Recording studio, audio software","Demo Reel, Voice Exercises","Junior Voice Actor, Trainee","Senior Voice Actor, Director","Studios, Advertising Agencies","Voices.com, Udemy Voice Acting",BA/Performing Arts --> Training --> Voice Actor --> Senior Voice Actor --> Director,Entertainment & Media
Volunteer Coordinator (Organizes volunteers for programs),"volunteer, coordination, management, nonprofit, communication, organization, community, social work, leadership, events, planning, support, teamwork, fundraising, outreach","Organization, communication, volunteer management",Bachelor? Social Work / Management,No formal certification,"CRM, scheduling tools","Event Planning, Volunteer Coordination","Volunteer Assistant, Coordinator","Volunteer Manager, Program Director","NGOs, Charities, Schools","VolunteerMatch Resources, Coursera Nonprofit Management",BA/Nonprofit Management --> Internship --> Volunteer Coordinator --> Senior Coordinator --> Manager,Nonprofit & Community
Waiter (Serves food and drinks to customers),"waiter, hospitality, customer service, food, communication, restaurant, serving, teamwork, order taking, sales, etiquette, multitasking, teamwork, service, communication","Customer service, multitasking, hospitality skills",High School Diploma / Vocational Training,No formal certification,"POS systems, order management","Table Service Simulation, Customer Interaction","Waiter, Food Service Assistant","Head Waiter, Restaurant Manager","Restaurants, Hotels, Cafes","YouTube Hospitality Skills, Coursera Customer Service",Training --> Entry Level --> Waiter --> Senior Waiter --> Supervisor,Food Service
Warehouse Manager (Runs storage facilities and shipping operations),"warehouse, management, logistics, inventory, storage, shipping, receiving, organization, supply chain, business, planning, operations, safety, teamwork, technology","Leadership, inventory management, logistics",Bachelor? / Diploma Logistics Management,Warehouse Manager Certification,"Inventory software, warehouse management systems","Warehouse Setup Plan, Stock Management","Warehouse Associate, Inventory Clerk","Warehouse Manager, Logistics Coordinator","E-commerce, Manufacturing, Retail","APICS Resources, Coursera Logistics",BA/Business/Logistics --> Internship --> Warehouse Manager --> Senior Manager --> Regional Manager,Logistics & Supply Chain
Waste Management Specialist (Handles garbage and recycling systems),"waste, management, environment, recycling, sanitation, safety, disposal, sustainability, chemicals, health, policy, community, treatment, contamination, public health","Waste management, environmental science, safety",Bachelor? Environmental Science,Certification in Waste Management,"Disposal equipment, tracking software","Waste Audit, Recycling Program Coordinator","Trainee, Waste Management Assistant","Specialist, Manager","Municipalities, Environmental Firms","RecycleNow Resources, Coursera Waste Management",Diploma/Environmental Science --> Internship --> Waste Management Specialist --> Senior Specialist --> Manager,Environmental Services
Water Treatment Operator (Cleans water for safe use),"water, treatment, environment, chemistry, sanitation, biology, safety, quality, operations, engineering, pollution, testing, management, purification, health science","Water treatment, chemistry, safety protocols",Diploma / Bachelor? Environmental Engineering,Water Treatment Operator Certification,"Treatment plant equipment, monitoring tools","Water Quality Test, Treatment Report","Operator Trainee, Assistant","Operator, Plant Manager","Public Utilities, Water Companies","Water Environment Federation, Coursera Water Treatment",Diploma/Water Treatment Technology --> Internship --> Water Treatment Operator --> Senior Operator --> Supervisor,Environmental Services
Web Designer (Creates the look of websites),"web, design, creativity, UX, UI, graphics, coding, HTML, CSS, technology, digital, layout, user experience, software, communication","Web design, graphic design, coding basics",Diploma / Bachelor? Web Design,Certified Web Designer,"Adobe Creative Suite, HTML/CSS editors","Portfolio Website, Landing Page","Web Designer Intern, Junior Designer","Senior Web Designer, UX Designer","Agencies, Startups, Corporates","Envato Tuts+, Coursera Web Design",Diploma/Web Design --> Internship --> Web Designer --> Senior Designer --> Creative Lead,Technology
Web Developer (Builds and maintains websites),"web, development, programming, coding, software, HTML, CSS, JavaScript, backend, frontend, technology, databases, debugging, problem solving, teamwork","Programming, debugging, software development",Bachelor? / MCA Computer Science,Certified Software Developer,"IDE, Git, frameworks (React, Node)","Simple App Development, Bug Fixing","Junior Developer, Intern","Software Engineer, Tech Lead","Google, Microsoft, Infosys","Coursera, Udemy, LeetCode",BSc/Computer Science --> Internship --> Web Developer --> Senior Developer --> Tech Lead,Technology
Welder (Joins metal parts together),"welding, fabrication, metal, construction, tools, safety, manufacturing, repair, engineering, industrial, manual skills, machinery, welding techniques, metalwork, craftsmanship","Welding techniques, blueprint reading, safety",Vocational Training / Apprenticeship,Certified Welder (AWS),"Welding machines, safety gear","Practice Weld, Joint Fabrication","Welding Apprentice, Helper","Senior Welder, Supervisor","Manufacturing, Construction, Shipyards","AWS Resources, YouTube Welding",Vocational Training --> Apprenticeship --> Welder --> Senior Welder --> Supervisor,Manufacturing
Wildlife Biologist (Studies wild animals and their habitats),"wildlife, biology, ecology, environment, conservation, animal, research, biology, fieldwork, habitat, zoology, nature, biology, science, outdoor","Biology, ecology, research, field work",Bachelor? / Master? Biology / Wildlife Science,No formal certification,"Field research tools, GPS, data loggers","Field Study, Animal Tracking Assistant","Research Assistant, Wildlife Technician","Wildlife Biologist, Conservation Scientist","Wildlife Organizations, Govt, NGOs","US Fish & Wildlife, Coursera Ecology",BSc/Biology/Environmental Science --> Internship --> Wildlife Biologist --> Senior Biologist --> Manager,Environmental Science
Wind Turbine Technician (Maintains wind energy equipment),"wind, turbine, technician, renewable energy, engineering, maintenance, safety, mechanical, electrical, environment, technology, repair, wind power, sustainability, tools","Mechanical & electrical skills, renewable energy training",Vocational Training / Associate Degree,Certified Wind Turbine Technician,"Turbine tools, safety equipment","Wind Turbine Inspection, Maintenance","Logistics Assistant, Technician","Senior Technician, Site Supervisor","Renewable Energy Firms, Utilities","NAWTEC, Coursera Renewable Energy",Technical Diploma --> Apprenticeship --> Wind Turbine Technician --> Senior Technician --> Supervisor,Renewable Energy
"Writer (Creates stories, articles, or other written content)","writing, creativity, communication, literature, storytelling, editing, grammar, publishing, media, journalism, language, content, expression, education, research","Writing, storytelling, research, editing","Bachelor? / Diploma Writing, Journalism",No formal certification,"Word processors, CMS, research tools","Short Story, Blog Post","Writer Assistant, Junior Writer","Senior Writer, Editor","Publishing Houses, Media Companies","NaNoWriMo, Coursera Creative Writing",BA/English/Creative Writing --> Internship --> Writer --> Senior Writer --> Editor,Writing & Media
Youth Counselor (Guides and supports young people),"youth, counseling, psychology, support, guidance, communication, social work, mental health, education, development, therapy, mentoring, behavior, community, intervention","Counseling, psychology, mentoring",Bachelor? Social Work / Psychology,Licensed Counselor,"Case management software, communication tools","Client Support Plan, Counseling Session","Counselor Assistant, Intern","Youth Counselor, Program Manager","NGOs, Schools, Social Services","CSWE, Coursera Youth Counseling",BA/Psychology/Social Work --> Internship --> Youth Counselor --> Senior Counselor --> Program Manager,Mental Health & Counseling
Zoologist (Studies animal life and behavior),"zoology, animals, biology, wildlife, environment, research, ecology, conservation, behavior, habitat, science, nature, biology, fieldwork, outdoor","Zoology, animal biology, research methods",Bachelor? / Master? Zoology,No formal certification,"Field research tools, lab equipment","Field Study, Species Survey Assistant","Research Assistant, Lab Technician","Senior Zoologist, Research Scientist","Zoos, Research Institutes, Wildlife NGOs","WWF Resources, Coursera Zoology",BSc/Zoology/Biology --> Internship --> Zoologist --> Senior Zoologist --> Research Lead,Science
3D Modeler (Creates 3D images for games or movies),"3d, modeling, design, animation, graphics, creativity, software, CAD, visualization, art, technology, rendering, digital, engineering, simulation","3D modeling, animation, CAD software",Diploma / Bachelor? Animation / Design,"Certification in 3D Modeling (Autodesk, Blender)","3D software (Maya, Blender), rendering tools","Model Creation, Simple Animation","3D Artist Intern, Junior Modeler","Senior 3D Artist, Art Director","Animation Studios, Game Developers","Autodesk University, Udemy 3D Modeling",BA/3D Modeling/Design --> Internship --> 3D Modeler --> Senior Modeler --> Lead Artist,Arts & Design
Account Executive (Manages client relationships and sales),"account, executive, sales, business, communication, marketing, negotiation, client management, customer service, finance, leadership, targets, strategy, presentation, teamwork","Sales, communication, client management","Bachelor? / MBA Marketing, Business",No formal certification,"CRM software, sales tracking tools","Client Outreach, Sales Report","Sales Assistant, Account Executive","Account Manager, Sales Director","Agencies, Corporates, Startups","HubSpot Academy, Coursera Sales",BA/Business/Marketing --> Internship --> Account Executive --> Senior Executive --> Manager,Sales
Acoustic Engineer (Designs sound systems and controls noise),"acoustic, engineering, sound, physics, audio, technology, waves, environment, design, research, measurement, noise control, mechanical, electronics, analysis","Acoustics, sound engineering, physics",Bachelor? Acoustical Engineering,No formal certification,"Simulation software, sound meters","Room Acoustic Analysis, Sound Test","Assistant Engineer, Intern","Senior Acoustic Engineer, Consultant","Consulting Firms, Audio Companies","ASA Resources, Coursera Acoustics",BSc/Acoustical Engineering --> Internship --> Acoustic Engineer --> Senior Engineer --> Project Lead,Engineering
Adoption Counselor (Helps families through the adoption process),"adoption, counseling, social work, child welfare, communication, psychology, support, family, guidance, case management, social services, legal, advocacy, empathy, care","Counseling, social work, communication",Bachelor? Social Work / Counseling,Licensed Counselor,"Case management software, therapy tools","Case Study, Support Plan","Counselor Intern, Assistant","Adoption Counselor, Program Director","NGOs, Social Services","CSWE Resources, Coursera Counseling",BA/Social Work/Counseling --> Internship --> Adoption Counselor --> Senior Counselor --> Program Director,Social Services
Agricultural Inspector (Checks farms for safety and quality),"agricultural, inspection, farming, biology, environment, food safety, quality control, regulation, crops, livestock, science, policy, monitoring, health, research","Agricultural science, inspection, compliance",Bachelor? Agriculture / Food Science,No formal certification,"Inspection tools, compliance checklists","Inspection Report, Safety Audit","Inspection Assistant, Trainee","Inspector, Quality Control Manager","Govt Agencies, Agri Firms","FAO Resources, Coursera Agriculture",BSc/Agriculture/Environmental Science --> Internship --> Agricultural Inspector --> Senior Inspector --> Manager,Agriculture & Food Safety
Air Marshal (Protects airline passengers during flights),"air, marshal, security, aviation, law enforcement, safety, emergency, communication, surveillance, defense, coordination, investigation, protection, crisis, travel","Security, aviation safety, law enforcement",Vocational Training / Police Academy,Air Marshal Certification,"Security equipment, communication radios","Threat Assessment, Security Drill","Trainee Air Marshal, Assistant","Air Marshal, Security Supervisor","Airlines, Govt Agencies","FAA Resources, Coursera Aviation Security",Military Training --> Officer Cadet --> Air Marshal --> Senior Officer --> Commander,Aviation & Defense
Aircraft Designer (Creates plans for new aircraft),"aircraft, design, aerospace, engineering, mechanics, physics, technology, aerodynamics, manufacturing, CAD, materials, research, innovation, safety, construction","Aerodynamics, CAD, mechanical engineering",Bachelor? Aerospace Engineering,Professional Engineering License (PE),"CAD software (CATIA, SolidWorks), simulation tools","Aircraft Model Design, Stress Analysis","Junior Designer, CAD Technician","Senior Designer, Engineering Lead","Aerospace firms (Boeing, Airbus)","NASA Resources, Coursera Aerospace Engineering",BSc/Engineering/Design --> Internship --> Aircraft Designer --> Senior Designer --> Lead Engineer,Engineering
Allergist (Treats allergies and immune system problems),"allergist, medicine, immunology, health, diagnosis, treatment, biology, clinical, patient care, diseases, therapy, medicine, health science, allergies, clinical","Immunology, patient diagnosis, allergy testing",Medical Degree + Residency,Board Certification in Allergy & Immunology,"Allergy testing kits, patient records","Allergy Testing Simulation, Case Study","Medical Intern, Resident","Allergist, Clinic Specialist","Hospitals, Clinics, Allergy Centers","AMA Resources, Coursera Allergy Medicine",Medical Degree + Allergy Specialization --> Residency --> Allergist --> Senior Allergist --> Consultant,Healthcare
Alumni Relations Coordinator (Keeps connections with former students),"alumni, relations, coordination, communication, event planning, fundraising, marketing, networking, community, education, relationship management, administration, public speaking, organization, engagement","Communication, event management, networking",Bachelor? / Diploma Public Relations,No formal certification,"CRM, event management software","Alumni Event Plan, Outreach Campaign","Alumni Coordinator Assistant, Intern","Alumni Relations Coordinator, Manager","Universities, NGOs, Corporates","CASE Resources, Coursera Event Planning",BA/Communications/PR --> Internship --> Alumni Relations Coordinator --> Senior Coordinator --> Manager,Alumni Relations
Amusement Park Manager (Runs daily operations of a theme park),"amusement, park, management, hospitality, entertainment, customer service, safety, operations, leadership, marketing, events, business, staff management, planning, logistics","Operations management, customer service, leadership",Bachelor? Business Management,Project Management Certification,"POS systems, scheduling software","Amusement Park Operations Plan, Safety Audit","Assistant Manager, Operations Coordinator","Park Manager, Regional Director","Entertainment Parks, Resorts","Disney Institute, Coursera Operations Management",BA/Business/Hospitality --> Internship --> Amusement Park Manager --> Senior Manager --> Director,Entertainment & Hospitality
Animal Control Officer (Handles stray and dangerous animals),"animal, control, enforcement, safety, wildlife, law enforcement, community, animal welfare, investigation, public service, communication, rescue, regulation, protection, environment","Animal handling, law enforcement, observation skills",Vocational Training / Associate Degree,Certification in Animal Control,"Animal traps, communication devices","Animal Capture Report, Shelter Assistance","Animal Control Assistant, Officer","Animal Control Officer, Supervisor","Local Govt, Animal Services","Animal Control Assoc., YouTube Animal Handling",Law Enforcement Training --> Entry Role --> Animal Control Officer --> Senior Officer --> Supervisor,Law Enforcement
Animal Nutritionist (Develops diets to keep animals healthy),"animal, nutrition, biology, diet, health, livestock, research, agriculture, food science, biology, health science, veterinary, feeding, supplementation, animal care","Animal nutrition, biology, diet planning",Bachelor? Animal Science / Nutrition,No formal certification,"Diet analysis software, lab equipment","Nutrition Plan for Livestock, Feed Formulation","Assistant Nutritionist, Lab Technician","Animal Nutritionist, Consultant","Farms, Feed Companies, Zoos","ASAS Resources, Coursera Animal Nutrition",BSc/Animal Science/Nutrition --> Internship --> Animal Nutritionist --> Senior Nutritionist --> Manager,Animal Science
Appraiser (Estimates the value of property or items),"appraiser, valuation, property, real estate, finance, market analysis, business, communication, assessment, report writing, negotiation, economics, research, inspection, evaluation","Valuation methods, property laws, finance",Bachelor? Finance / Real Estate,Appraiser License (varies),"Valuation software, market databases","Property Valuation Report, Market Analysis","Appraisal Assistant, Junior Appraiser","Senior Appraiser, Consultant","Appraisal Firms, Banks, Govt","Appraisal Institute, Coursera Real Estate",BA/Finance/Real Estate --> Certification --> Appraiser --> Senior Appraiser --> Manager,Finance & Valuation
Aquaculturist (Farms fish or seafood),"aquaculture, farming, fish, biology, environment, water, seafood, agriculture, sustainability, research, marine, ecology, biology, conservation, cultivation","Aquaculture methods, fish biology, water quality",Bachelor? Aquaculture / Marine Biology,No formal certification,"Water testing kits, feeding systems","Fish Farming Project, Water Quality Report","Aquaculture Assistant, Technician","Aquaculture Manager, Researcher","Fish Farms, Govt Agencies","FAO Aquaculture, Coursera Marine Biology",BSc/Aquaculture/Marine Biology --> Internship --> Aquaculturist --> Senior Aquaculturist --> Manager,Aquaculture
Aquarist (Cares for fish and marine life in aquariums),"aquarist, marine, animals, aquarium, biology, care, environment, research, aquatic, conservation, habitat, education, animal care, science, zoology","Aquarium maintenance, animal care, water chemistry",Vocational Training / Associate Degree,No formal certification,"Aquarium equipment, water quality test kits","Tank Setup, Species Care Report","Aquarist Assistant, Intern","Aquarist, Aquarium Manager","Public Aquariums, Zoos, Research Centers","AMAZ Resources, YouTube Aquarium Care",BSc/Marine Biology/Zoology --> Internship --> Aquarist --> Senior Aquarist --> Curator,Animal Care
Arborist (Cares for trees and studies their health),"arborist, trees, environment, biology, maintenance, pruning, ecology, safety, conservation, equipment, outdoor, health, forestry, landscaping, biology","Tree care, pruning, safety",Vocational Training / Apprenticeship,ISA Certified Arborist,"Chainsaws, pruning tools, safety gear","Tree Health Assessment, Pruning Project","Arborist Assistant, Trainee","Senior Arborist, Urban Forester","Forestry Services, Municipalities","ISA Resources, YouTube Tree Care",BSc/Forestry/Horticulture --> Internship --> Arborist --> Senior Arborist --> Manager,Forestry
Arson Investigator (Finds the causes of suspicious fires),"arson, investigation, fire, law enforcement, investigation, evidence, crime, safety, forensic, communication, reporting, legal, fire science, police, emergency","Fire investigation, evidence collection, law enforcement",Bachelor? Criminal Justice,Fire Investigator Certification,"Forensic kits, photography equipment","Fire Scene Analysis, Evidence Report","Investigator Assistant, Intern","Fire Investigator, Forensic Specialist","Fire Departments, Police","IAAI Resources, Coursera Forensics",Law Enforcement Training --> Entry Role --> Arson Investigator --> Senior Investigator --> Supervisor,Law Enforcement
Art Appraiser (Estimates the value of artwork),"art, appraiser, valuation, art, antiques, market, research, history, communication, authentication, appraisal, aesthetics, expertise, evaluation, finance","Art valuation, history, market analysis",Bachelor? Art History / Fine Arts,Art Appraiser Certification,"Database software, provenance records","Artwork Valuation Report, Market Study","Appraisal Assistant, Junior Appraiser","Senior Art Appraiser, Consultant","Auction Houses, Galleries","Appraisers Association, Coursera Art History",BA/Art History/Curatorial Studies --> Internship --> Art Appraiser --> Senior Appraiser --> Consultant,Arts & Valuation
Art Handler (Moves and installs artworks safely),"art, handler, transportation, care, art, preservation, packaging, handling, safety, logistics, museum, gallery, conservation, documentation, protection","Art handling, packing, preservation techniques",Vocational Training / Art Handling Certification,No formal certification,"Crating tools, preservation materials","Artwork Packing Project, Condition Report","Art Handler Assistant, Intern","Art Handler, Collection Manager","Museums, Galleries, Auction Houses","Museum Association Resources, YouTube Art Handling",BA/Museum Studies --> Internship --> Art Handler --> Senior Handler --> Manager,Arts Handling
Art Historian (Studies the history of art),"art, historian, history, art, research, culture, analysis, communication, education, visual arts, literature, critique, aesthetics, archives, museums","Art history, research, curation",Bachelor? Art History / Museum Studies,No formal certification,"Archives, databases, cataloguing software","Exhibition Research, Catalog Preparation","Curator Assistant, Researcher","Curator, Museum Director","Museums, Galleries, Universities","Smithsonian Resources, Coursera Art History",BA/Art History --> Internship --> Art Historian --> Senior Historian --> Professor,Arts & Research
Artificial Intelligence Engineer (Builds AI systems and tools),"artificial, intelligence, engineering, programming, machine learning, algorithms, data science, technology, research, computer science, robotics, innovation, software, AI, automation","Machine learning, algorithms, programming",Bachelor? / Master? Computer Science,"AI Certifications (Google, IBM)","Python, TensorFlow, PyTorch","Simple AI Model, Chatbot Project","Junior AI Engineer, Intern","Senior AI Engineer, Researcher","Google, IBM, Microsoft","Coursera AI, fast.ai, deeplearning.ai",BSc/Computer Science/AI --> Internship --> AI Engineer --> Senior Engineer --> AI Architect,Technology
Asbestos Abatement Worker (Removes harmful asbestos materials),"asbestos, abatement, safety, removal, environment, health, hazardous, chemicals, construction, compliance, regulation, protection, equipment, manual work, industrial","Hazardous material handling, safety protocols",Vocational Training / Certification,Asbestos Abatement Certification,"Protective gear, testing equipment","Abatement Project, Safety Report","Abatement Worker Trainee, Assistant","Lead Technician, Safety Manager","Environmental Firms, Construction Companies","EPA Resources, OSHA Guidelines",Certification/Technical Training --> Entry Role --> Asbestos Abatement Worker --> Senior Technician --> Supervisor,Environmental Services
Auctioneer (Runs auctions and sells items to bidders),"auctioneer, sales, marketing, communication, bidding, negotiation, public speaking, finance, commerce, events, customer service, auctions, business, persuasion, presentation","Auction procedures, sales, public speaking",High School Diploma / Vocational Training,No formal certification,"Auction software, public address systems","Mock Auction, Sales Record","Auctioneer Assistant, Trainee","Senior Auctioneer, Auction Manager","Auction Houses, Charities","Auctioneer Associations, YouTube Auctioneering",BA/Communications/Business --> Internship --> Auctioneer --> Senior Auctioneer --> Manager,Auction & Sales
Audiovisual Technician (Sets up audio and video equipment),"audiovisual, technician, media, equipment, setup, communication, video, audio, technology, events, broadcasting, support, troubleshooting, lighting, production","AV equipment operation, troubleshooting, setup",Diploma / Associate Degree AV Technology,Certification in AV Tech,"Audio mixers, projectors, lighting controls","Setup Project, Event Support","AV Technician Assistant, Intern","AV Technician, Event Manager","Event Companies, Broadcast Studios","AVIXA Resources, Coursera AV Tech",Diploma/Audio Visual Technology --> Internship --> Audiovisual Technician --> Senior Technician --> Manager,Media Technology
Aviation Inspector (Checks aircraft for safety and compliance),"aviation, inspection, safety, aircraft, regulation, maintenance, engineering, quality control, compliance, operation, environment, aviation law, technical, communication, transport","Aviation regulations, safety inspection, analysis",Bachelor? Aviation Management / Engineering,Aviation Inspector License,"Inspection tools, maintenance software","Inspection Report, Compliance Check","Inspector Trainee, Assistant","Aviation Inspector, Safety Manager","Airlines, Aviation Authorities","FAA Resources, Coursera Aviation Safety",Aviation Certification --> Training --> Aviation Inspector --> Senior Inspector --> Manager,Aviation Safety
Ballet Dancer (Performs ballet in shows and productions),"ballet, dance, performance, choreography, arts, fitness, movement, flexibility, rhythm, creativity, stage, discipline, expression, music, coordination","Dance techniques, performance, fitness training",Vocational Training / Degree Dance,No formal certification,"Practice studio, choreography software","Performance Routine, Dance Rehearsal","Company Dancer, Trainee","Dancer, Choreographer","Ballet Companies, Theaters","YouTube Ballet, Dance Schools",Professional Training --> Apprenticeship --> Ballet Dancer --> Lead Dancer --> Artistic Director,Performing Arts
Ballistics Expert (Studies firearms and bullets for investigations),"ballistics, forensics, investigation, firearms, law enforcement, crime, analysis, physics, evidence, safety, science, chemistry, ballistic testing, research, legal","Ballistics, firearms analysis, forensic science",Bachelor? Forensic Science / Criminal Justice,Certification in Ballistics Analysis,"Firearm testing tools, microscopes","Ballistics Report, Case Study","Forensic Assistant, Technician","Senior Ballistics Expert, Consultant","Forensic Labs, Law Enforcement","ASCLD Resources, Coursera Forensics",Criminal Justice Training --> Entry Role --> Ballistics Expert --> Senior Expert --> Consultant,Forensics
Bank Examiner (Checks banks to ensure they follow laws),"bank, examiner, finance, auditing, compliance, regulation, banking, accounting, risk, analysis, investigation, money, law, business, reporting","Banking regulations, auditing, finance analysis",Bachelor? Finance / Accounting,Bank Examiner License (varies),"Financial software, audit tools","Audit Report, Compliance Review","Bank Examiner Trainee, Analyst","Senior Examiner, Compliance Officer","Banks, Financial Regulators","ABA Resources, Coursera Banking",BA/Finance/Accounting --> Internship --> Bank Examiner --> Senior Examiner --> Manager,Finance & Compliance
Barista (Prepares coffee and espresso drinks),"barista, coffee, hospitality, customer service, beverage, preparation, food service, communication, teamwork, cafe, brewing, sales, equipment, quality, multitasking","Coffee making, customer service, sales",Vocational Training / Barista Courses,Coffee Certifications (SCA),"Espresso machines, grinders","Brewing Practice, Customer Service","Barista Trainee, Caf?ssistant","Senior Barista, Caf?anager","Coffee Shops, Restaurants","SCA Resources, YouTube Barista Training",Vocational Training --> Entry Level --> Barista --> Senior Barista --> Manager,Food Service
Behavior Analyst (Studies and improves behavior patterns),"behavior, analysis, psychology, therapy, autism, support, communication, data, research, counseling, mental health, intervention, education, development, social skills","Behavioral analysis, data interpretation, therapy",Bachelor? Psychology / Behavior Analysis,BCBA Certification (Board Certified Behavior Analyst),"Behavior tracking software, assessment tools","Treatment Plan, Case Study","Behavior Technician, Intern","Behavior Analyst, Clinical Supervisor","Clinics, Schools, Hospitals","Behavior Analyst Certification Board, Coursera ABA",BA/Psychology/Behavioral Science --> Internship --> Behavior Analyst --> Senior Analyst --> Manager,Behavioral Science
Bicycle Mechanic (Fixes and maintains bicycles),"bicycle, mechanic, repair, maintenance, tools, cycling, transportation, safety, manual skills, technical, mechanical, engineering, equipment, service, adjustment","Bicycle mechanics, repair skills, safety",Vocational Training / Apprenticeship,Certification in Bicycle Mechanics,"Tools, repair kits, diagnostic tools","Bike Repair Project, Tune-Up Service","Mechanic Assistant, Trainee","Lead Mechanic, Shop Manager","Bicycle Shops, Sports Stores","Sheldon Brown, YouTube Bike Repair",Vocational Training --> Entry Level --> Bicycle Mechanic --> Senior Mechanic --> Supervisor,Automotive Repair
Billing Clerk (Prepares and processes invoices and payments),"billing, clerk, finance, accounting, invoicing, payment, data entry, organization, communication, customer service, administration, accuracy, record keeping, business, software","Billing, accounting, attention to detail",High School Diploma / Diploma Billing & Coding,Medical Billing Certification,"Billing software, spreadsheets","Billing Cycle Simulation, Data Entry","Billing Clerk, Assistant","Accountant, Billing Manager","Hospitals, Clinics, Insurance Firms","AAPC Resources, Coursera Medical Billing",Diploma/Accounting --> Internship --> Billing Clerk --> Senior Clerk --> Supervisor,Administrative Support
Bioinformatics Scientist (Analyzes biological data using computers),"bioinformatics, science, biology, computing, genetics, data, research, programming, analysis, statistics, technology, software, genomics, medicine, algorithms","Bioinformatics, programming, biology",Bachelor? Bioinformatics / Biology,No formal certification,"Genomics software, databases","Sequence Analysis, Gene Annotation","Research Assistant, Intern","Bioinformatics Scientist, Data Analyst","Research Institutes, Pharma","NCBI Resources, Coursera Bioinformatics",BSc/Bioinformatics --> Internship --> Bioinformatics Scientist --> Senior Scientist --> Lead Researcher,Healthcare & Data Science
Biomaterials Engineer (Develops materials for medical use),"biomaterials, engineering, materials, biology, chemistry, medical, research, innovation, technology, science, prosthetics, design, development, tissue engineering, bioengineering","Materials science, biomedical engineering, design",Bachelor? Biomedical Engineering,No formal certification,"Design software, lab equipment","Biomaterial Testing, Product Design","Research Assistant, Lab Technician","Senior Engineer, Researcher","Medical Device Firms, Research Labs","IEEE BME, Coursera Biomaterials",BSc/Biomaterials Engineering --> Internship --> Biomaterials Engineer --> Senior Engineer --> Project Lead,Engineering
Biophysicist (Studies physical principles of living things),"biophysics, science, physics, biology, research, data, medicine, analysis, chemistry, mathematics, experimentation, health, technology, molecular, theory","Physics, biology, research methods",Master? Biophysics / Physics,No formal certification,"Lab instruments, simulation software","Protein Modeling, Data Analysis","Research Assistant, Lab Technician","Research Scientist, Professor","Universities, Research Institutes","Biophysical Society, Coursera Biophysics",BSc/Biophysics --> Internship --> Biophysicist --> Senior Scientist --> Research Lead,Science
Biotechnologist (Uses biology to develop new products),"biotechnology, biology, technology, genetics, research, medicine, science, engineering, pharmaceuticals, innovation, environment, agriculture, molecular biology, laboratory, development","Genetics, molecular biology, biotechnology techniques",Bachelor? Biotechnology / Biology,No formal certification,"Lab equipment, sequencing machines","Cloning Experiment, PCR Test","Research Assistant, Lab Technician","Biotechnologist, Scientist","Pharma, Biotech Firms, Research Labs","Nature Biotechnology, Coursera Biotechnology",BSc/Biotechnology --> Internship --> Biotechnologist --> Senior Scientist --> Manager,Biotechnology
Blood Bank Technician (Collects and tests donated blood),"blood, bank, technician, healthcare, laboratory, blood, testing, donation, biology, safety, processing, medical, transfusion, clinical, patient care","Phlebotomy, blood typing, lab safety",Diploma / Certificate Medical Technology,Certified Phlebotomy Technician (CPT),"Lab equipment, blood analyzers","Blood Collection Simulation, Sample Analysis","Lab Technician, Blood Bank Assistant","Senior Technician, Lab Supervisor","Hospitals, Blood Banks","ASCP Resources, Coursera Phlebotomy",Certification/Clinical Training --> Internship --> Blood Bank Technician --> Senior Technician --> Manager,Healthcare Technology
Boat Builder (Constructs boats and marine vessels),"boat, building, construction, woodworking, marine, design, engineering, repair, maintenance, craftsmanship, tools, manufacturing, materials, shipbuilding, manual skills","Woodworking, boat construction, design",Vocational Training / Apprenticeship,No formal certification,"Woodworking tools, CAD software","Small Boat Model, Wood Joinery","Boat Builder Apprentice, Helper","Master Boat Builder, Shop Supervisor","Maritime Companies, Shipyards","Woodworking Schools, YouTube Boat Building",Vocational Training --> Apprenticeship --> Boat Builder --> Senior Builder --> Supervisor,Manufacturing
Bodyguard (Protects individuals from harm),"bodyguard, security, protection, safety, physical fitness, surveillance, law enforcement, emergency, communication, defense, risk, security systems, crowd control, vigilance, training","Security tactics, protection, surveillance",Vocational Training / Security Courses,Bodyguard License (varies),"Security gear, communication devices","Security Drill, Risk Assessment","Bodyguard Trainee, Assistant","Senior Bodyguard, Security Manager","Private Security Firms, Celebrities","ASIS International, Coursera Security",Security Training --> Entry Level --> Bodyguard --> Senior Bodyguard --> Team Lead,Security
Boilermaker (Builds and repairs boilers and tanks),"boilermaker, construction, welding, metalwork, fabrication, safety, industrial, engineering, tools, repair, maintenance, manufacturing, manual skills, trade, machinery","Welding, metalwork, blueprint reading",Vocational Training / Apprenticeship,Certified Boilermaker (AWS),"Welding machines, metal fabrication tools","Boiler Assembly, Welding Practice","Boilermaker Apprentice, Helper","Senior Boilermaker, Supervisor","Construction Firms, Shipyards","AWS Resources, YouTube Welding",Vocational Training --> Apprenticeship --> Boilermaker --> Senior Boilermaker --> Supervisor,Manufacturing
Book Publicist (Promotes books and authors to the public),"book, publicist, marketing, communication, publishing, media, advertising, events, promotion, writing, social media, public relations, campaigns, branding, networking","Public relations, media outreach, marketing",Bachelor? / Diploma Marketing,No formal certification,"PR software, social media tools","Press Release, Campaign Plan","Assistant Publicist, Intern","Publicist, PR Manager","Publishing Houses, Media Firms","PRSA Resources, Coursera PR",BA/Communications/Publishing --> Internship --> Book Publicist --> Senior Publicist --> Manager,Publishing & PR
Border Patrol Agent (Monitors borders to prevent illegal entry),"border, patrol, security, law enforcement, immigration, surveillance, safety, investigation, communication, defense, monitoring, community, transportation, patrol, public safety","Law enforcement, border security, surveillance",Vocational Training / Police Academy,Border Patrol Agent Certification,"Communication radios, surveillance tech","Border Patrol Drill, Incident Reporting","Agent Trainee, Assistant","Border Patrol Agent, Supervisor","Federal Agencies, Homeland Security","US Customs Resources, Coursera Security",Law Enforcement Training --> Entry Role --> Border Patrol Agent --> Senior Agent --> Supervisor,Law Enforcement
Braille Translator (Converts text into Braille for the visually impaired),"braille, translator, accessibility, communication, language, education, disability, literacy, transcription, technology, support, special needs, reading, writing, braille system","Braille language proficiency, translation skills",Training / Certification in Braille Translation,Certified Braille Translator,"Translation software, Braille printers","Translate Documents, Braille Transcription","Translator Assistant, Intern","Lead Translator, Accessibility Specialist","Schools, NGOs, Libraries","National Braille Press, YouTube Braille",BA/Special Education --> Certification --> Braille Translator --> Senior Translator --> Manager,Accessibility Services
Brewmaster (Oversees brewing of beer),"brewmaster, brewing, beer, production, quality control, fermentation, chemistry, microbiology, food science, manufacturing, equipment, taste, process, management, hospitality","Brewing science, fermentation, quality control",Diploma / Certificate Brewing Science,Certified Brewmaster,"Brewing equipment, quality analyzers","Brew Batch Project, Quality Testing","Brewing Assistant, Lab Technician","Brewmaster, Brewery Manager","Breweries, Beverage Companies","SCA Brewing Resources, Coursera Brewing",Vocational Training --> Apprenticeship --> Brewmaster --> Senior Brewer --> Manager,Food & Beverage
Bridge Inspector (Checks bridges for safety and maintenance),"bridge, inspector, engineering, construction, safety, structure, maintenance, inspection, civil, environment, transportation, repair, assessment, compliance, technical","Bridge engineering, inspection, safety protocols",Bachelor? Civil Engineering,Bridge Inspector Certification,"Drones, structural analysis software","Bridge Inspection Report, Safety Audit","Inspector Assistant, Junior Engineer","Senior Inspector, Project Manager","Govt Agencies, Engineering Firms","ASCE Resources, Coursera Civil Engineering",Diploma/Engineering --> Internship --> Bridge Inspector --> Senior Inspector --> Manager,Construction Inspection
Broadcast Journalist (Reports news on TV or radio),"broadcast, journalist, media, reporting, communication, news, writing, storytelling, investigation, interviewing, editing, public speaking, media, research, television","Journalism, reporting, media ethics",Bachelor? Journalism / Mass Communication,No formal certification,"Editing software, recording equipment","News Report, Interview Project","Reporter Intern, Assistant","Journalist, Editor","Media Companies, News Agencies","Poynter Institute, Coursera Journalism",BA/Journalism/Communications --> Internship --> Broadcast Journalist --> Senior Journalist --> Editor,Media & Journalism
Bursar (Manages financial accounts in schools or colleges),"bursar, finance, accounting, management, budgeting, administration, education, communication, reporting, payroll, business, finance, student accounts, organization, records","Finance, accounting, record keeping",Bachelor? / Diploma Accounting,Bursar Certification (varies),"Accounting software, spreadsheets","Financial Report, Budget Plan","Assistant Bursar, Accountant","Bursar, Finance Manager","Schools, Universities, Corporations","Financial Accounting Books, Coursera Finance",BA/Finance/Accounting --> Internship --> Bursar --> Senior Bursar --> Manager,Finance & Accounting
Business Development Manager (Finds new opportunities and clients for a company),"business, development, management, sales, marketing, strategy, communication, negotiation, leadership, planning, growth, customer, networking, finance, operations","Sales, business development, negotiation",Bachelor? Business / Marketing,No formal certification,"CRM software, presentation tools","Sales Pitch, Lead Generation","Business Development Associate, Intern","Manager, Director","Startups, Corporates, Agencies","HubSpot Academy, Coursera Sales",BA/Business/Marketing --> Internship --> Business Development Manager --> Senior Manager --> Director,Business & Sales
Business Intelligence Analyst (Analyzes data to support decisions),"business, intelligence, analyst, data, analysis, reporting, IT, business, software, decision making, statistics, management, databases, performance, strategy","Data analysis, reporting, business intelligence",Bachelor? Computer Science / Business Intelligence,Certified BI Analyst,"BI tools (Power BI, Tableau), SQL","Data Dashboard, Report Automation","BI Analyst Intern, Data Analyst","Senior BI Analyst, BI Manager","Tech Companies, Consultancies","Microsoft Learn, Coursera BI",BSc/Computer Science/IT --> Internship --> Business Intelligence Analyst --> Senior Analyst --> Manager,Business Intelligence
Cabinetmaker (Builds custom cabinets and wooden furniture),"cabinetmaker, woodworking, furniture, construction, craftsmanship, tools, design, repair, manual skills, manufacturing, precision, carpentry, materials, trade, creativity","Woodworking, cabinet construction, finishing",Vocational Training / Apprenticeship,No formal certification,"Carpentry tools, CNC machines","Small Cabinet Build, Finish Sample","Cabinetmaker Apprentice, Assistant","Master Cabinetmaker, Shop Lead","Furniture Companies, Contractors","Woodworking Schools, YouTube Carpentry",Vocational Training --> Apprenticeship --> Cabinetmaker --> Senior Cabinetmaker --> Supervisor,Manufacturing & Woodworking
Call Center Manager (Supervises call center operations and staff),"call, center, management, customer service, communication, leadership, operations, scheduling, sales, teamwork, problem solving, training, support, metrics, quality","Call center management, leadership, communication",Bachelor? Business Management,No formal certification,"Call center CRM, workforce management software","Team Schedule, Call Analysis","Call Center Agent, Supervisor","Call Center Manager, Operations Manager","Call Centers, BPO Firms","HubSpot Academy, Coursera Customer Service",BA/Business/Management --> Internship --> Call Center Manager --> Senior Manager --> Director,Customer Service Management
Camera Repair Technician (Fixes cameras and photography equipment),"camera, repair, technician, electronics, tools, maintenance, troubleshooting, optics, photography, technology, mechanical, manual skills, service, technical, precision","Camera repair, electronics, troubleshooting",Vocational Training / Electronics Diploma,Certification in Electronics Repair,"Testing tools, repair kits","Camera Disassembly, Repair Practice","Technician Assistant, Intern","Camera Repair Technician, Specialist","Camera Stores, Service Centers","YouTube Electronics Repair, Udemy Repair Tech",Vocational Training --> Apprenticeship --> Camera Repair Technician --> Senior Technician --> Manager,Electronics Repair
Campaign Manager (Runs political or marketing campaigns),"campaign, manager, marketing, politics, communication, planning, leadership, strategy, organization, public relations, fundraising, events, social media, management, coordination","Campaign planning, political strategy, communication",Bachelor? Political Science / Marketing,No formal certification,"Campaign management tools, CRM","Voter Outreach Plan, Social Media Campaign","Campaign Assistant, Volunteer","Campaign Manager, Political Consultant","Political Parties, NGOs","YouTube Campaigning, Coursera Political Science",BA/Political Science/Public Relations --> Internship --> Campaign Manager --> Senior Manager --> Director,Political Campaigns
Cancer Registrar (Collects data about cancer cases),"cancer, registrar, healthcare, data, oncology, patient, records, statistics, reporting, medical, research, biology, analysis, documentation, clinical","Medical coding, data analysis, record keeping",Associate Degree / Certificate Health Info Management,Certified Cancer Registrar (CTR),"Medical coding software, databases","Data Entry Project, Case Documentation","Registrar Assistant, Data Clerk","Cancer Registrar, Health Info Manager","Hospitals, Cancer Centers","NAACCR Resources, Coursera Health Informatics",BA/Health Information Management --> Internship --> Cancer Registrar --> Senior Registrar --> Manager,Healthcare Data
Canning Machine Operator (Operates machines that seal food in cans),"canning, machine, operator, manufacturing, production, machinery, food processing, quality control, safety, packaging, equipment, industrial, factory, operation, maintenance","Machine operation, packaging, safety protocols",Vocational Training / Apprenticeship,No formal certification,"Machinery, safety equipment","Operation Simulation, Safety Checks","Machine Operator Trainee, Assistant","Shift Supervisor, Operations Manager","Manufacturing, Food Processing Companies","OSHA Guidelines, YouTube Machinery Safety",Vocational Training --> Apprenticeship --> Canning Machine Operator --> Senior Operator --> Supervisor,Manufacturing
Cardiologist (Treats heart and blood vessel diseases),"cardiology, medicine, heart, healthcare, biology, anatomy, treatment, diagnosis, clinical, patient care, research, health science, emergency, surgery, medicine","Cardiology, patient care, diagnostics",Medical Degree + Residency,Board Certification in Cardiology,"ECG machines, imaging tools","Patient Case Study, Diagnostic Practice","Medical Intern, Resident","Cardiologist, Head of Department","Hospitals, Clinics, Research Centers","AMA Resources, Coursera Cardiology",Medical Degree + Cardiology Specialization --> Residency --> Cardiologist --> Senior Cardiologist --> Consultant,Healthcare
Career Counselor (Helps people choose and plan careers),"career, counseling, guidance, education, psychology, communication, development, support, planning, mentoring, skills, assessment, motivation, job, training","Career guidance, counseling, communication",Bachelor? Education / Psychology,Career Counselor Certification,"Career assessment tools, databases","Mock Counseling Session, Career Plan","Counselor Assistant, Intern","Career Counselor, Program Manager","Schools, Colleges, Career Centers","NCDA Resources, Coursera Career Counseling",BA/Psychology/Counseling --> Internship --> Career Counselor --> Senior Counselor --> Manager,Career Services
Cartoonist (Draws cartoons for publications or media),"cartoonist, drawing, creativity, art, illustration, animation, storytelling, media, design, comics, digital art, communication, entertainment, humor, visual arts","Drawing, creativity, illustration skills",Bachelor? / Diploma Fine Arts,No formal certification,"Digital tablets, illustration software","Character Sketch, Comic Strip","Junior Illustrator, Intern","Cartoonist, Art Director","Publishing Houses, Animation Studios","YouTube Drawing, Udemy Illustration",BA/Fine Arts/Animation --> Internship --> Cartoonist --> Senior Artist --> Creative Director,Arts & Entertainment
Casino Manager (Oversees casino operations and staff),"casino, management, hospitality, business, gaming, customer service, operations, leadership, marketing, finance, security, events, entertainment, staff, compliance","Management, finance, hospitality operations",Bachelor? / Diploma Hospitality Management,No formal certification,"POS, CRM, event planning software","Event Plan, Financial Report","Assistant Manager, Supervisor","Casino Manager, Operations Director","Casinos, Entertainment Companies","American Casino Assoc., Coursera Hospitality",BA/Business/Management --> Internship --> Casino Manager --> Senior Manager --> Director,Gaming & Hospitality
Catering Manager (Organizes food services for events),"catering, management, food service, hospitality, planning, event, coordination, customer service, marketing, organization, leadership, budgeting, sales, team, logistics","Event planning, catering management, budgeting",Bachelor? / Diploma Hospitality Management,Certified Catering Manager,"Catering software, budgeting tools","Menu Planning, Event Setup","Assistant Catering Manager, Coordinator","Catering Manager, Hospitality Director","Hotels, Catering Firms","YouTube Event Planning, Coursera Catering",BA/Hospitality/Management --> Internship --> Catering Manager --> Senior Manager --> Director,Food Service
Ceramic Engineer (Develops ceramic materials and products),"ceramic, engineering, materials, manufacturing, science, design, chemistry, technology, research, pottery, construction, production, quality, development, industrial","Ceramic materials, engineering, manufacturing",Bachelor? Materials Science / Ceramic Engineering,No formal certification,"Lab equipment, kilns, CAD software","Material Testing, Product Design","Research Assistant, Lab Technician","Senior Engineer, Project Manager","Ceramics Manufacturers, Research Labs","ASM Resources, Coursera Materials Science",BSc/Ceramics/Engineering --> Internship --> Ceramic Engineer --> Senior Engineer --> Manager,Engineering
Charity Fundraiser (Raises money for nonprofit organizations),"charity, fundraising, nonprofit, communication, marketing, events, management, community, organization, support, donation, networking, planning, leadership, social work","Fundraising, marketing, donor relations",Bachelor? / Diploma Fundraising,No formal certification,"CRM, social media tools","Fundraising Campaign, Donor Database Assistant","Fundraising Assistant, Intern","Fundraiser Manager, Development Director","Nonprofits, Charities","AFP Resources, Coursera Fundraising",BA/Nonprofit/Communications --> Internship --> Charity Fundraiser --> Senior Fundraiser --> Director,Nonprofit & Fundraising
Child Life Specialist (Supports children in hospitals emotionally),"child, life, specialist, psychology, children, support, healthcare, communication, counseling, development, therapy, education, family, mental health, empathy","Child development, counseling, healthcare",Bachelor? Child Life Specialist Certification,Certified Child Life Specialist (CCLS),"Therapy toys, assessment tools","Therapy Session, Family Support Plan","Child Life Assistant, Intern","Child Life Specialist, Program Manager","Hospitals, Therapy Centers","APHL, Coursera Child Life Specialist",BA/Psychology/Child Development --> Internship --> Child Life Specialist --> Senior Specialist --> Manager,Healthcare
Child Psychologist (Helps children with mental and emotional issues),"child, psychologist, psychology, counseling, development, behavior, mental health, therapy, education, research, communication, children, support, assessment, social work","Child psychology, therapy, research",Bachelor? / Master? Psychology,License to Practice Psychology,"Psychometric tools, therapy software","Counseling Session, Case Study","Assistant Psychologist, Intern","Child Psychologist, Clinical Supervisor","Clinics, Schools, Hospitals","APA Resources, Coursera Child Psychology",BA/Psychology --> Internship --> Child Psychologist --> Senior Psychologist --> Consultant,Healthcare
Chocolatier (Creates and makes chocolate products),"chocolatier, food, confectionery, chocolate, creativity, production, culinary, manufacturing, quality control, business, marketing, craftsmanship, taste, art, ingredients","Chocolate making, confectionery skills",Vocational Training / Apprenticeship,No formal certification,"Chocolate tempering machines, molds","Chocolate Batch Production, Quality Testing","Assistant Chocolatier, Apprentice","Chocolatier, Shop Owner","Chocolatiers, Bakeries","YouTube Chocolate Making, Udemy Confectionery",Vocational Training --> Apprenticeship --> Chocolatier --> Senior Chocolatier --> Manager,Food & Beverage
City Manager (Oversees operations of a city? government),"city, management, administration, governance, planning, policy, communication, leadership, urban, public service, budgeting, development, government, organization, strategy","Public administration, leadership, policy",Bachelor? Public Administration / Political Science,No formal certification,"Policy analysis tools, budgeting software","Community Plan, Policy Report","City Manager Assistant, Intern","City Manager, Regional Administrator","Local Governments, Municipalities","ICMA Resources, Coursera Public Administration",BA/Public Administration --> Internship --> City Manager --> Senior Manager --> Director,Government & Public Administration
Claims Examiner (Reviews insurance claims for accuracy),"claims, examination, insurance, finance, investigation, customer service, law, compliance, assessment, reporting, analysis, risk, adjustment, data, policy","Insurance policies, claims evaluation, attention to detail",Bachelor? Finance / Insurance,Claims Adjuster License (varies),"Claims management software, MS Office","Claims Review Project, Fraud Detection","Claims Examiner Assistant, Trainee","Senior Claims Examiner, Manager","Insurance Companies, Banks","NAIC Resources, Coursera Insurance",BA/Finance/Accounting --> Internship --> Claims Examiner --> Senior Examiner --> Manager,Insurance
Clinical Research Coordinator (Manages clinical medical studies),"clinical, research, healthcare, coordination, trials, data, patient, management, ethics, medicine, biology, communication, science, documentation, compliance","Clinical trial management, patient coordination, documentation",Bachelor? Life Sciences / Nursing,CCRC Certification (Clinical Research Coordinator),"Trial management software, EHR","Patient Recruitment Plan, Data Collection","Research Assistant, Coordinator","Trail Manager, Clinical Research Manager","Pharma Companies, Hospitals","ACRP Resources, Coursera Clinical Trials",BA/Life Sciences/Health --> Internship --> Clinical Research Coordinator --> Senior Coordinator --> Manager,Healthcare
Clinical Social Worker (Provides therapy and social services),"clinical, social, work, counseling, support, mental health, therapy, psychology, healthcare, communication, community, social services, patient, intervention, education","Counseling, social work, therapy techniques",Master? Social Work (MSW),Licensed Clinical Social Worker (LCSW),"Therapy software, case management tools","Mock Therapy Session, Client Case Study","Social Work Assistant, Intern","Clinical Social Worker, Supervisor","Clinics, Hospitals, NGOs","CSWE, Coursera Social Work",BA/Social Work --> Licensing --> Clinical Social Worker --> Senior Social Worker --> Supervisor,Mental Health & Counseling
Coast Guard (Protects waterways and conducts rescues),"coast, guard, maritime, safety, security, rescue, law enforcement, navigation, communication, emergency, patrol, environment, public service, operations, training","Maritime navigation, safety, emergency response",Training Academy / Military,Coast Guard Certification,"Vessel tracking, communication radios","Search and Rescue Drill, Vessel Inspection","Coast Guard Trainee, Cadet","Coast Guard Officer, Specialist","Coast Guard, Maritime Authorities","USCG Resources, Military Training Portals",Military Training --> Entry Role --> Coast Guard --> Senior Officer --> Commander,Maritime & Defense
Collections Manager (Oversees collection of overdue payments),"collections, management, finance, accounting, customer service, debt, negotiation, communication, billing, recovery, data, business, reporting, operations, credit","Debt collection, negotiation, communication",Bachelor? Business / Finance,No formal certification,Collection management software,"Payment Plan Proposal, Customer Negotiation","Collections Assistant, Agent","Collections Manager, Debt Recovery Manager","Banks, Financial Firms","ACA Resources, Coursera Collections",BA/Business/Finance --> Internship --> Collections Manager --> Senior Manager --> Director,Finance
Colorist (Adds color to drawings or films),"colorist, art, design, creativity, graphics, media, visual, digital, painting, photography, aesthetics, image, communication, editing, illustration","Color theory, photo/video editing, software proficiency",Diploma / Bachelor? Fine Arts / Media,Colorist Certification (DaVinci Resolve),"DaVinci Resolve, Photoshop","Color Correction Project, Grading Demo","Junior Colorist, Intern","Senior Colorist, Post-Production Lead","Film Studios, Media Agencies","Blackmagic Design Tutorials, Udemy Color Grading",Vocational Training --> Apprenticeship --> Colorist --> Senior Colorist --> Studio Lead,Arts & Design
Comic Book Artist (Draws comics and graphic novels),"comic, book, artist, drawing, creativity, storytelling, art, illustration, comics, design, media, entertainment, digital art, narrative, visual arts","Illustration, storytelling, digital art skills",Diploma / Bachelor? Fine Arts,No formal certification,"Digital tablets, Photoshop, Clip Studio Paint","Comic Strip, Character Design","Assistant Illustrator, Intern","Comic Artist, Art Director","Publishers, Animation Studios","YouTube Drawing, Udemy Comics",BA/Fine Arts/Graphic Design --> Internship --> Comic Book Artist --> Senior Artist --> Creative Director,Arts & Entertainment
Communications Director (Leads communication and public relations),"communications, director, management, strategy, public relations, marketing, media, leadership, communication, branding, messaging, social media, corporate, planning, outreach","Leadership, public relations, strategic communication",Bachelor? Communications / PR,No formal certification,"PR tools, analytics software","Campaign Plan, Media Relations","Communications Assistant, Coordinator","Director, PR Manager","Corporates, NGOs, Media Firms","PRSA Resources, Coursera Communications",BA/Communications/Public Relations --> Internship --> Communications Director --> Senior Director --> Executive,Marketing & Communications
Community Health Worker (Supports public health in local communities),"community, health, worker, support, healthcare, education, communication, outreach, social work, public health, advocacy, assistance, mental health, community, wellness","Health education, community outreach, social services",Bachelor? Public Health / Social Work,No formal certification,"Community databases, outreach tools","Health Awareness Campaign, Community Survey","Community Health Worker, Assistant","Program Manager, Health Coordinator","NGOs, Hospitals, Govt Agencies","CDC Resources, Coursera Public Health",BA/Public Health/Social Work --> Internship --> Community Health Worker --> Senior Worker --> Program Manager,Public Health
Community Service Manager (Runs programs that help communities),"community, service, management, social work, leadership, nonprofit, communication, programs, planning, organization, outreach, coordination, public service, support, advocacy","Community management, program development, leadership",Bachelor? Social Work / Management,No formal certification,"CRM, project management tools","Program Plan, Volunteer Coordination","Community Service Assistant, Intern","Service Manager, Program Director","NGOs, Municipalities, Schools","Grantmakers Resources, Coursera Nonprofit Management",BA/Public Administration/Social Work --> Internship --> Community Service Manager --> Senior Manager --> Director,Social Services
Compliance Manager (Ensures company follows rules and laws),"compliance, management, law, regulation, business, ethics, risk, audit, standards, communication, reporting, governance, policies, monitoring, enforcement","Regulatory compliance, auditing, risk management",Bachelor? Business / Law,Compliance Certification (CCEP),"Compliance management software, spreadsheets","Compliance Audit, Risk Assessment","Compliance Assistant, Analyst","Manager, Compliance Officer","Corporates, Banks, Healthcare","Compliance Week, Coursera Compliance",BA/Law/Compliance --> Internship --> Compliance Manager --> Senior Manager --> Director,Legal & Compliance
Computer Forensics Analyst (Investigates cybercrimes and data breaches),"computer, forensics, investigation, cybersecurity, data, analysis, IT, law enforcement, digital, evidence, security, crime, technology, programming, network","Cybersecurity, digital forensics, investigation",Bachelor? Computer Science / IT,"CEH, CHFI Certifications","Forensic tools (EnCase, FTK), logs","Mock Forensic Analysis, Incident Report","Junior Analyst, Intern","Forensic Analyst, Cybersecurity Specialist","Consulting Firms, Law Enforcement","Coursera Cybersecurity, EC-Council",BSc/Computer Science/Cybersecurity --> Internship --> Computer Forensics Analyst --> Senior Analyst --> Manager,Cybersecurity & Forensics
Conductor (Leads musical groups or operates trains),"conductor, music, orchestra, leadership, performance, coordination, music theory, rehearsal, communication, arts, teamwork, directing, creativity, entertainment, rhythm","Music theory, baton techniques, leadership",Vocational Training / Degree Music,No formal certification,"Conductor? baton, score sheets","Conducting Practice, Ensemble Management","Assistant Conductor, Intern","Conductor, Music Director","Orchestras, Theaters","YouTube Conducting, Berklee Resources",BA/Music --> Internship --> Conductor --> Senior Conductor --> Music Director,Transportation
Conservation Officer (Protects wildlife and natural resources),"conservation, officer, environment, wildlife, law enforcement, protection, ecology, safety, community, natural resources, research, education, policy, outdoor, monitoring","Wildlife law enforcement, patrolling, conservation",Bachelor? Environmental Science / Criminal Justice,Conservation Officer License,"GPS, radios, enforcement tools","Field Patrol, Wildlife Monitoring","Officer Trainee, Assistant","Conservation Officer, Supervisor","Wildlife Agencies, Parks","Wildlife Society Resources, Coursera Conservation",BA/Environmental Science/Forestry --> Internship --> Conservation Officer --> Senior Officer --> Manager,Law Enforcement
Construction Estimator (Calculates costs for building projects),"construction, estimating, planning, budgeting, engineering, project management, materials, cost, analysis, business, architecture, communication, math, scheduling, reporting","Cost estimating, project management, construction knowledge",Bachelor? Construction Management / Engineering,Certified Cost Estimator (AACE),"Estimating software, CAD tools","Project Cost Estimate, Bid Analysis","Estimator Assistant, Junior Estimator","Senior Estimator, Project Manager","Construction Firms, Contractors","AACE Resources, Coursera Estimating",Diploma/Civil Engineering --> Internship --> Construction Estimator --> Senior Estimator --> Manager,Construction & Trades
Consumer Advocate (Helps protect buyers?rights and interests),"consumer, advocacy, support, communication, rights, education, law, marketing, research, counseling, protection, policy, public, business, awareness","Consumer rights, research, advocacy skills",Bachelor? Law / Public Policy,No formal certification,"Survey tools, data analysis software","Consumer Survey, Policy Report","Advocate Assistant, Researcher","Consumer Advocate, Policy Analyst","NGOs, Government Agencies","Consumer Reports, Coursera Advocacy",BA/Law/Advocacy --> Internship --> Consumer Advocate --> Senior Advocate --> Director,Consumer Advocacy
Content Strategist (Plans and manages online content),"content, strategy, digital, marketing, communication, social media, planning, writing, SEO, media, branding, analytics, creativity, business, management","Content planning, SEO, digital marketing",Bachelor? Communications / Marketing,No formal certification,"Content management systems, SEO tools","Content Calendar, Blog Post","Junior Content Strategist, Intern","Content Strategist, Manager","Marketing Agencies, Media Firms","HubSpot Academy, Coursera Content Marketing",BA/Marketing/Communications --> Internship --> Content Strategist --> Senior Strategist --> Manager,Marketing & Communications
Contract Administrator (Handles contracts for businesses or projects),"contract, administration, management, law, business, negotiation, compliance, communication, documentation, procurement, finance, planning, legal, contracts, organization","Contract law, negotiation, documentation",Bachelor? Business / Law,No formal certification,Contract management software,"Contract Drafting, Compliance Check","Contract Administrator Assistant, Clerk","Contract Manager, Legal Consultant","Corporates, Law Firms","American Bar Association, Coursera Contracts",BA/Law/Business --> Internship --> Contract Administrator --> Senior Administrator --> Manager,Legal & Contracts
Control Room Operator (Monitors systems in facilities or plants),"control, room, operations, monitoring, security, communication, emergency, systems, technology, coordination, safety, data, management, analysis, surveillance","Process control, safety monitoring, equipment operation",Technical Diploma / Engineering,Operator Certification,"SCADA systems, control panels","Simulation Operation, Safety Checks","Operator Trainee, Assistant","Control Room Operator, Supervisor","Utilities, Manufacturing Firms","ISA Resources, Coursera Process Control",Technical Training --> Internship --> Control Room Operator --> Senior Operator --> Manager,Energy & Utilities
Copy Editor (Checks and corrects written material),"copy, editing, writing, proofreading, grammar, communication, publishing, content, media, language, style, attention to detail, editing, journalism, literature","Editing, grammar, content review",Bachelor? English / Journalism,No formal certification,"Editing software, CMS","Article Editing, Proofreading","Assistant Editor, Copy Editor","Junior Editor, Editor","Publishing Houses, Media Firms","Grammarly Blog, Coursera Editing",BA/English/Journalism --> Internship --> Copy Editor --> Senior Editor --> Managing Editor,Writing & Media
Corporate Trainer (Teaches employees skills and procedures),"corporate, training, management, education, communication, leadership, development, skills, coaching, business, presentations, workshops, HR, planning, mentoring","Training, communication, instructional design",Bachelor? Education / HR,No formal certification,"Learning Management Systems, presentation tools","Training Module, Workshop Plan","Training Assistant, Coordinator","Corporate Trainer, Training Manager","Corporates, Training Firms","ATD Resources, Coursera Training",BA/HR/Training --> Internship --> Corporate Trainer --> Senior Trainer --> Manager,Training & Development
Correctional Treatment Specialist (Supports rehabilitation of inmates),"correctional, treatment, social work, counseling, rehabilitation, criminal justice, therapy, support, psychology, behavior, communication, mental health, intervention, law, community","Counseling, rehabilitation, case management",Master? Social Work / Psychology,Licensed Counselor,"Treatment planning software, client records","Case Study, Therapy Plan","Treatment Specialist Assistant, Intern","Correctional Specialist, Program Manager","Correctional Facilities, NGOs","CSWE, Coursera Rehabilitation Counseling",BA/Social Work/Criminal Justice --> Internship --> Correctional Treatment Specialist --> Senior Specialist --> Supervisor,Social Services
Cost Accountant (Tracks and analyzes business expenses),"cost, accounting, finance, budgeting, business, analysis, management, reporting, economics, accounting principles, cost control, data, communication, planning, auditing","Cost accounting, budgeting, finance",Bachelor? Accounting / Finance,CPA or equivalent,"Accounting software, spreadsheets","Cost Report, Budget Analysis","Junior Accountant, Assistant","Cost Accountant, Finance Manager","Manufacturing Firms, Corporates","CPA Resources, Coursera Accounting",BA/Accounting/Finance --> Internship --> Cost Accountant --> Senior Accountant --> Manager,Finance & Accounting
Cost Estimator (Predicts costs for products or projects),"cost, estimating, construction, budgeting, engineering, planning, project management, materials, finance, analysis, reporting, business, communication, architecture, scheduling","Estimating, budgeting, project planning",Bachelor? Engineering / Construction,Certified Cost Estimator (AACE),"Estimating software, CAD tools","Project Budget, Cost Estimate","Estimator Assistant, Junior Estimator","Senior Estimator, Project Manager","Construction, Engineering Firms","AACE Resources, Coursera Estimating",Diploma/Construction/Engineering --> Internship --> Cost Estimator --> Senior Estimator --> Manager,Construction & Trades
Court Clerk (Maintains court records and schedules),"court, clerk, administration, law, documentation, records, legal, communication, scheduling, support, judiciary, reporting, organization, office, case management","Legal procedures, administration, record keeping",Associate Degree / Diploma Legal Studies,No formal certification,"Case management software, filing systems","Court Filing, Case Document Preparation","Court Clerk, Assistant","Chief Clerk, Court Administrator","Courts, Legal Firms","Local Bar Associations, Coursera Legal Studies",BA/Law/Administration --> Internship --> Court Clerk --> Senior Clerk --> Supervisor,Legal & Court
Court Interpreter (Translates spoken language during trials),"court, interpreting, language, translation, legal, communication, bilingual, accuracy, transcription, interpretation, cultural, law, courtroom, support, facilitation","Language proficiency, interpretation skills, legal knowledge",Diploma / Bachelor? Languages / Law,Certified Court Interpreter (varies),"Interpretation equipment, glossaries","Mock Court Interpretation, Transcript Review","Interpreter Assistant, Trainee","Court Interpreter, Senior Interpreter","Courts, Legal Agencies","NAJIT Resources, Coursera Interpretation",BA/Languages/Translation --> Certification --> Court Interpreter --> Senior Interpreter --> Manager,Legal & Court
Craftsperson (Makes handmade items or art),"craftsmanship, artisan, manual skills, creativity, design, tools, handmade, art, construction, woodworking, metalwork, textile, creativity, precision, fabrication","Handcraft, precision, materials knowledge",Vocational Training / Apprenticeship,No formal certification,"Hand tools, crafting materials","Small Craft Project, Repair Work","Craftsperson Apprentice, Assistant","Master Craftsperson, Shop Owner","Artisans, Craft Stores","YouTube Crafting, Local Workshops",Vocational Training --> Apprenticeship --> Craftsperson --> Senior Craftsperson --> Supervisor,Skilled Trades
Credit Counselor (Helps people manage debt and credit),"credit, counseling, finance, debt, management, budgeting, customer service, communication, planning, money, education, loans, credit, support, financial literacy","Credit analysis, counseling, financial planning",Bachelor? Finance / Counseling,No formal certification,"Financial software, spreadsheets","Credit Report Analysis, Budget Plan","Credit Counselor Assistant, Intern","Credit Counselor, Financial Advisor","Financial Firms, NGOs","NACA Resources, Coursera Credit Counseling",BA/Finance/Counseling --> Internship --> Credit Counselor --> Senior Counselor --> Manager,Finance & Counseling
Crime Analyst (Studies crime data to find patterns),"crime, analysis, investigation, data, law enforcement, patterns, research, intelligence, communication, criminal justice, technology, statistics, mapping, reporting, public safety","Crime data analysis, criminal justice knowledge",Bachelor? Criminal Justice / Data Analysis,No formal certification,"Crime databases, statistical software","Crime Pattern Analysis, Report Preparation","Crime Analyst Intern, Assistant","Senior Analyst, Policy Advisor","Police Departments, Govt Agencies","FBI Crime Data, Coursera Crime Analysis",BA/Criminal Justice/Forensics --> Internship --> Crime Analyst --> Senior Analyst --> Manager,Law Enforcement
Criminologist (Researches crime causes and prevention),"criminology, law, psychology, research, social sciences, crime, justice, investigation, sociology, behavior, analysis, policy, education, forensic, public safety","Criminal behavior research, psychology, law",Bachelor? / Master? Criminology / Psychology,No formal certification,"Research databases, data analysis tools","Case Study, Crime Report","Research Assistant, Intern","Criminologist, Policy Advisor","Universities, Government Agencies","ACJS Resources, Coursera Criminology",BA/Criminal Justice/Sociology --> Internship --> Criminologist --> Senior Criminologist --> Research Lead,Criminal Justice
Crisis Counselor (Helps people cope in emergencies),"crisis, counseling, support, mental health, therapy, communication, emergency, psychology, intervention, social work, trauma, crisis management, health, counseling skills, community","Crisis intervention, counseling, active listening",Master? Social Work / Psychology,Crisis Counselor Certification,"Therapy software, hotline systems","Mock Crisis Call, Support Plan","Counselor Intern, Assistant","Crisis Counselor, Program Manager","Clinics, NGOs, Schools","NCPS Resources, Coursera Crisis Counseling",BA/Psychology/Counseling --> Internship --> Crisis Counselor --> Senior Counselor --> Program Manager,Mental Health & Counseling
Critical Care Nurse (Cares for patients in intensive care),"critical, care, nursing, healthcare, medicine, patient, emergency, biology, anatomy, treatment, clinical, communication, monitoring, ICU, health science","Critical care, patient monitoring, emergency response",Bachelor? Nursing,CCRNS (Critical Care Nurse Cert.),"Monitoring devices, EHR systems","ICU Observation, Patient Care Plan","Registered Nurse, Intern","Critical Care Nurse, Nurse Specialist","Hospitals, Emergency Centers","ANA Resources, Coursera Critical Care Nursing",Nursing Degree + Critical Care Training --> Internship --> Critical Care Nurse --> Senior Nurse --> Nurse Manager,Healthcare
Crossing Guard (Helps people cross streets safely),"crossing, guard, safety, traffic, children, communication, public service, awareness, community, vigilance, education, transportation, enforcement, pedestrian, protection","Traffic safety, observation, communication",Vocational Training / High School Diploma,No formal certification,"Communication radios, safety vests","School Crossing Drill, Safety Awareness","Crossing Guard Trainee, Assistant","Crossing Guard Supervisor, Safety Officer","Schools, Municipalities","Local Government Resources, YouTube Safety",High School Diploma --> Training --> Crossing Guard --> Senior Guard --> Supervisor,Public Safety
Cruise Director (Plans activities on cruise ships),"cruise, director, hospitality, management, entertainment, customer service, events, leadership, communication, tourism, planning, coordination, marketing, team, organization","Event management, entertainment coordination",Bachelor? Hospitality Management,No formal certification,"Event planning software, CRM","Event Schedule, Entertainment Plan","Assistant Cruise Director, Intern","Cruise Director, Entertainment Manager","Cruise Lines, Resorts","Cruise Line Academy, YouTube Event Planning",BA/Tourism/Hospitality --> Internship --> Cruise Director --> Senior Director --> Manager,Hospitality & Tourism
Culinary Instructor (Teaches cooking skills),"culinary, instruction, cooking, hospitality, food, teaching, nutrition, skills, kitchen, management, creativity, communication, education, training, recipes","Cooking, teaching, curriculum development",Culinary Diploma / Degree,Culinary Teaching Certificate,"Kitchen equipment, recipe software","Cooking Class, Menu Development","Culinary Instructor Assistant, Trainee","Culinary Instructor, Chef Educator","Culinary Schools, Hospitality Institutes","American Culinary Federation, YouTube Cooking",Culinary School --> Internship --> Culinary Instructor --> Senior Instructor --> Director,Education
Curatorial Assistant (Helps manage museum collections),"curatorial, assistant, museum, arts, management, archives, research, history, preservation, organization, communication, exhibitions, culture, education, documentation","Museum studies, research, collections management",Bachelor? Museum Studies / History,No formal certification,"Collection databases, cataloging software","Exhibit Research, Artifact Catalog","Assistant Curator, Intern","Curator, Museum Manager","Museums, Galleries","SMA Resources, Coursera Museum Studies",BA/Museum Studies --> Internship --> Curatorial Assistant --> Curator --> Senior Curator,Museum & Archives
Customs Broker (Handles shipping paperwork and regulations),"customs, broker, trade, logistics, import, export, compliance, regulations, business, communication, finance, shipping, documentation, government, legal","Customs regulations, trade compliance, documentation",Bachelor? Business / Logistics,Customs Broker License,"Trade management software, import/export systems","Import Documentation, Compliance Check","Broker Assistant, Intern","Customs Broker, Compliance Manager","Customs Agencies, Logistics Firms","NAFTA Resources, Coursera Customs Brokerage",BA/Finance/International Trade --> Certification --> Customs Broker --> Senior Broker --> Manager,International Trade
Cybersecurity Analyst (Protects computer systems from attacks),"cybersecurity, analyst, IT, security, data protection, network, risk, threat, analysis, computer science, technology, monitoring, investigation, encryption, software","Network security, threat analysis, incident response",Bachelor? Computer Science / IT,"CISSP, CEH, CompTIA Security+","SIEM tools, firewalls, IDS","Phishing Simulation, Vulnerability Scan","Junior Security Analyst, Intern","Security Analyst, Security Manager","Cybersecurity Firms, Banks","Cybrary, Coursera Cybersecurity",BSc/Computer Science/Cybersecurity --> Internship --> Cybersecurity Analyst --> Senior Analyst --> Manager,Cybersecurity & Forensics
Dance Instructor (Teaches dance classes),"dance, instruction, performance, choreography, arts, fitness, movement, teaching, creativity, coordination, expression, physical education, music, discipline, training","Dance techniques, choreography, teaching skills",Diploma / Degree Dance,No formal certification,"Studio space, music equipment","Dance Routine, Teaching Session","Assistant Dance Instructor, Intern","Dance Instructor, Choreographer","Dance Studios, Schools","YouTube Dance Tutorials, Udemy Dance",BA/Dance/Performing Arts --> Training --> Dance Instructor --> Senior Instructor --> Director,Education
Data Architect (Designs data systems and structures),"data, architecture, design, databases, modeling, IT, analytics, systems, management, software, structure, information, technology, programming, optimization","Data modeling, SQL, system design",Bachelor? Computer Science / IT,"TOGAF, AWS Data Specialty","SQL, ER modeling tools","Data Model Design, Database Schema","Junior Data Architect, Intern","Senior Architect, Data Manager","Tech Firms, Banks, Retailers","Pluralsight, Coursera Data Architecture",BSc/Computer Science/IT --> Internship --> Data Architect --> Senior Architect --> CTO,Technology
Data Entry Clerk (Inputs information into databases),"data, entry, clerical, typing, accuracy, software, administration, organization, communication, records, computer, documentation, business, information, database","Typing, data accuracy, software proficiency",High School Diploma / Diploma,No formal certification,"Microsoft Excel, Data entry software","Data Entry Simulation, Record Keeping","Data Entry Clerk, Assistant","Data Entry Supervisor, Data Analyst","Corporates, BPOs","TypingClub, Coursera Data Entry",High School Diploma --> Entry Role --> Data Entry Clerk --> Senior Clerk --> Supervisor,Administrative Support
Database Developer (Builds and manages databases),"database, development, programming, SQL, management, software, design, data, technology, IT, analysis, optimization, coding, applications, systems","Database design, SQL, programming",Bachelor? Computer Science / IT,"Oracle, Microsoft SQL Certifications","SQL Server, MySQL, Oracle","Database Design Project, Query Writing","Database Developer, Junior DBA","Senior Developer, DBA","Tech Companies, Financial Firms","Oracle University, Coursera Databases",BSc/Computer Science/IT --> Internship --> Database Developer --> Senior Developer --> Lead Developer,Technology
Debt Collector (Collects overdue payments from customers),"debt, collection, finance, negotiation, communication, recovery, customer service, business, credit, accounting, law, payment, management, problem solving, persistence","Negotiation, communication, collection laws",Bachelor? Business / Finance,No formal certification,"Collection software, CRM","Debt Collection Plan, Customer Interaction","Collector Assistant, Agent","Collections Manager, Debt Recovery Lead","Financial Institutions, Collection Agencies","ACA Resources, Coursera Collections",BA/Finance --> Internship --> Debt Collector --> Senior Collector --> Manager,Finance & Collections
Demographer (Studies population data and trends),"demography, population, statistics, research, sociology, data, analysis, social sciences, geography, economics, health, environment, policy, mathematics, trends","Statistics, population studies, data analysis",Bachelor? Sociology / Statistics,No formal certification,"Statistical software (SPSS, R), databases","Demographic Survey, Data Report","Research Assistant, Analyst","Demographer, Policy Analyst","Govt Agencies, Research Institutes","UN Data, Coursera Demography",BA/Social Sciences/Statistics --> Internship --> Demographer --> Senior Demographer --> Manager,Demographics & Research
Dermatology Nurse (Assists with skin treatments and care),"dermatology, nursing, medicine, health, patient care, skin, treatment, clinical, biology, healthcare, anatomy, medical, communication, support, nursing skills","Patient care, dermatology nursing skills",Diploma / Bachelor? Nursing,Registered Nurse License,"Clinical tools, EHR systems","Skin Care Plan, Patient Observation","Registered Nurse, Intern","Dermatology Nurse, Specialist","Hospitals, Clinics","ANA Resources, Coursera Dermatology Nursing",Nursing Degree + Specialization --> Internship --> Dermatology Nurse --> Senior Nurse --> Nurse Manager,Healthcare
Desktop Publisher (Creates layouts for printed materials),"desktop, publishing, design, layout, software, graphics, printing, communication, media, creativity, editing, content, typography, digital, document","Layout design, typography, software proficiency",Diploma / Bachelor? Graphic Design,No formal certification,"Adobe InDesign, Photoshop","Brochure Design, Newsletter Layout","Desktop Publisher, Junior Designer","Graphic Designer, Art Director","Publishing Firms, Media Companies","Adobe Tutorials, Coursera Graphic Design",BA/Graphic Design --> Internship --> Desktop Publisher --> Senior Publisher --> Manager,Publishing & Media
Development Director (Leads fundraising for nonprofits),"development, management, leadership, nonprofit, fundraising, communication, planning, strategy, social impact, organization, marketing, events, community, networking, administration","Leadership, fundraising, strategic planning",Bachelor? Business / Nonprofit Management,No formal certification,"CRM, fundraising platforms","Fundraising Campaign, Donor Database","Assistant Director, Fundraiser","Development Director, Executive Director","NGOs, Charities","AFP Resources, Coursera Fundraising",BA/Business/Management --> Internship --> Development Director --> Senior Director --> Executive,Nonprofit & Fundraising
Diagnostic Medical Sonographer (Uses ultrasound to take body images),"diagnostic, sonography, medical, imaging, ultrasound, healthcare, anatomy, clinical, technology, patient care, medicine, radiology, biology, diagnostics, treatment","Ultrasound operation, patient care, diagnostics",Associate Degree / Diploma Medical Imaging,Certified Diagnostic Medical Sonographer,"Ultrasound machines, imaging software","Scan Practice, Image Analysis","Sonographer Assistant, Intern","Diagnostic Sonographer, Imaging Specialist","Hospitals, Imaging Centers","ARDMS Resources, Coursera Medical Imaging",Certification/Medical Tech Training --> Internship --> Diagnostic Medical Sonographer --> Senior Sonographer --> Manager,Healthcare
Diesel Mechanic (Repairs diesel engines and vehicles),"diesel, mechanic, repair, maintenance, engines, vehicles, mechanical, tools, troubleshooting, automotive, engineering, technology, service, diagnostics, safety","Diesel engine repair, diagnostics, maintenance",Vocational Training / Apprenticeship,Certified Diesel Mechanic,"Diagnostic tools, repair equipment","Engine Tune-Up, Maintenance Report","Mechanic Assistant, Trainee","Senior Diesel Mechanic, Supervisor","Transport Companies, Repair Shops","ASE Resources, YouTube Diesel Repair",Vocational Training --> Apprenticeship --> Diesel Mechanic --> Senior Mechanic --> Supervisor,Automotive
Dietetic Technician (Helps plan and prepare healthy meals),"dietetic, technician, nutrition, health, food science, diet, biology, healthcare, clinical, patient care, biology, counseling, food, therapy, medical","Nutrition, food science, dietary planning",Associate Degree / Diploma Nutrition,Dietetic Technician Registered (DTR),"Nutrition software, meal planning tools","Diet Plan, Food Analysis","Nutrition Assistant, Technician","Dietetic Technician, Nutritionist","Hospitals, Clinics, Food Companies","AND Resources, Coursera Nutrition",Certification/Healthcare --> Internship --> Dietetic Technician --> Senior Technician --> Manager,Healthcare Support
Digital Illustrator (Creates art using digital tools),"digital, illustration, art, creativity, graphics, design, software, media, drawing, communication, digital art, visual, animation, content, creativity","Digital art, illustration, software proficiency",Diploma / Degree Fine Arts,No formal certification,"Adobe Illustrator, Procreate","Digital Drawing, Character Design","Junior Illustrator, Assistant","Digital Illustrator, Art Director","Design Studios, Media Firms","Adobe Tutorials, YouTube Illustration",BA/Graphic Design/Art --> Internship --> Digital Illustrator --> Senior Illustrator --> Creative Lead,Arts & Design
Diplomatic Courier (Transports sensitive documents securely),"diplomatic, courier, communication, security, transportation, logistics, protocol, international, confidentiality, government, management, coordination, travel, documentation, safety","Logistics, security, international relations",Bachelor? International Relations / Security,No formal certification,"Tracking systems, communication tools","Logistics Coordination Plan, Security Assessment","Courier Assistant, Trainee","Diplomatic Courier, Logistics Manager","Govt Agencies, International Orgs","Foreign Service Institute, Coursera Security",BA/International Relations --> Training --> Diplomatic Courier --> Senior Courier --> Manager,Logistics & Transportation
Director of Photography (Leads camera work on film sets),"director, photography, media, film, visual arts, camera, lighting, cinematography, creativity, production, communication, teamwork, editing, storytelling, arts","Photography, cinematography, lighting techniques",Diploma / Degree Film Production,No formal certification,"Cameras, lighting equipment, editing software","Lighting Setup Project, Short Film","Assistant DOP, Camera Assistant","Director of Photography, Cinematographer","Film Studios, Production Companies","MasterClass DOP, YouTube Cinematography",BA/Film/Photography --> Internship --> Director of Photography --> Senior Director --> Executive,Film & Media
Disability Services Coordinator (Supports people with disabilities),"disability, services, coordination, social work, support, communication, healthcare, counseling, advocacy, education, inclusion, management, assistance, community, resources","Disability support, case management, advocacy",Bachelor? Social Work / Disability Studies,No formal certification,"Case management tools, communication aids","Support Plan, Client Advocacy","Coordinator Assistant, Intern","Disability Services Coordinator, Manager","NGOs, Schools, Govt Agencies","NCSET Resources, Coursera Disability Services",BA/Social Work/Education --> Internship --> Disability Services Coordinator --> Senior Coordinator --> Manager,Social Services
Disaster Recovery Specialist (Helps businesses recover from disasters),"disaster, recovery, management, emergency, planning, safety, response, coordination, risk, communication, environment, public service, crisis, logistics, preparedness","Business continuity, disaster recovery, IT management",Bachelor? IT / Business Continuity,Certified Disaster Recovery Professional,"Backup software, monitoring tools","Disaster Recovery Plan, Risk Assessment","Assistant Specialist, Intern","Disaster Recovery Specialist, Manager","Corporates, IT Firms","DRI Resources, Coursera Disaster Recovery",BA/Disaster Management --> Internship --> Disaster Recovery Specialist --> Senior Specialist --> Manager,Information Technology
Distribution Manager (Oversees moving goods to customers),"distribution, management, logistics, supply chain, transportation, operations, inventory, planning, business, coordination, warehouse, shipping, customer service, management, organization","Logistics management, supply chain, operations",Bachelor? Logistics / Business Management,No formal certification,"WMS, ERP software","Supply Chain Simulation, Inventory Report","Distribution Assistant, Coordinator","Distribution Manager, Supply Chain Director","Retailers, Manufacturers","CSCMP Resources, Coursera Supply Chain",BA/Business/Logistics --> Internship --> Distribution Manager --> Senior Manager --> Director,Logistics & Supply Chain
Diversity Officer (Promotes diversity and inclusion at work),"diversity, officer, inclusion, human resources, equality, communication, training, culture, policy, leadership, social work, advocacy, education, workplace, community","Diversity training, inclusion strategy, HR knowledge",Bachelor? Human Resources / Sociology,No formal certification,"Survey tools, HRIS software","Diversity Plan, Employee Survey","Diversity Assistant, Coordinator","Diversity Officer, HR Manager","Corporates, NGOs","SHRM Resources, Coursera Diversity & Inclusion",BA/Diversity/Inclusion Studies --> Internship --> Diversity Officer --> Senior Officer --> Manager,Diversity & Inclusion
Dock Worker (Loads and unloads ships),"dock, worker, shipping, loading, logistics, transportation, manual labor, safety, equipment, warehouse, cargo, handling, teamwork, physical work, operation","Manual labor, safety, equipment operation",High School Diploma / Vocational Training,No formal certification,"Safety gear, handling equipment","Loading/Unloading Simulation, Safety Drill","Dock Worker, Laborer","Senior Dock Worker, Supervisor","Ports, Shipping Companies","OSHA Guidelines, YouTube Dock Work",High School Diploma --> Entry Role --> Dock Worker --> Senior Worker --> Supervisor,Transportation & Logistics
Documentary Filmmaker (Creates nonfiction films),"documentary, filmmaking, media, storytelling, production, video, research, communication, editing, journalism, creativity, direction, shooting, content, visual arts","Film production, storytelling, videography",Diploma / Degree Film Studies,No formal certification,"Cameras, editing software","Documentary Short, Script Writing","Assistant Filmmaker, Intern","Filmmaker, Director","Production Companies, Studios","No Film School, MasterClass Filmmaking",BA/Film/Journalism --> Internship --> Documentary Filmmaker --> Senior Filmmaker --> Director,Film & Media
Dog Walker (Walks dogs for exercise and care),"dog, walking, animal care, pets, responsibility, outdoor, exercise, customer service, communication, safety, animal behavior, fitness, service, health, business","Animal handling, walking, pet care",Vocational Training / Experience,No formal certification,"Pet leashes, animal care tools","Dog Walking Routine, Pet Care Log","Dog Walker Assistant, Intern","Dog Walker, Pet Care Specialist","Pet Services, Kennels","Local Pet Care Resources, YouTube Pet Care",No Degree Required --> Entry Role --> Dog Walker --> Senior Walker --> Business Owner,Animal Care
Donor Relations Manager (Maintains relationships with donors for nonprofits),"donor, relations, management, nonprofit, fundraising, communication, marketing, networking, events, community, support, development, relationship, organization, philanthropy","Fundraising, donor communication, CRM",Bachelor? Business / Nonprofit Management,No formal certification,"CRM software, email marketing platforms","Donor Database Setup, Fundraising Campaign","Donor Relations Assistant, Intern","Donor Relations Manager, Development Director","NGOs, Charities","AFP Resources, Coursera Fundraising",BA/Communications/Business --> Internship --> Donor Relations Manager --> Senior Manager --> Director,Nonprofit & Fundraising
"Doula (Supports women before, during, and after childbirth)","doula, childbirth, support, healthcare, communication, pregnancy, labor, education, counseling, patient care, birth, mental health, emotional support, family, wellness","Maternal support, childbirth education, counseling",Training / Certification Doula Program,Certified Doula (CD(DONA)),"Patient care tools, birthing aids","Birth Plan Assistance, Postpartum Support","Assistant Doula, Trainee","Doula, Childbirth Educator","Hospitals, Maternity Clinics","DONA International, Coursera Doula Training",Certification/Doula Training --> Internship --> Doula --> Senior Doula --> Trainer,Healthcare
Drama Therapist (Uses acting to help people heal emotionally),"drama, therapy, psychology, counseling, mental health, arts, creativity, expression, communication, support, therapy, social work, behavior, education, development","Therapy, psychology, drama techniques",Master? Psychology / Counseling,Registered Drama Therapist,"Drama therapy tools, role-play scripts","Therapy Session, Group Workshop","Therapist Assistant, Intern","Drama Therapist, Counselor","Hospitals, Schools, Clinics","ADTA Resources, Coursera Drama Therapy",BA/Psychology/Counseling --> Internship --> Drama Therapist --> Senior Therapist --> Supervisor,Mental Health & Counseling
Drone Pilot (Operates drones for photography or inspections),"drone, pilot, technology, remote control, aviation, photography, surveillance, regulations, safety, operations, engineering, mapping, communication, UAV, navigation","Remote piloting, drone operation, aviation rules",Diploma / Certificate Drone Pilot Training,FAA Part 107 License (US),"Drone hardware, flight simulators","Basic Flight, Aerial Photography","Drone Operator Trainee, Intern","Drone Pilot, Aerial Surveyor","Film Studios, Survey Firms","Udemy Drone Training, FAA Resources",Pilot License/Drone Certification --> Training --> Drone Pilot --> Senior Pilot --> Fleet Manager,Aviation & Drones
Dry Cleaner (Cleans delicate clothing professionally),"dry, cleaning, laundry, service, maintenance, customer service, equipment, cleaning, fabric care, business, quality, management, operations, repair, textiles","Fabric care, stain removal, machine operation",Vocational Training / Apprenticeship,No formal certification,"Cleaning machines, detergents","Clothing Care, Stain Removal","Dry Cleaner Assistant, Trainee","Dry Cleaner, Shop Manager","Laundries, Dry Cleaning Shops","YouTube Textile Care, Local Training",Vocational Training --> Entry Role --> Dry Cleaner --> Senior Technician --> Owner,Cleaning Services
E-commerce Manager (Runs online store operations and sales),"e-commerce, management, online, sales, marketing, digital, business, communication, technology, customer service, operations, finance, logistics, strategy, retail","Online marketing, product management, logistics",Bachelor? Business / Marketing,No formal certification,"E-commerce platforms, analytics tools","Online Store Setup, Marketing Campaign","E-commerce Assistant, Intern","E-commerce Manager, Digital Marketing Lead","Retailers, Startups","Shopify Academy, Coursera E-commerce",BA/Business/Marketing --> Internship --> E-commerce Manager --> Senior Manager --> Director,E-commerce
Ecologist (Studies ecosystems and how living things interact),"ecology, environment, biology, conservation, research, nature, sustainability, science, fieldwork, ecosystems, earth science, biology, geography, analysis, policy","Ecology, environmental science, research",Bachelor? Environmental Science / Biology,No formal certification,"GIS, field equipment, data analysis","Ecosystem Survey, Environmental Report","Research Assistant, Field Technician","Ecologist, Environmental Consultant","Govt Agencies, NGOs","ESA Resources, Coursera Ecology",BSc/Environmental Science/Biology --> Internship --> Ecologist --> Senior Ecologist --> Project Lead,Environmental Science
Editorial Assistant (Supports editors with writing and publishing tasks),"editorial, assistant, publishing, communication, writing, editing, proofreading, organization, content, media, research, documentation, publishing, teamwork, publishing","Editing, proofreading, writing skills",Bachelor? English / Journalism,No formal certification,"Editing software, CMS","Article Editing, Content Review","Editorial Assistant, Intern","Junior Editor, Editor","Publishing Houses, Media Firms","Editorial Freelancers Association, Coursera Editing",BA/English/Communications --> Internship --> Editorial Assistant --> Editor --> Senior Editor,Publishing & Media
Education Consultant (Advises schools or families on education plans),"education, consultant, training, curriculum, teaching, planning, communication, leadership, schools, development, management, support, assessment, strategy, education","Curriculum development, educational theory, consulting",Bachelor? Education / Psychology,No formal certification,"Presentation software, LMS","Training Module, Education Report","Consultant Assistant, Intern","Education Consultant, Specialist","Schools, NGOs","ASCD Resources, Coursera Education Consulting",BA/Education --> Internship --> Education Consultant --> Senior Consultant --> Director,Education
Educational Psychologist (Helps students with learning challenges),"educational, psychology, counseling, learning, mental health, support, assessment, development, communication, education, therapy, children, behavior, research, psychology","Psychology, testing, counseling",Master? Educational Psychology,Licensed Psychologist,"Psychometric tools, assessment software","Student Assessment, Counseling Session","Psychologist Assistant, Intern","Educational Psychologist, Researcher","Schools, Therapy Centers","APA Resources, Coursera Educational Psychology",BA/Psychology/Education --> Licensing --> Educational Psychologist --> Senior Psychologist --> Consultant,Mental Health & Counseling
Elder Care Coordinator (Organizes care services for elderly people),"elder, care, coordination, healthcare, social work, support, communication, aging, management, nursing, therapy, community, family, planning, assistance","Aging care, healthcare management, counseling",Bachelor? Nursing / Social Work,No formal certification,"Care planning software, health monitoring tools","Care Plan, Family Support Assistant","Elder Care Assistant, Intern","Coordinator, Program Manager","Nursing Homes, NGOs","LeadingAge Resources, Coursera Elder Care",BA/Healthcare/Social Work --> Internship --> Elder Care Coordinator --> Senior Coordinator --> Manager,Elder Care
Electric Motor Repairer (Fixes and maintains electric motors),"electric, motor, repair, maintenance, engineering, mechanical, tools, troubleshooting, electrical, machines, technology, service, industrial, diagnostics, manual","Electric motor repair, diagnostics, maintenance",Vocational Training / Apprenticeship,Certified Motor Repair Technician,"Diagnostic tools, repair equipment","Motor Testing, Repair Log","Technician Assistant, Trainee","Motor Repair Technician, Supervisor","Manufacturing, Repair Shops","ASE Resources, YouTube Electric Repair",Vocational Training --> Apprenticeship --> Electric Motor Repairer --> Senior Technician --> Supervisor,Skilled Trades
Electrocardiograph Technician (Performs heart monitoring tests),"electrocardiograph, technician, medical, healthcare, diagnostics, patient care, cardiology, monitoring, biology, equipment, clinical, treatment, anatomy, technology, medicine","ECG operation, patient care, diagnostics",Diploma / Associate Degree Medical Tech,Certified ECG Technician (CET),"ECG machines, monitoring software","ECG Test Simulation, Patient Monitoring","Technician Assistant, Intern","Diagnostic Technician, Specialist","Hospitals, Clinics","ARDMS, Coursera Medical Imaging",Certification/Medical Technician --> Internship --> Electrocardiograph Technician --> Senior Technician --> Manager,Healthcare
Electronics Engineer (Designs electronic devices and systems),"electronics, engineering, design, circuits, technology, electrical, manufacturing, repair, troubleshooting, devices, innovation, hardware, programming, physics, systems","Circuit design, electronics, programming",Bachelor? Electrical / Electronics Engineering,No formal certification,"PCB design tools, simulators","Circuit Design, Embedded Programming","Junior Engineer, Intern","Senior Engineer, Project Lead","Tech Companies, Manufacturing","IEEE Resources, Coursera Electronics",BSc/Electronics Engineering --> Internship --> Electronics Engineer --> Senior Engineer --> Project Lead,Engineering
Elementary Principal (Leads and manages an elementary school),"elementary, principal, education, leadership, management, communication, curriculum, schools, administration, teaching, supervision, planning, organization, staff, student support","Leadership, school administration, education",Bachelor? / Master? Education Admin,Principal Certification,School management software,"School Improvement Plan, Staff Coordination","Assistant Principal, Teacher","Principal, Superintendent","School Districts, Education Boards","NAESP Resources, Coursera School Leadership",BA/Education/Administration --> Internship --> Elementary Principal --> Senior Principal --> District Manager,Education
Elevator Inspector (Checks elevators for safety and compliance),"elevator, inspection, safety, engineering, maintenance, mechanical, building, compliance, regulations, technology, operations, repair, construction, equipment, testing","Safety inspections, mechanical knowledge, compliance",Vocational Training / Technical Diploma,No formal certification,"Inspection tools, reporting software","Inspection Report, Compliance Check","Inspector Trainee, Assistant","Inspector, Supervisor","Building Firms, Safety Agencies","OSHA Guidelines, Coursera Safety Inspection",Vocational Training --> Apprenticeship --> Elevator Inspector --> Senior Inspector --> Manager,Construction & Inspection
Embryologist (Studies and works with embryos),"embryology, biology, medicine, research, reproduction, genetics, science, clinical, healthcare, development, anatomy, laboratory, fertility, biology, medical","Reproductive biology, lab techniques, research",Master? Biology / Medical Science,No formal certification,"Lab equipment, microscopes","Embryo Analysis, Sample Preparation","Lab Assistant, Intern","Embryologist, Research Scientist","IVF Clinics, Research Labs","ESHRE Resources, Coursera Embryology",BSc/Biology/Medicine --> Internship --> Embryologist --> Senior Embryologist --> Lab Director,Healthcare
Emergency Management Director (Prepares for and responds to disasters),"emergency, management, leadership, planning, response, disaster, safety, coordination, public service, crisis, communication, risk, training, healthcare, environment","Crisis management, public safety, coordination",Bachelor? Emergency Management,Certified Emergency Manager (CEM),"Communication systems, planning software","Emergency Plan, Drill Coordination","Assistant Director, Intern","Director, Emergency Manager","Govt Agencies, Hospitals","IAEM Resources, Coursera Emergency Management",BA/Public Administration --> Internship --> Emergency Management Director --> Senior Director --> Executive,Emergency Management
Emergency Room Nurse (Cares for patients in emergency situations),"emergency, room, nursing, healthcare, medicine, patient care, trauma, clinical, anatomy, treatment, monitoring, biology, communication, critical care, medical","Emergency nursing, critical care, patient support",Bachelor? Nursing,Certified Emergency Nurse (CEN),"Monitoring equipment, trauma kits","ER Case Study, Patient Monitoring","Registered Nurse, Intern","Emergency Nurse, Nurse Supervisor","Hospitals, Trauma Centers","ENA Resources, Coursera Emergency Nursing",Nursing Degree + Emergency Training --> Internship --> Emergency Room Nurse --> Senior Nurse --> Nurse Manager,Healthcare
Employment Specialist (Helps people find and keep jobs),"employment, specialist, career, job, counseling, placement, skills, communication, guidance, support, recruitment, training, assessment, workforce, development","Career counseling, job placement, coaching",Bachelor? Psychology / Social Work,No formal certification,"Career databases, coaching tools","Mock Interview, Job Plan","Assistant Specialist, Intern","Employment Specialist, Coach","Job Centers, NGOs","CareerOneStop, Coursera Career Coaching",BA/HR/Social Work --> Internship --> Employment Specialist --> Senior Specialist --> Manager,Human Resources
Endocrinologist (Treats hormone-related health problems),"endocrinology, medicine, biology, hormones, healthcare, diagnosis, treatment, clinical, patient care, anatomy, medical, research, health science, physiology, disease","Endocrinology, diagnostics, patient care",Medical Degree + Residency,Board Certification in Endocrinology,"Diagnostic tools, hormone assays","Patient Case Study, Diagnostic Practice","Medical Intern, Resident","Endocrinologist, Consultant","Hospitals, Clinics","AMA Resources, Coursera Endocrinology",Medical Degree + Specialization --> Residency --> Endocrinologist --> Senior Specialist --> Consultant,Healthcare
"Engraver (Carves designs into metal, wood, or glass)","engraving, art, design, craftsmanship, tools, creativity, manual skills, metalwork, carving, jewelry, precision, fabrication, decoration, manufacturing, detail","Engraving, precision, artistry",Vocational Training / Apprenticeship,No formal certification,"Engraving tools, CAD software","Engraving Sample, Design Project","Engraver Apprentice, Assistant","Senior Engraver, Shop Owner","Artisan Shops, Manufacturing","YouTube Engraving, Local Workshops",Vocational Training --> Apprenticeship --> Engraver --> Senior Engraver --> Studio Lead,Skilled Trades
Entertainer (Performs for audiences in shows or events),"entertainer, performance, arts, music, acting, dance, communication, creativity, stage, audience, media, entertainment, skills, showmanship, presentation","Performance, public speaking, entertainment skills",Vocational Training / Experience,No formal certification,"Stage equipment, audio systems","Performance Demo, Act Development","Entertainer Assistant, Intern","Entertainer, Performer","Entertainment Agencies, Events","MasterClass Performance, YouTube Acting",BA/Performing Arts --> Internship --> Entertainer --> Lead Performer --> Director,Entertainment & Media
Entomologist (Studies insects and their behavior),"entomology, biology, insects, research, environment, ecology, science, fieldwork, agriculture, pest control, biodiversity, zoology, biology, conservation, health","Insect biology, research, taxonomy",Bachelor? Biology / Entomology,No formal certification,"Lab tools, microscopes","Insect Collection, Species Identification","Research Assistant, Intern","Entomologist, Research Scientist","Research Labs, Universities","ESA Resources, Coursera Entomology",BSc/Biology/Entomology --> Internship --> Entomologist --> Senior Scientist --> Project Lead,Science
Environmental Health Specialist (Checks how environments affect health),"environmental, health, safety, regulations, public health, pollution, risk assessment, biology, chemistry, policy, community, compliance, monitoring, research, science","Environmental health, policy, risk assessment",Bachelor? Environmental Science / Public Health,Registered Environmental Health Specialist,"Monitoring devices, GIS","Health Risk Assessment, Pollution Survey","Technician Assistant, Intern","Environmental Health Specialist, Manager","Govt Agencies, NGOs","NEHA Resources, Coursera Environmental Health",BA/Environmental Health --> Internship --> Environmental Health Specialist --> Senior Specialist --> Manager,Public Health
Environmental Lawyer (Handles legal cases about the environment),"environmental, law, regulations, policy, advocacy, legal, compliance, conservation, government, environment, sustainability, justice, public health, law, science","Environmental law, policy, regulation",Bachelor? Law / Environmental Studies,Bar Admission (Law License),"Legal research databases, document management","Case Study, Environmental Report","Junior Lawyer, Intern","Environmental Lawyer, Partner","Law Firms, NGOs","ABA Environmental Law Section, Coursera Law",Law Degree --> Internship --> Environmental Lawyer --> Senior Lawyer --> Partner,Legal & Environmental
Environmental Planner (Plans projects to protect natural resources),"environmental, planning, urban, development, sustainability, policy, land use, community, design, management, ecology, government, geography, regulation, conservation","Land use planning, zoning, GIS, policy",Bachelor? Urban Planning / Environmental Science,No formal certification,"GIS software, planning tools","Land Use Plan, Community Survey","Planning Assistant, Intern","Environmental Planner, Senior Planner","Local Governments, Planning Firms","APA Resources, Coursera Urban Planning",BA/Urban Planning/Environmental Science --> Internship --> Environmental Planner --> Senior Planner --> Director,Urban & Environmental Planning
Equine Veterinarian (Cares for horses?health),"equine, veterinarian, animals, horses, healthcare, biology, treatment, diagnosis, clinical, veterinary, anatomy, surgery, animal care, medicine, health science","Veterinary medicine, equine care, surgery",DVM Degree,Equine Veterinary Certification,"Veterinary tools, diagnostic equipment","Animal Care Plan, Surgery Assistance","Vet Assistant, Intern","Equine Veterinarian, Specialist","Animal Hospitals, Equine Clinics","AVMA Resources, Coursera Veterinary Medicine",Veterinary Degree + Specialization --> Internship --> Equine Veterinarian --> Senior Vet --> Lead Vet,Animal Care
Ergonomist (Designs workspaces to be safe and comfortable),"ergonomics, health, safety, workplace, design, human factors, engineering, physiology, comfort, productivity, injury prevention, biomechanics, assessment, environment, science","Ergonomics, workplace health, design",Bachelor? Occupational Health / Ergonomics,No formal certification,"Ergonomic assessment tools, software","Workspace Evaluation, Report","Ergonomics Assistant, Intern","Ergonomist, Consultant","Corporates, Health Agencies","OSHA Resources, Coursera Ergonomics",BA/Ergonomics/Occupational Health --> Internship --> Ergonomist --> Senior Ergonomist --> Consultant,Occupational Health
Escrow Officer (Manages funds in real estate transactions),"escrow, officer, finance, real estate, legal, transactions, trust, documentation, compliance, banking, communication, contracts, business, management, customer service","Real estate law, escrow processes, finance",Bachelor? Business / Law,Escrow Officer License (varies),"Document management software, accounting tools","Transaction Review, Compliance Check","Escrow Assistant, Clerk","Escrow Officer, Manager","Real Estate Firms, Banks","ARELLO Resources, Coursera Real Estate",BA/Finance/Law --> Internship --> Escrow Officer --> Senior Officer --> Manager,Real Estate & Finance
Estimator (Calculates costs for projects or jobs),"estimator, construction, budgeting, cost, planning, engineering, materials, project management, finance, analysis, business, reporting, architecture, negotiation, calculation","Project budgeting, cost analysis, construction knowledge",Bachelor? Construction Management / Engineering,Certified Cost Estimator (AACE),"Estimating software, CAD tools","Project Budget Proposal, Bid Estimation","Estimator Assistant, Junior Estimator","Senior Estimator, Project Manager","Construction Firms, Contractors","AACE Resources, Coursera Estimating",BA/Construction/Engineering --> Internship --> Estimator --> Senior Estimator --> Manager,Construction & Trades
Ethicist (Studies right and wrong in human behavior),"ethics, philosophy, morality, law, decision making, social sciences, critical thinking, values, communication, education, policy, research, counseling, reasoning, debate","Ethics theory, moral philosophy, critical thinking",Bachelor? Philosophy / Ethics,No formal certification,"Research databases, writing tools","Case Study Analysis, Ethical Debate","Research Assistant, Intern","Ethicist, Policy Advisor","Universities, Think Tanks","Stanford Encyclopedia, Coursera Ethics",BA/Philosophy/Ethics --> Internship --> Ethicist --> Senior Ethicist --> Consultant,Ethics & Philosophy
Event Coordinator (Organizes details for events),"event, coordination, planning, management, organization, communication, hospitality, logistics, marketing, leadership, customer service, teamwork, scheduling, budgeting, venues","Event planning, coordination, communication",Bachelor? Hospitality Management / Communications,No formal certification,"Event management software, CRM","Event Plan, Vendor Coordination","Event Assistant, Coordinator","Event Manager, Director","Event Management Firms, Corporates","Eventbrite Resources, Coursera Event Planning",BA/Event Management --> Internship --> Event Coordinator --> Senior Coordinator --> Manager,Events & Hospitality
Event Decorator (Designs and sets up event decorations),"event, decoration, design, creativity, aesthetics, planning, coordination, floral, theme, arts, setup, communication, organization, venues, customer service","Design, creativity, decoration techniques",Vocational Training / Art Diploma,No formal certification,"Decorating tools, software","Event Theme Design, Decoration Setup","Decorator Assistant, Intern","Event Decorator, Designer","Event Management, Wedding Planning YouTube Decor Tutorials, Udemy",,BA/Event Planning/Design --> Internship --> Event Decorator --> Senior Decorator --> Manager,Events & Hospitality
Exhibit Designer (Creates displays for museums or shows),"exhibit, design, museum, art, communication, creativity, layout, display, history, education, planning, curation, presentation, research, culture","3D Design, spatial awareness, exhibit planning",Bachelor? Design / Architecture,No formal certification,"3D modeling software, CAD","Exhibit Layout, Display Design","Exhibit Assistant, Intern","Exhibit Designer, Curator","Museums, Exhibition Companies","Museum Exhibit Design Books, Coursera Design",BA/Fine Arts/Design --> Internship --> Exhibit Designer --> Senior Designer --> Curator,Arts & Design
Export Manager (Oversees selling products overseas),"export, management, international trade, logistics, business, shipping, compliance, finance, communication, customs, supply chain, marketing, planning, negotiation, documentation","International trade, logistics, management",Bachelor? Business / Supply Chain,No formal certification,"ERP software, trade compliance tools","Export Documentation, Market Analysis","Export Assistant, Coordinator","Export Manager, Logistics Director","Export Firms, Trading Companies","Export.gov, Coursera Supply Chain",BA/International Business/Trade --> Internship --> Export Manager --> Senior Manager --> Director,International Trade
Fabricator (Makes products from raw materials),"fabrication, manufacturing, welding, metalwork, construction, tools, machinery, assembly, engineering, repair, craftsmanship, industrial, production, manual skills, technical","Metalworking, fabrication skills, safety",Vocational Training / Apprenticeship,No formal certification,"Welding machines, metal tools","Basic Welding Project, Fabrication Task","Fabricator Apprentice, Assistant","Fabricator, Workshop Supervisor","Manufacturing Firms, Construction","YouTube Welding, Local Trade Schools",Vocational Training --> Apprenticeship --> Fabricator --> Senior Fabricator --> Supervisor,Manufacturing
Facilities Manager (Maintains buildings and equipment),"facilities, management, operations, maintenance, safety, building, administration, communication, planning, security, services, environment, staff, budgeting, logistics","Facility management, operations, budgeting",Bachelor? Business / Facilities Management,Facility Management Certification,"CMMS software, building automation","Facility Inspection, Maintenance Plan","Facility Coordinator, Assistant","Facilities Manager, Director","Corporates, Hospitals, Universities","IFMA Resources, Coursera Facilities Management",BA/Facilities Management --> Internship --> Facilities Manager --> Senior Manager --> Director,Facilities Management
Family Counselor (Helps families solve problems and improve relationships),"family, counseling, therapy, psychology, support, communication, social work, mental health, relationships, development, education, intervention, guidance, counseling skills, social services","Counseling, family therapy, communication",Master? Psychology / Counseling,Licensed Family Counselor,"Therapy tools, assessment software","Family Counseling Session, Case Study","Therapist Intern, Assistant","Family Counselor, Therapist","Clinics, Counseling Centers","ACA Resources, Coursera Family Therapy",BA/Psychology/Counseling --> Internship --> Family Counselor --> Senior Counselor --> Supervisor,Mental Health & Counseling
Family Nurse Practitioner (Provides health care for families),"family, nurse, practitioner, healthcare, nursing, medicine, patient care, clinical, anatomy, treatment, diagnosis, communication, biology, health science, primary care","Advanced nursing, diagnostics, patient care",Master? Nursing (MSN),FNP Certification,"Medical devices, EHR systems","Patient Care Plan, Diagnostic Practice","Nurse Practitioner Intern, RN","Family Nurse Practitioner, Specialist","Hospitals, Clinics","ANCC, Coursera Nurse Practitioner",Nursing Degree --> Licensing --> Family Nurse Practitioner --> Senior Practitioner --> Clinic Manager,Healthcare
Farm Manager (Oversees farm operations and production),"farm, management, agriculture, crops, livestock, business, planning, environment, machinery, economics, sustainability, soil science, horticulture, animal care, marketing","Agricultural science, management, economics",Bachelor? Agriculture / Agribusiness,No formal certification,"Farm management software, machinery","Small Farm Plan, Crop Management","Farm Assistant, Trainee","Farm Manager, Agribusiness Consultant","Farms, Agribusiness Companies","FAO Resources, Coursera Agriculture",BA/Agriculture/Management --> Internship --> Farm Manager --> Senior Manager --> Owner,Agriculture
Fashion Buyer (Chooses clothing for stores to sell),"fashion, buying, retail, marketing, trends, sales, merchandising, communication, business, customer service, inventory, analysis, design, planning, negotiation","Fashion trends, buying, market analysis",Bachelor? Fashion Merchandising / Business,No formal certification,"Retail software, trend analysis tools","Buying Plan, Market Research","Fashion Buyer Assistant, Intern","Fashion Buyer, Merchandiser","Fashion Retailers, Brands","Business of Fashion, Coursera Fashion Buying",BA/Fashion/Marketing --> Internship --> Fashion Buyer --> Senior Buyer --> Director,Fashion & Retail
Fashion Illustrator (Draws clothing designs),"fashion, illustration, art, design, creativity, drawing, digital, graphics, clothing, textiles, media, visual arts, communication, advertising, marketing","Fashion illustration, drawing skills, design software",Diploma / Degree Fashion Design,No formal certification,"Adobe Illustrator, drawing tablets","Fashion Sketches, Design Portfolio","Assistant Illustrator, Intern","Fashion Illustrator, Designer","Fashion Houses, Design Studios","YouTube Fashion Illustration, Udemy",BA/Fine Arts/Illustration --> Internship --> Fashion Illustrator --> Senior Illustrator --> Art Director,Arts & Design
FBI Agent (Investigates federal crimes),"fbi, agent, law enforcement, investigation, security, criminal justice, surveillance, communication, analysis, crime, evidence, legal, operations, risk, public safety","Investigation, law enforcement, communication",Bachelor? Criminal Justice,Law Enforcement Training,"FBI databases, case management software","Case Study, Surveillance Report","Agent Trainee, Intern","FBI Agent, Special Agent","FBI, Federal Law Enforcement Agencies","FBI Academy, Coursera Criminal Justice",BA/Criminal Justice/Law Enforcement --> Training --> FBI Agent --> Senior Agent --> Supervisor,Law Enforcement
Federal Marshal (Enforces laws and protects the courts),"federal, marshal, law enforcement, security, investigation, court, protection, justice, federal, communication, enforcement, safety, arrest, surveillance, public service","Law enforcement, security, firearms training",Training Academy / Military,Federal Marshal Certification,"Tracking systems, firearms","Patrol Simulation, Security Report","Federal Marshal Trainee, Deputy","Federal Marshal, Supervisor","Federal Agencies, DOJ",Federal Law Enforcement Training Center,Law Enforcement Training --> Entry Role --> Federal Marshal --> Senior Marshal --> Supervisor,Law Enforcement
Fencing Coach (Teaches fencing techniques and skills),"fencing, coaching, sports, training, physical education, technique, competition, skills, discipline, fitness, instruction, teamwork, strategy, coaching, athletic","Fencing techniques, coaching, physical training",Vocational Training / Certification,Fencing Coach Certification,"Sports equipment, training facilities","Coaching Session, Practice Plan","Coach Assistant, Intern","Fencing Coach, Head Coach","Sports Clubs, Schools","US Fencing Association, YouTube Fencing Coaching",Vocational Training --> Apprenticeship --> Fencing Coach --> Senior Coach --> Manager,Sports & Fitness
Ferry Operator (Drives boats that carry passengers or vehicles),"ferry, operator, transportation, maritime, navigation, safety, communication, logistics, public service, operations, customer service, vehicles, environment, travel, crew","Navigation, vessel operation, safety protocols",Vocational Training / Maritime School,Boat Operator License,"Navigation tools, radio systems","Ferry Route Planning, Safety Drill","Ferry Operator Trainee, Assistant","Ferry Captain, Supervisor","Maritime Companies, Ferry Operators","USCG Resources, Maritime Academy",Certification/Maritime --> Training --> Ferry Operator --> Senior Operator --> Manager,Transportation
Film Director (Leads creative work on movies),"film, directing, media, production, creativity, storytelling, leadership, cinematography, communication, entertainment, arts, management, scripting, editing, teamwork","Film production, directing, storytelling",Diploma / Degree Film Studies,No formal certification,"Cameras, editing software","Short Film Project, Scriptwriting","Assistant Director, Intern","Film Director, Producer","Film Studios, Media Companies","MasterClass, No Film School",BA/Film/Media --> Internship --> Film Director --> Senior Director --> Producer,Film & Media
Finance Manager (Manages a company? finances),"finance, management, business, budgeting, accounting, investment, planning, leadership, communication, analysis, banking, strategy, reporting, economics, risk","Financial management, budgeting, leadership",Bachelor? Finance / Business,MBA or CPA Preferred,"Accounting software, ERP","Financial Report, Budget Plan","Finance Analyst, Assistant","Finance Manager, CFO","Corporates, Banks","Investopedia, Coursera Finance",BA/Finance/Business --> Internship --> Finance Manager --> Senior Manager --> Director,Finance
Financial Examiner (Checks financial records for accuracy and compliance),"financial, examiner, auditing, banking, compliance, finance, risk, analysis, regulation, accounting, investigation, reporting, business, law, management","Financial analysis, regulatory compliance, auditing",Bachelor? Finance / Accounting,"CPA, CFA","Financial databases, auditing tools","Financial Statement Analysis, Audit Report","Financial Examiner Assistant, Intern","Financial Examiner, Auditor","Financial Institutions, Govt Agencies","CPA Resources, Coursera Financial Analysis",BA/Accounting/Finance --> Internship --> Financial Examiner --> Senior Examiner --> Manager,Finance & Compliance
Fingerprint Analyst (Studies fingerprints to solve crimes),"fingerprint, analysis, forensics, crime, law enforcement, investigation, identification, evidence, biology, pattern recognition, police, science, technology, criminal justice, research","Fingerprint analysis, forensic science, detail orientation",Diploma / Degree Forensic Science,No formal certification,"AFIS systems, microscopes","Fingerprint Matching Project, Report","Junior Analyst, Intern","Fingerprint Analyst, Forensic Specialist","Police Departments, Forensics Labs","FBI Forensics, Coursera Forensic Science",BA/Forensics/Criminal Justice --> Training --> Fingerprint Analyst --> Senior Analyst --> Supervisor,Law Enforcement
Fire Inspector (Ensures buildings follow fire safety rules),"fire, inspection, safety, regulation, building, prevention, compliance, risk, emergency, engineering, construction, hazards, investigation, environment, public safety","Fire safety, inspection, building codes",Bachelor? Fire Science / Safety,Fire Inspector Certification,"Inspection tools, reporting software","Fire Safety Audit, Report","Fire Inspector Trainee, Assistant","Fire Inspector, Safety Manager","Fire Departments, Safety Agencies","National Fire Academy, Coursera Fire Safety",Vocational Training --> Apprenticeship --> Fire Inspector --> Senior Inspector --> Manager,Fire Safety
Fire Marshal (Investigates fires and enforces fire regulations),"fire, marshal, safety, prevention, emergency, law enforcement, investigation, regulation, compliance, communication, fire science, public safety, risk, enforcement, training","Firefighting, emergency response, safety protocols",Training Academy,Fire Marshal Certification,"Firefighting equipment, communication radios","Fire Drill Coordination, Safety Plan","Firefighter, Trainee","Fire Marshal, Fire Chief","Fire Departments, Municipalities","USFA Resources, Firefighting Courses",Fire Service Training --> Certification --> Fire Marshal --> Senior Marshal --> Director,Law Enforcement
Fish and Game Warden (Protects wildlife and enforces hunting laws),"fish, game, warden, wildlife, conservation, law enforcement, environment, biology, habitat, regulation, public safety, ecology, protection, patrol, outdoor","Wildlife law enforcement, conservation, patrol",Bachelor? Environmental Science / Criminal Justice,Wildlife Warden License,"Tracking devices, radios","Wildlife Patrol, Habitat Survey","Wildlife Officer Trainee, Assistant","Fish and Game Warden, Supervisor","Wildlife Agencies, Parks","Wildlife Society Resources, Coursera Conservation",BA/Environmental Science/Wildlife --> Internship --> Fish and Game Warden --> Senior Warden --> Manager,Environmental Law Enforcement
Flight Dispatcher (Plans flights and keeps pilots informed),"flight, dispatcher, aviation, operations, communication, scheduling, safety, logistics, air traffic, management, coordination, transportation, planning, technology, control","Flight operations, logistics, communication",Diploma / Degree Aviation Management,Flight Dispatcher Certification,"Flight planning software, radios","Flight Plan Preparation, Communication Drill","Dispatcher Trainee, Assistant","Flight Dispatcher, Operations Manager","Airlines, Airports","FAA Resources, Aviation Courses",Certification/Aviation --> Training --> Flight Dispatcher --> Senior Dispatcher --> Manager,Aviation & Transportation
Floral Designer (Creates flower arrangements),"floral, design, creativity, flowers, art, decoration, arrangement, events, aesthetics, customer service, business, horticulture, color theory, design, presentation","Floral design, creativity, event decoration",Vocational Training / Certification,No formal certification,"Floral tools, design software","Floral Arrangement, Event Setup","Floral Assistant, Intern","Floral Designer, Shop Manager","Florists, Event Companies","Floral Design Schools, YouTube Tutorials",BA/Design/Floral --> Internship --> Floral Designer --> Senior Designer --> Owner,Floral & Landscaping
Food Critic (Writes reviews about food and restaurants),"food, critic, journalism, review, media, communication, writing, culinary, taste, culture, food science, analysis, creativity, publishing, entertainment","Food writing, critique, communication skills",Bachelor? Journalism / English,No formal certification,"Writing software, blogs","Food Review, Recipe Writing","Junior Food Critic, Blogger","Senior Critic, Editor","Food Magazines, Media","MasterClass Food Writing, Coursera Writing",BA/Journalism/Culinary Arts --> Internship --> Food Critic --> Senior Critic --> Editor,Media & Journalism
Food Safety Inspector (Checks food for safety and quality),"food, safety, inspection, public health, regulation, biology, chemistry, quality control, sanitation, compliance, environment, health, food science, policy, testing","Food safety, hygiene, inspection procedures",Diploma / Degree Food Science / Public Health,Certified Food Safety Inspector,"Testing kits, inspection tools","Facility Inspection, Safety Report","Inspector Trainee, Assistant","Food Safety Inspector, Manager","FDA, Food Processing Firms","FDA Food Safety, Coursera Food Hygiene",BA/Food Science --> Internship --> Food Safety Inspector --> Senior Inspector --> Manager,Food Safety & Inspection
Forensic Accountant (Investigates financial crimes and fraud),"forensic, accounting, investigation, finance, auditing, law, fraud, analysis, data, compliance, business, reporting, ethics, criminal justice, audit","Accounting, investigation, financial analysis",Bachelor? Accounting / Finance,Certified Forensic Accountant (CFA),"Accounting software, forensic tools","Financial Fraud Analysis, Case Study","Junior Forensic Accountant, Assistant","Forensic Accountant, Consultant","Accounting Firms, Law Firms","AICPA Resources, Coursera Forensic Accounting",BA/Accounting/Forensics --> Internship --> Forensic Accountant --> Senior Accountant --> Manager,Finance & Accounting
Forensic Pathologist (Examines bodies to find causes of death),"forensic, pathology, medicine, investigation, biology, autopsy, death, crime, science, anatomy, healthcare, evidence, legal, clinical, diagnosis","Pathology, medical examination, diagnostics",Medical Degree + Residency,Pathology Board Certification,"Lab equipment, microscopes","Autopsy Report, Diagnostic Analysis","Medical Intern, Resident","Forensic Pathologist, Consultant","Hospitals, Medical Examiner Offices","AMA Resources, Coursera Pathology",Medical Degree + Pathology Training --> Residency --> Forensic Pathologist --> Senior Pathologist --> Consultant,Forensic Science
Forensic Psychologist (Studies criminal behavior and mental health),"forensic, psychology, mental health, crime, investigation, counseling, behavior, analysis, law, research, support, therapy, social science, justice, communication","Psychology, criminal behavior, assessment",Master? Psychology / Forensic Psychology,Licensed Psychologist,"Assessment tools, interview software","Mock Case Study, Report Writing","Trainee Psychologist, Intern","Forensic Psychologist, Consultant","Forensic Clinics, Law Enforcement","APA Resources, Coursera Forensic Psychology",BA/Psychology/Forensic Science --> Internship --> Forensic Psychologist --> Senior Psychologist --> Consultant,Forensic Psychology
Forensic Toxicologist (Tests for poisons and drugs in investigations),"forensic, toxicology, chemistry, biology, crime, investigation, substances, poisoning, analysis, laboratory, medicine, science, legal, health, environment","Toxicology, chemistry, lab techniques",Master? Chemistry / Toxicology,Licensed Toxicologist,"Lab equipment, chromatography","Substance Analysis, Toxicology Report","Lab Technician, Intern","Forensic Toxicologist, Specialist","Forensic Labs, Government Agencies","ACMT Resources, Coursera Toxicology",BSc/Chemistry/Toxicology --> Certification --> Forensic Toxicologist --> Senior Toxicologist --> Lab Director,Forensic Science
Franchise Owner (Runs a business branch under a larger brand),"franchise, ownership, business, management, marketing, sales, finance, operations, customer service, entrepreneurship, planning, leadership, retail, communication, strategy","Business management, franchise operations",Bachelor? Business / Management,No formal certification,"POS systems, CRM","Business Plan, Market Analysis","Franchise Assistant, Intern","Franchise Owner, Manager","Franchise Companies, Retailers","Franchise.org, Coursera Business Management",Business Training/Franchise Management --> Entry Role --> Franchise Owner --> Multi-unit Owner --> Regional Manager,Business Ownership
Freight Broker (Arranges shipping of goods between companies),"freight, broker, logistics, transportation, supply chain, business, negotiation, shipping, communication, coordination, management, finance, contracts, planning, operations","Logistics, negotiation, freight management",Bachelor? Logistics / Business,No formal certification,"Transportation management software, CRM","Shipment Tracking Project, Route Planning","Broker Assistant, Coordinator","Freight Broker, Logistics Manager","Shipping Companies, Freight Firms","CSCMP Resources, Coursera Logistics",BA/Logistics/Business --> Internship --> Freight Broker --> Senior Broker --> Manager,Logistics & Transportation
Fundraiser (Raises money for causes or organizations),"fundraising, nonprofit, communication, marketing, events, development, community, networking, donor, organization, planning, support, sales, leadership, charity","Fundraising, donor relations, event planning",Bachelor? Business / Nonprofit,No formal certification,"CRM, fundraising platforms","Event Campaign, Donor Database","Assistant Fundraiser, Intern","Fundraiser, Development Manager","NGOs, Charities","AFP Resources, Coursera Fundraising",BA/Communications/Nonprofit --> Internship --> Fundraiser --> Senior Fundraiser --> Director,Nonprofit & Fundraising
Furniture Restorer (Repairs and restores old furniture),"furniture, restoration, woodworking, craftsmanship, repair, art, tools, design, manual skills, antiques, refinishing, maintenance, creativity, preservation, carpentry","Woodworking, restoration, fine craftsmanship",Vocational Training / Apprenticeship,No formal certification,"Restoration tools, woodworking equipment","Furniture Repair Project, Refinishing","Furniture Restorer Apprentice, Assistant","Restorer, Workshop Manager","Antique Shops, Restoration Firms","YouTube Woodworking, Local Workshops",Vocational Training/Apprenticeship --> Entry Role --> Furniture Restorer --> Senior Restorer --> Studio Owner,Arts & Restoration
Gambling Manager (Oversees casino gaming operations),"gambling, management, casino, hospitality, customer service, operations, marketing, finance, business, entertainment, compliance, sales, leadership, event planning, security","Casino management, operations, compliance",Bachelor? Hospitality / Business,No formal certification,"Casino management systems, security tools","Casino Operation Plan, Staff Coordination","Casino Manager Trainee, Assistant","Casino Manager, Operations Director","Casinos, Hospitality Groups","American Gaming Association, Coursera Hospitality",BA/Business/Management --> Internship --> Gambling Manager --> Senior Manager --> Casino Director,Gaming & Hospitality
Game Tester (Plays games to find bugs and problems),"game, testing, software, quality assurance, programming, bugs, development, analysis, gaming, technology, communication, problem-solving, feedback, debugging, teamwork","Software testing, QA, bug tracking",Diploma / Degree Computer Science,ISTQB Certification,"Bug tracking tools, testing software","Test Case Design, Bug Reporting","QA Tester, Intern","Test Engineer, QA Lead","Tech Companies, Game Studios","Udemy Software Testing, Coursera QA",Certification/Game Testing --> Internship --> Game Tester --> QA Lead --> Game Producer,Technology
Genealogist (Researches family histories and ancestry),"genealogy, research, history, ancestry, documentation, family, records, archives, investigation, communication, culture, data, biology, social sciences, documentation","Research, genealogy, data analysis",Bachelor? History / Genealogy,No formal certification,"Database software, archives","Genealogy Tree, Research Report","Research Assistant, Intern","Genealogist, Historian","Research Firms, Archives","National Genealogical Society, Coursera Genealogy",BA/History/Genealogy --> Internship --> Genealogist --> Senior Genealogist --> Consultant,History & Genealogy
Geneticist (Studies genes and heredity),"genetics, biology, science, research, DNA, medicine, health, biotechnology, laboratory, molecular, analysis, heredity, biology, medicine, technology","Genetics, biology, research techniques",Master? Genetics / Biology,No formal certification,"Lab equipment, gene sequencing software","Genetic Analysis, Research Project","Research Assistant, Intern","Geneticist, Research Scientist","Research Labs, Universities","Genetics Society, Coursera Genetics",BSc/Biology/Genetics --> Internship --> Geneticist --> Senior Scientist --> Research Lead,Science
Geological Technician (Collects data about rocks and minerals),"geological, technician, earth science, geology, fieldwork, analysis, mapping, research, environment, minerals, data, surveying, technology, science, physical science","Geology, fieldwork, lab analysis",Bachelor? Geology / Earth Sciences,No formal certification,"Field tools, GIS software","Rock Sample Analysis, Field Survey","Geological Technician, Intern","Geologist, Specialist","Mining Firms, Environmental Agencies","USGS Resources, Coursera Geology",Diploma/Geology/Tech Training --> Apprenticeship --> Geological Technician --> Senior Technician --> Supervisor,Geoscience
Glassblower (Shapes glass into art or functional items),"glassblowing, art, craftsmanship, creativity, design, manual skills, manufacturing, tools, heating, shaping, sculpture, creativity, glass, production, artistry","Glassworking, blowing, artistry",Vocational Training / Apprenticeship,No formal certification,"Glassblowing equipment, studio tools","Glass Art Project, Basic Techniques","Glassblower Apprentice, Assistant","Glassblower, Studio Owner","Art Studios, Glass Factories","YouTube Glassblowing, Local Schools",Vocational Training --> Apprenticeship --> Glassblower --> Senior Artist --> Studio Owner,Skilled Trades
Golf Instructor (Teaches golf skills to players),"golf, instruction, sports, coaching, physical education, technique, fitness, training, discipline, teamwork, skills, communication, recreation, health, teaching","Golf techniques, coaching, sports management",Certification Golf Coaching,Diploma in Sports Coaching,"Golf clubs, training facilities","Basic Golf Coaching, Training Sessions","Assistant Coach, Intern","Golf Instructor, Coach","Sports Clubs, Golf Courses","PGA Resources, Coursera Sports Coaching",Certification/Sports Training --> Internship --> Golf Instructor --> Senior Coach --> Golf Academy Owner,Sports & Fitness
Grant Writer (Prepares proposals to get funding),"grant, writing, nonprofit, communication, research, funding, proposals, planning, organization, marketing, strategy, finance, development, business, support","Grant writing, research, communication",Bachelor? English / Communications,No formal certification,"Grant databases, word processing software","Grant Proposal Draft, Budget Plan","Grant Writer Assistant, Intern","Grant Writer, Manager","NGOs, Universities","GrantSpace, Coursera Grant Writing",BA/Communications/English --> Internship --> Grant Writer --> Senior Writer --> Fundraising Manager,Nonprofit & Fundraising
Graphic Novelist (Creates long-form comics and illustrations),"graphic, novelist, art, storytelling, illustration, comics, creativity, writing, drawing, media, design, publishing, visual arts, digital art, communication","Creative writing, storytelling, illustration",Bachelor? Fine Arts / Literature,No formal certification,"Digital drawing tablets, writing software","Graphic Novel Draft, Storyboarding","Illustrator Assistant, Intern","Graphic Novelist, Author","Publishers, Studios","MasterClass, YouTube Art Tutorials",BA/Fine Arts/Creative Writing --> Internship --> Graphic Novelist --> Senior Artist --> Publishing Consultant,Arts & Entertainment
Greenhouse Manager (Oversees plant growing in greenhouses),"greenhouse, management, horticulture, plants, agriculture, environment, biology, sustainability, business, cultivation, climate control, farming, botany, management, ecology","Horticulture, greenhouse management, plant science",Vocational Training / Agriculture,No formal certification,"Greenhouse systems, monitoring tools","Plant Growth Study, Greenhouse Setup","Greenhouse Assistant, Intern","Manager, Agronomist","Farms, Nurseries","FAO Resources, Coursera Horticulture",BA/Agriculture/Botany --> Internship --> Greenhouse Manager --> Senior Manager --> Owner,Agriculture
Groundskeeper (Maintains outdoor spaces and landscaping),"groundskeeping, landscaping, maintenance, gardening, outdoor, plants, environment, horticulture, tools, physical work, safety, property, management, manual skills, nature","Grounds maintenance, landscaping, equipment operation",Vocational Training / Experience,No formal certification,"Landscaping tools, maintenance equipment","Landscape Maintenance, Garden Plan","Groundskeeper, Assistant Supervisor","Senior Groundskeeper, Manager","Parks, Universities","YouTube Landscaping, Local Training",Vocational Training --> Entry Role --> Groundskeeper --> Senior Groundskeeper --> Manager,Landscaping & Groundskeeping
Guided Tour Operator (Leads groups on organized trips),"guided, tour, operator, travel, tourism, communication, customer service, history, culture, planning, organization, leadership, events, entertainment, education","Tour guiding, communication, local history knowledge",Diploma / Certification Tour Guiding,No formal certification,"Audio equipment, booking software","Tour Route Planning, Guide Practice","Tour Guide Assistant, Intern","Tour Guide, Operator","Tour Companies, Travel Agencies","Travel Institute, Coursera Tour Guide Training",Tourism Training/Certification --> Internship --> Guided Tour Operator --> Senior Operator --> Tour Company Owner,Tourism
Gunsmith (Builds and repairs firearms),"gunsmith, repair, maintenance, firearms, mechanical, tools, safety, craftsmanship, manufacturing, engineering, customization, metalwork, manual skills, precision, security","Firearms knowledge, metalworking, safety",Vocational Training / Apprenticeship,Gunsmith Certification (varies),"Workshop tools, safety equipment","Basic Gunsmithing, Repair Project","Gunsmith Apprentice, Assistant","Senior Gunsmith, Shop Owner","Firearm Shops, Security Firms","YouTube Gunsmithing, Local Schools",Vocational Training/Apprenticeship --> Entry Role --> Gunsmith --> Senior Gunsmith --> Workshop Owner,Skilled Trades
Gymnastics Coach (Trains athletes in gymnastics),"gymnastics, coaching, sports, physical education, training, fitness, discipline, skills, competition, teaching, teamwork, motivation, health, recreation, development","Physical fitness, coaching, sports training",Certification Gymnastics Coaching,Relevant Sports Diploma,"Sports equipment, training facilities","Training Routine, Coaching Session","Assistant Coach, Intern","Gymnastics Coach, Head Coach","Sports Clubs, Schools","USAG Resources, Coursera Coaching",Certification/Sports Training --> Internship --> Gymnastics Coach --> Senior Coach --> Academy Director,Sports & Fitness
Habitat Specialist (Protects and manages natural habitats),"habitat, specialist, environment, conservation, wildlife, biology, ecology, research, protection, sustainability, fieldwork, nature, policy, science, education","Habitat management, ecology, conservation",Bachelor? Environmental Science / Biology,No formal certification,"Field equipment, GIS","Habitat Survey, Conservation Plan","Research Assistant, Intern","Habitat Specialist, Manager","Environmental Agencies, NGOs","ESA Resources, Coursera Ecology",BSc/Ecology/Environmental Science --> Internship --> Habitat Specialist --> Senior Specialist --> Project Lead,Environmental Science
Hair Colorist (Specializes in dyeing and coloring hair),"hair, colorist, cosmetology, beauty, haircare, styling, communication, customer service, creativity, fashion, chemicals, treatment, salon, manual skills, aesthetics","Cosmetology, hair coloring, styling techniques",Cosmetology Diploma / Certificate,State Cosmetology License,"Salon equipment, hair coloring tools","Coloring Practice, Style Design","Assistant Stylist, Intern","Hair Colorist, Stylist","Salons, Beauty Spas","Beauty Schools, YouTube Hair Tutorials",Certification/Cosmetology --> Apprenticeship --> Hair Colorist --> Senior Stylist --> Salon Owner,Personal Care
Hazardous Waste Manager (Handles disposal of dangerous materials),"hazardous, waste, management, safety, environment, compliance, disposal, chemicals, regulations, public health, protection, handling, risk, cleanup, industrial","Hazardous material handling, safety, compliance",Vocational Training / Environmental Safety,Certified Hazardous Materials Manager (CHMM),"Safety gear, monitoring equipment","Hazard Assessment, Safety Plan","Assistant Technician, Intern","Hazardous Waste Manager, Safety Officer","Environmental Firms, Govt Agencies","OSHA Resources, Coursera Hazardous Waste",BA/Environmental Science --> Certification --> Hazardous Waste Manager --> Senior Manager --> Consultant,Environmental Services
Health Administrator (Manages healthcare facilities and staff),"health, administration, management, healthcare, policy, communication, finance, leadership, organization, planning, operations, patient care, public health, business, staffing","Healthcare management, administration, leadership",Bachelor? Healthcare Administration,MHA Degree Preferred,"Health information systems, billing software","Healthcare Report, Admin Plan","Admin Assistant, Intern","Health Administrator, Manager","Hospitals, Clinics","ACHE Resources, Coursera Healthcare Management",BA/Health Administration --> Internship --> Health Administrator --> Senior Administrator --> Director,Healthcare Administration
Health Coach (Guides people to improve their health and habits),"health, coaching, wellness, fitness, nutrition, counseling, communication, behavior, lifestyle, motivation, support, education, mental health, prevention, guidance","Health coaching, nutrition, wellness",Training / Certification Health Coaching,Certified Health Coach,"Wellness apps, nutrition software","Wellness Plan, Client Coaching","Health Coach Assistant, Intern","Health Coach, Wellness Consultant","Fitness Centers, Clinics","ACE Resources, Coursera Health Coaching",BA/Health Coaching/Wellness --> Certification --> Health Coach --> Senior Coach --> Wellness Center Owner,Health & Wellness
Health Inspector (Checks places for health and safety compliance),"health, inspection, safety, public health, regulations, compliance, environment, food safety, sanitation, monitoring, community, biology, chemistry, law, assessment","Public health regulations, inspections, hygiene",Bachelor? Public Health / Environmental Health,Certified Health Inspector,"Inspection tools, testing kits","Facility Inspection, Hygiene Report","Health Inspector Trainee, Assistant","Health Inspector, Manager","Health Departments, Restaurants","NEHA Resources, Coursera Public Health",BA/Public Health --> Internship --> Health Inspector --> Senior Inspector --> Manager,Public Health & Safety
Health Physicist (Protects people from radiation hazards),"health, physics, radiation, safety, medicine, environment, physics, measurement, protection, healthcare, nuclear, technology, research, clinical, monitoring","Radiation safety, physics, health effects",Master? Health Physics / Physics,Certified Health Physicist,"Monitoring devices, radiation detection","Radiation Survey, Safety Report","Technician Assistant, Intern","Health Physicist, Consultant","Nuclear Plants, Hospitals","HPS Resources, Coursera Health Physics",BSc/Physics/Health Physics --> Internship --> Health Physicist --> Senior Scientist --> Manager,Radiation Safety
Hearing Aid Specialist (Fits and adjusts hearing aids),"hearing, aid, specialist, audiology, healthcare, communication, hearing, devices, testing, patient care, technology, treatment, anatomy, rehabilitation, audiology","Audiology, hearing aids, patient care",Master? Audiology,License to Practice Audiology,"Fitting equipment, audiometers","Hearing Aid Fitting, Patient Test","Audiology Assistant, Intern","Hearing Aid Specialist, Audiologist","Clinics, Hospitals","AAA Resources, Coursera Audiology",Certification/Audiology --> Internship --> Hearing Aid Specialist --> Senior Specialist --> Clinic Owner,Healthcare
Helicopter Pilot (Flies helicopters for transport or rescue),"helicopter, pilot, aviation, flying, safety, navigation, communication, transportation, weather, training, technical, operation, coordination, air traffic, emergency","Helicopter flight, navigation, safety",Diploma / Degree Aviation,Pilot License (Commercial),"Helicopter simulators, flight tools","Flight Simulation, Navigation Plan","Pilot Trainee, Co-Pilot","Helicopter Pilot, Captain","Aviation Companies, Emergency Services","FAA Resources, Flight Schools",Pilot License --> Training --> Helicopter Pilot --> Senior Pilot --> Chief Pilot,Aviation
Herbalist (Uses plants to support health and wellness),"herbalist, medicine, health, plants, natural remedies, biology, nutrition, wellness, therapy, alternative medicine, treatment, botany, environment, education, holistic","Herbal medicine, botany, health counseling",Vocational Training / Diploma Herbalism,No formal certification,"Herbal tools, botanical guides","Herbal Remedy Preparation, Plant Identification","Herbalist Assistant, Intern","Herbalist, Consultant","Wellness Centers, Herbal Shops","American Herbalists Guild, YouTube Herbalism",Certification/Herbal Medicine --> Apprenticeship --> Herbalist --> Senior Practitioner --> Business Owner,Alternative Medicine
High School Teacher (Teaches subjects to teens in high school),"high, school, teacher, education, teaching, curriculum, communication, student, classroom, planning, assessment, subject knowledge, leadership, mentoring, development","Subject expertise, classroom management, communication",Bachelor? / Master? Education,Teaching License,"LMS, presentation software","Lesson Plan, Classroom Activity","Teacher Assistant, Substitute Teacher","High School Teacher, Dept Head","Schools, Education Boards","Teach.org, Coursera Teaching",BA/Education --> Internship --> High School Teacher --> Senior Teacher --> Principal,Education
Highway Engineer (Designs and maintains roads and highways),"highway, engineering, civil, construction, planning, design, transportation, infrastructure, safety, environment, surveying, materials, project management, mathematics, technology","Civil engineering, road design, project management",Bachelor? Civil Engineering,PE License,"AutoCAD, Civil 3D, GIS","Road Design Project, Traffic Analysis","Junior Engineer, Intern","Highway Engineer, Project Manager","Engineering Firms, Govt Agencies","ASCE Resources, Coursera Civil Engineering",BSc/Civil Engineering --> Internship --> Highway Engineer --> Senior Engineer --> Project Manager,Engineering
Historical Consultant (Advises on accurate history for projects),"historical, consultant, history, research, archives, culture, education, documentation, analysis, communication, preservation, heritage, public speaking, writing, social sciences","Research skills, history knowledge, writing",Bachelor? History / Humanities,No formal certification,"Archival databases, research tools","Research Paper, Historical Report","Research Assistant, Intern","Consultant, Historian","Universities, Museums","History Association, Coursera History",BA/History/Research --> Internship --> Historical Consultant --> Senior Consultant --> Project Lead,History & Research
Home Health Aide (Cares for patients in their homes),"home, health, aide, healthcare, support, patient care, assistance, communication, elderly, nursing, therapy, daily living, safety, personal care, medical","Patient care, medical support, home health",Basic Nursing / Certification,Home Health Aide Certification,"Medical supplies, patient monitoring","Patient Care Plan, Assistance Tasks","Aide, Assistant","Home Health Aide, Nurse Assistant","Home Care Agencies, Hospitals","Medicare.gov, Coursera Home Care",Certification/Home Health Aide --> Apprenticeship --> Home Health Aide --> Senior Aide --> Supervisor,Healthcare
Homicide Detective (Investigates murders and suspicious deaths),"homicide, detective, investigation, law enforcement, crime, analysis, evidence, communication, research, criminal justice, forensics, public safety, reporting, interviewing, casework","Investigation, evidence collection, law enforcement",Bachelor? Criminal Justice,Police Academy,"Forensic tools, case management software","Mock Investigation, Report Writing","Detective Trainee, Officer","Homicide Detective, Investigator","Police Departments, Law Enforcement","PoliceOne, Coursera Criminal Justice",Law Enforcement Training --> Internship --> Homicide Detective --> Senior Detective --> Supervisor,Law Enforcement
Horticultural Therapist (Uses gardening to help well-being),"horticultural, therapy, plants, health, therapy, rehabilitation, psychology, environment, wellness, mental health, nature, communication, care, education, social work","Therapy, horticulture knowledge, counseling",Master? Therapy / Horticulture,No formal certification,"Gardening tools, therapy materials","Therapy Session Plan, Garden Design","Therapist Assistant, Intern","Horticultural Therapist, Counselor","Hospitals, Rehab Centers","American Horticultural Therapy Association, Coursera Therapy",BA/Psychology/Occupational Therapy --> Certification --> Horticultural Therapist --> Senior Therapist --> Program Manager,Therapy & Rehabilitation
Hospital Administrator (Oversees hospital operations),"hospital, administration, management, healthcare, operations, policy, communication, finance, leadership, planning, organization, patient care, public health, staffing, budgeting","Healthcare management, leadership, finance",Bachelor? Healthcare Admin / Business,MHA Preferred,"Health info systems, billing software","Management Plan, Budget Report","Admin Assistant, Intern","Hospital Administrator, Manager","Hospitals, Healthcare Systems","ACHE Resources, Coursera Healthcare Management",BA/Health Administration --> Internship --> Hospital Administrator --> Senior Administrator --> CEO,Healthcare Administration
Hospitalist (Manages patient care inside hospitals),"hospitalist, medicine, healthcare, patient care, clinical, diagnosis, treatment, biology, anatomy, health science, emergency, monitoring, communication, primary care, medical","Internal medicine, diagnostics, patient care",Medical Degree + Residency,Board Certification,"Hospital equipment, EHR","Patient Case Study, Diagnosis","Resident, Intern","Hospitalist, Specialist","Hospitals, Clinics","AMA Resources, Coursera Medicine",Medical Degree --> Residency --> Hospitalist --> Senior Physician --> Department Head,Healthcare
Host (Greets and seats guests at restaurants or events),"host, hospitality, customer service, communication, events, entertainment, tourism, coordination, organization, social skills, management, marketing, public relations, teamwork, service","Customer service, communication, multitasking",Vocational Training,No formal certification,"POS systems, booking software","Customer Interaction, Service Checklist","Host, Assistant","Host, Restaurant Manager","Restaurants, Hotels","YouTube Hospitality, Local Training",BA/Hospitality --> Internship --> Host --> Senior Host --> Manager,Hospitality
Hotel Concierge (Helps hotel guests with services and information),"hotel, concierge, hospitality, customer service, communication, travel, tourism, booking, events, assistance, guest relations, organization, multitasking, tourism, management","Guest services, communication, problem-solving",Vocational Training / Experience,No formal certification,"Booking software, CRM","Guest Check-In, Service Improvement","Concierge Assistant, Intern","Hotel Concierge, Guest Services Manager","Hotels, Resorts","Hotel Management Schools, Coursera Hospitality",BA/Hospitality --> Internship --> Hotel Concierge --> Senior Concierge --> Manager,Hospitality
House Manager (Oversees household staff and activities),"house, management, administration, organization, staff supervision, communication, scheduling, cleaning, maintenance, budgeting, coordination, hospitality, leadership, service, operations","Household management, organization, communication",Experience / Vocational Training,No formal certification,"Scheduling tools, inventory software","Household Plan, Staff Coordination","Assistant, Intern","House Manager, Estate Manager","Private Residences, Estates","YouTube House Management, Local Training",BA/Management --> Internship --> House Manager --> Senior Manager --> Director,Domestic Services
Human Factors Engineer (Designs systems to fit human needs),"human, factors, engineering, ergonomics, design, safety, psychology, usability, systems, analysis, human behavior, product design, engineering, health, interaction","Human factors, ergonomics, design psychology",Bachelor? Psychology / Engineering,No formal certification,"Ergonomic software, simulation tools","Workstation Evaluation, Usability Study","Research Assistant, Intern","Human Factors Engineer, Consultant","Tech Companies, Research Labs","Ergonomics Society, Coursera Human Factors",BSc/Psychology/Human Factors --> Internship --> Human Factors Engineer --> Senior Engineer --> Consultant,Engineering
Hydraulic Engineer (Designs water flow systems and equipment),"hydraulic, engineering, fluid mechanics, machinery, design, civil, mechanical, water systems, pumps, construction, physics, environment, technology, infrastructure, problem solving","Fluid mechanics, hydraulics, engineering design",Bachelor? Mechanical / Civil Engineering,PE License,"CAD, hydraulic simulation software","Pipe Flow Analysis, Design Report","Junior Engineer, Intern","Hydraulic Engineer, Project Lead","Engineering Firms, Utilities","ASME Resources, Coursera Hydraulic Engineering",BSc/Civil/Mechanical Engineering --> Internship --> Hydraulic Engineer --> Senior Engineer --> Project Manager,Engineering
Hypnotherapist (Uses hypnosis to help with problems),"hypnotherapy, therapy, psychology, mental health, counseling, relaxation, behavior, communication, treatment, support, wellbeing, alternative medicine, hypnosis, wellness, clinical","Hypnotherapy techniques, counseling, psychology",Certification Hypnotherapy Program,Certified Hypnotherapist (varies),"Hypnosis equipment, counseling tools","Hypnosis Session, Client Plan","Hypnotherapist Assistant, Intern","Hypnotherapist, Counselor","Private Clinics, Wellness Centers","NGH Resources, Coursera Hypnotherapy",Certification/Hypnotherapy --> Training --> Hypnotherapist --> Senior Therapist --> Clinic Owner,Therapy & Counseling
Ice Cream Maker (Produces and flavors ice cream),"ice, cream, maker, food production, culinary, refrigeration, manufacturing, dairy, quality control, processing, food science, packaging, business, hygiene, safety","Food production, refrigeration, sanitation",Vocational Training / Apprenticeship,No formal certification,"Ice cream machines, hygiene tools","Recipe Development, Production Log","Assistant, Apprentice","Ice Cream Maker, Production Lead",Food Production Companies,"YouTube Food Production, Local Training",Vocational Training --> Apprenticeship --> Ice Cream Maker --> Senior Maker --> Business Owner,Food Production
Immigration Lawyer (Helps clients with immigration issues),"immigration, law, legal, policy, government, documentation, counseling, human rights, international, regulation, communication, advocacy, legal research, compliance, visas","Law, immigration policy, client advocacy",Juris Doctor (JD),"Bar Admission, Immigration Law Certificate","Legal research databases, case management","Client Case Study, Legal Brief","Junior Lawyer, Paralegal","Immigration Lawyer, Attorney","Law Firms, NGOs","AILA Resources, Coursera Immigration Law",Law Degree --> Internship --> Immigration Lawyer --> Senior Lawyer --> Partner,Legal & Immigration
Import/Export Specialist (Handles international shipping and trade),"import, export, trade, logistics, business, international, shipping, customs, supply chain, finance, marketing, documentation, compliance, communication, negotiation","International trade, customs, regulations",Bachelor? Business / International Trade,No formal certification,"ERP, trade compliance software","Import Documentation, Market Research","Import/Export Assistant, Coordinator","Import/Export Specialist, Manager","Trading Companies, Shipping Firms","Export.gov, Coursera International Trade",BA/International Business --> Internship --> Import/Export Specialist --> Senior Specialist --> Manager,International Trade
Industrial Hygienist (Protects workers from health hazards),"industrial, hygiene, safety, health, environment, regulations, workplace, monitoring, contamination, chemicals, compliance, risk assessment, biology, chemistry, public health","Industrial hygiene, safety, health risk assessment",Bachelor? Environmental Health / Safety,Certified Industrial Hygienist (CIH),"Monitoring devices, sampling tools","Workplace Assessment, Safety Report","Assistant Hygienist, Intern","Industrial Hygienist, Consultant","Manufacturing, Government","AIHA Resources, Coursera Industrial Hygiene",BA/Environmental Health --> Certification --> Industrial Hygienist --> Senior Hygienist --> Consultant,Occupational Health & Safety
Industrial Psychologist (Studies workplace behavior and performance),"industrial, psychology, workplace, behavior, human resources, training, development, assessment, motivation, communication, management, counseling, organizational, research, performance","Psychology, organizational behavior, assessment",Master? Psychology / Industrial-Organizational,No formal certification,"Survey tools, analytics software","Employee Survey, Behavior Study","Research Assistant, Intern","Industrial Psychologist, Consultant","Corporates, HR Firms","SIOP Resources, Coursera Industrial Psychology",BA/Psychology --> Internship --> Industrial Psychologist --> Senior Psychologist --> Consultant,Psychology
Infant Care Specialist (Cares for newborn babies),"infant, care, childcare, health, development, early education, support, safety, communication, parenting, psychology, nutrition, therapy, monitoring, nursing","Infant care, child development, safety training",Certificate / Diploma Early Childhood Care,"CPR, First Aid Certification","Child care tools, educational toys","Care Plan, Activity Design","Assistant, Caregiver","Infant Care Specialist, Nurse","Daycare Centers, Hospitals","Zero to Three Resources, Coursera Child Care",Certification/Infant Care --> Internship --> Infant Care Specialist --> Senior Specialist --> Program Manager,Childcare
Infantry Officer (Leads soldiers in ground combat),"infantry, officer, military, leadership, strategy, defense, training, operations, tactics, communication, discipline, security, physical fitness, teamwork, planning","Military leadership, tactics, physical fitness",Military Academy / Training,Military Commission,"Weapons, communication devices","Tactical Planning, Physical Training","Officer Cadet, Trainee","Infantry Officer, Commander",Armed Forces,"Military Academy Resources, Official Training",Military Training --> Commission --> Infantry Officer --> Senior Officer --> Commanding Officer,Military & Defense
Information Architect (Organizes website structure and content),"information, architecture, data, design, usability, systems, organization, technology, user experience, IT, management, communication, structuring, analysis, digital","UX design, information organization, research",Bachelor? Design / Computer Science,No formal certification,"Wireframing tools, prototyping software","User Flow Diagram, Wireframe Project","Junior Designer, Intern","Information Architect, UX Lead","Tech Firms, Consultancies","NNGroup, Coursera UX Design",BA/Design/Computer Science --> Internship --> Information Architect --> Senior Architect --> UX Director,Technology
Infection Control Nurse (Prevents the spread of infections),"infection, control, nursing, healthcare, hygiene, prevention, patient care, clinical, epidemiology, biology, medicine, safety, public health, treatment, monitoring","Infection control, nursing, healthcare protocols",Bachelor? Nursing,ICN Infection Control Certification,"Healthcare software, monitoring tools","Infection Control Plan, Training Session","Nurse Assistant, Intern","Infection Control Nurse, Specialist","Hospitals, Clinics","CDC Resources, Coursera Infection Control",Nursing Degree --> Certification --> Infection Control Nurse --> Senior Nurse --> Manager,Healthcare
Informatics Nurse (Uses data systems to improve healthcare),"informatics, nursing, healthcare, information technology, data, management, patient care, clinical, communication, electronic records, technology, research, health science, IT, support","Health informatics, data management, nursing",Bachelor? Nursing / IT,Health Informatics Certification,"EHR systems, analytics software","Data Entry, Workflow Design","Nursing Assistant, Intern","Informatics Nurse, Specialist","Hospitals, Health IT Firms","AMIA Resources, Coursera Health Informatics",Nursing Degree/IT --> Certification --> Informatics Nurse --> Senior Nurse --> Director,Healthcare
Instructional Designer (Creates training materials and courses),"instructional, design, education, training, curriculum, development, technology, learning, communication, multimedia, assessment, planning, teaching, software, e-learning","Instructional design, e-learning, training",Bachelor? Education / Instructional Design,No formal certification,"Authoring tools, LMS","Online Course Design, Training Module","Instructional Assistant, Intern","Instructional Designer, Specialist","Corporates, Educational Institutes","ATD Resources, Coursera Instructional Design",BA/Education/Instructional Design --> Internship --> Instructional Designer --> Senior Designer --> Manager,Education & Training
Insurance Appraiser (Estimates the value of insured items),"insurance, appraisal, claims, evaluation, finance, risk, property, damage, inspection, assessment, communication, reporting, business, customer service, analysis","Insurance evaluation, claims assessment",Bachelor? Finance / Business,No formal certification,"Claims software, appraisal tools","Claim Assessment, Report Writing","Assistant Appraiser, Intern","Insurance Appraiser, Specialist","Insurance Firms, Brokers","NAIFA Resources, Coursera Insurance",BA/Finance/Insurance --> Internship --> Insurance Appraiser --> Senior Appraiser --> Manager,Insurance
Insurance Underwriter (Decides if insurance policies are approved),"insurance, underwriting, risk, finance, policies, evaluation, business, analysis, compliance, communication, finance, assessment, regulation, customer service, decision making","Risk analysis, underwriting, finance",Bachelor? Finance / Business,Chartered Property Casualty Underwriter (CPCU),"Underwriting software, databases","Policy Analysis, Risk Report","Underwriting Assistant, Intern","Insurance Underwriter, Manager","Insurance Companies, Brokers","IIA Resources, Coursera Underwriting",BA/Finance/Insurance --> Internship --> Insurance Underwriter --> Senior Underwriter --> Manager,Insurance
Interior Decorator (Designs and styles indoor spaces),"interior, decoration, design, aesthetics, furniture, space planning, creativity, architecture, color theory, communication, home, environment, visual arts, lifestyle, trends","Interior design, decoration, color theory",Diploma / Degree Interior Design,No formal certification,"Design software, mood boards","Room Design, Decoration Plan","Decorator Assistant, Intern","Interior Decorator, Designer","Design Firms, Real Estate","ASID Resources, YouTube Interior Design",BA/Design/Interior Decoration --> Internship --> Interior Decorator --> Senior Decorator --> Owner,Interior Design
Interpreter (Medical) (Translates for patients and healthcare staff),"medical, interpreting, language, translation, healthcare, communication, bilingual, accuracy, patient care, terminology, legal, cultural, facilitation, transcription, support","Medical terminology, interpretation, communication",Bachelor? / Certification Medical Interpretation,Certified Medical Interpreter (CMI),"Translation software, glossaries","Patient Interview, Interpretation Practice","Interpreter Assistant, Intern","Medical Interpreter, Translator","Hospitals, Clinics","ATA Resources, Coursera Medical Interpretation",BA/Languages/Medical --> Certification --> Medical Interpreter --> Senior Interpreter --> Manager,Healthcare Translation
Investment Analyst (Studies investments to help people or companies decide where to put money),"investment, analysis, finance, stocks, business, portfolio, research, economics, market, risk, data, reporting, decision making, banking, management","Financial analysis, market research, reporting",Bachelor? Finance / Economics,No formal certification,"Financial modeling software, Excel","Market Analysis, Financial Report","Analyst, Intern","Investment Analyst, Portfolio Manager","Investment Firms, Banks","Investopedia, Coursera Finance",BA/Finance/Economics --> Internship --> Investment Analyst --> Senior Analyst --> Portfolio Manager,Finance
Ironworker (Builds structures using steel and iron),"ironworking, construction, fabrication, metalwork, welding, tools, manual skills, safety, building, engineering, structural, manufacturing, industrial, labor, repair","Structural assembly, welding, safety",Vocational Training / Apprenticeship,OSHA Safety Certification,"Hoisting equipment, welding tools","Steel Beam Assembly, Safety Drill","Ironworker Apprentice, Laborer","Ironworker, Site Supervisor","Construction Firms, Infrastructure Companies","OSHA Training, YouTube Ironworking",Trade School/Apprenticeship --> Entry Ironworker --> Skilled Ironworker --> Supervisor,Construction & Trades
IT Auditor (Checks computer systems for security and efficiency),"IT, auditing, information technology, security, compliance, risk, data, systems, analysis, controls, governance, management, software, finance, investigation","IT auditing, risk management, compliance",Bachelor? IT / Computer Science,CISA (Certified Information Systems Auditor),"Audit software, risk assessment tools","IT Audit Checklist, Risk Assessment","IT Audit Assistant, Intern","IT Auditor, Compliance Manager","Consulting Firms, Corporates","ISACA Resources, Coursera IT Auditing",Bachelors/IT/Accounting --> Entry IT Auditor --> Senior Auditor --> Audit Manager,Technology Audit
IT Project Manager (Leads technology projects from start to finish),"IT, project, management, planning, software, communication, leadership, technology, teams, budgeting, development, coordination, scheduling, problem-solving, business","Project management, IT knowledge, communication",Bachelor? IT / Management,PMP (Project Management Professional),"Project management tools, MS Project","Project Plan, Risk Management","Junior PM, Coordinator","IT Project Manager, Program Manager","Tech Companies, Consultancies","PMI Resources, Coursera Project Management",Bachelors/IT/Business --> Entry Project Coordinator --> IT Project Manager --> PMO Director,Technology Project Management
"Jewelry Designer (Creates designs for rings, necklaces, and other jewelry)","jewelry, design, art, creativity, craftsmanship, fashion, metals, stones, manufacturing, manual skills, aesthetics, marketing, sales, fashion, production","Jewelry design, creativity, craftsmanship",Vocational Training / Art Diploma,No formal certification,"Design software, jewelry tools","Design Portfolio, Simple Jewelry Piece","Assistant Designer, Intern","Jewelry Designer, Studio Owner","Jewelry Firms, Studios","YouTube Jewelry Design, Local Classes",BA/Fine Arts/Design --> Internship --> Jewelry Designer --> Senior Designer --> Business Owner,Arts & Design
Job Coach (Helps people learn and succeed at work),"job, coaching, career, counseling, support, skills, communication, employment, training, development, motivation, assessment, guidance, workforce, mentoring","Career counseling, communication, coaching",BA Psychology / Education,Job Coach Certification,"Assessment tools, communication platforms","Mock Coaching Session, Resume Review","Job Coach Assistant, Intern","Job Coach, Career Counselor","NGOs, Educational Institutes","NCDA Resources, Coursera Career Coaching",BA/Social Work/Education --> Internship --> Job Coach --> Senior Coach --> Program Director,Career Services
Judicial Clerk (Assists judges with research and paperwork),"judicial, clerk, law, legal, administration, court, documentation, research, support, communication, records, legal writing, case management, organization, assistance","Legal research, writing, case analysis",Bachelor? Law,Judicial Clerkship Program,"Legal databases, case management","Legal Brief Drafting, Case Summary","Judicial Clerk, Intern","Judicial Clerk, Legal Assistant","Courts, Law Firms","ABA Resources, Law School Guides",BA/Law/Criminal Justice --> Internship --> Judicial Clerk --> Legal Researcher --> Judge,Legal & Court
Juvenile Probation Officer (Supervises young people on probation),"juvenile, probation, officer, law enforcement, social work, counseling, youth, justice, support, rehabilitation, communication, community, legal, supervision, mentoring","Law enforcement, probation management, counseling",Bachelor? Criminal Justice,Probation Officer Certification,"Case management software, databases","Case Reports, Counseling Sessions","Probation Officer Trainee, Intern","Probation Officer, Supervisor","Government Agencies, Courts","APPA Resources, Coursera Criminal Justice",BA/Criminal Justice/Social Work --> Training --> Juvenile Probation Officer --> Senior Officer --> Supervisor,Law Enforcement
Kinesiologist (Studies body movement to improve health and performance),"kinesiology, sports, health, exercise, physical education, therapy, biomechanics, anatomy, fitness, rehabilitation, movement, wellness, training, physiology, healthcare","Human movement, exercise science, rehab",Bachelor? Kinesiology / Exercise Science,No formal certification,"Fitness testing equipment, software","Exercise Program, Rehab Session","Assistant Trainer, Intern","Kinesiologist, Therapist","Rehab Centers, Clinics","ACE Resources, Coursera Kinesiology",BSc/Kinesiology/Physiology --> Internship --> Kinesiologist --> Senior Therapist --> Clinic Owner,Health & Wellness
Kitchen Designer (Plans the layout and look of kitchens),"kitchen, design, interior, layout, space planning, creativity, architecture, aesthetics, functionality, materials, appliances, communication, construction, ergonomics, home","Interior design, space planning, CAD software",Diploma / Degree Interior Design,No formal certification,"CAD, 3D modeling software","Room Layout, Design Proposal","Assistant Designer, Intern","Kitchen Designer, Interior Designer","Design Firms, Contractors","YouTube Kitchen Design, Udemy Interior Design",BA/Interior Design --> Internship --> Kitchen Designer --> Senior Designer --> Design Manager,Arts & Design
Labor Relations Specialist (Handles relationships between workers and management),"labor, relations, human resources, negotiation, communication, law, management, conflict resolution, union, workplace, policies, employee relations, compliance, training, advocacy","Labor relations, negotiation, law",Bachelor? Business / HR,Labor Relations Certification,"HR software, communication tools","Union Negotiation Simulation, Case Study","HR Assistant, Labor Relations Coordinator","Labor Relations Specialist, Manager","Corporates, Unions","SHRM Resources, Coursera Labor Relations",BA/Labor Relations/HR --> Internship --> Labor Relations Specialist --> Senior Specialist --> Manager,Human Resources
Land Developer (Prepares land for new buildings or neighborhoods),"land, development, real estate, planning, construction, management, business, finance, marketing, architecture, environment, zoning, sales, urban planning, negotiation","Land development, planning, construction management",Bachelor? Urban Planning / Civil Engineering,No formal certification,"GIS, AutoCAD, project management software","Site Plan, Feasibility Study","Land Development Assistant, Intern","Land Developer, Project Manager","Real Estate Firms, Developers","Urban Land Institute, Coursera Real Estate",BA/Real Estate/Business --> Internship --> Land Developer --> Senior Developer --> Project Manager,Real Estate Development
Landscaper (Designs and maintains outdoor spaces),"landscaping, gardening, outdoor, design, maintenance, horticulture, environment, plants, creativity, tools, safety, property, physical work, planning, ecology","Landscaping, horticulture, design",Vocational Training / Horticulture,No formal certification,"Landscaping tools, design software","Landscape Plan, Garden Project","Landscaper Assistant, Laborer","Senior Landscaper, Designer","Landscaping Companies, Nurseries","YouTube Landscaping, Local Courses",Vocational Training/Horticulture --> Apprenticeship --> Landscaper --> Senior Landscaper --> Business Owner,Landscaping & Groundskeeping
Language Pathologist (Helps people with speech and language problems),"language, pathology, speech, therapy, communication, disorders, healthcare, education, assessment, treatment, linguistics, rehabilitation, psychology, support, development","Speech therapy, communication disorders",Master? Speech-Language Pathology,CCC-SLP License,"Therapy materials, assessment software","Communication Assessment, Therapy Plan","Therapy Assistant, Intern","Language Pathologist, Speech Therapist","Clinics, Schools","ASHA Resources, Coursera Speech Pathology",BA/Speech Pathology --> Certification --> Language Pathologist --> Senior Therapist --> Clinic Director,Healthcare
Latex Technician (Makes and tests latex products),"latex, technician, manufacturing, materials, chemicals, production, medical, industrial, safety, quality control, testing, engineering, technology, fabrication, polymers","Latex handling, chemical processing, manufacturing",Vocational Training,No formal certification,"Glove manufacturing machines, safety gear","Process Monitoring, Quality Check","Technician Assistant, Operator","Latex Technician, Supervisor","Manufacturing Plants, Chemical Firms","YouTube Manufacturing, Local Training",Vocational Training --> Apprenticeship --> Latex Technician --> Senior Technician --> Supervisor,Manufacturing
Laundry Manager (Runs laundry services in hotels or hospitals),"laundry, management, operations, service, cleaning, customer service, business, maintenance, organization, equipment, textiles, quality, safety, hospitality, staff","Laundry operations, management, customer service",Vocational Training,No formal certification,"Laundry machines, inventory software","Workflow Design, Inventory Management","Laundry Assistant, Operator","Laundry Manager, Operations Supervisor","Hotels, Hospitals","YouTube Laundry Management, Local Courses",BA/Business Management --> Internship --> Laundry Manager --> Senior Manager --> Regional Manager,Hospitality
Law Clerk (Supports lawyers with research and case preparation),"law, clerk, legal, documentation, research, court, support, administration, communication, case management, writing, organization, legal procedures, assistance, judiciary","Legal research, writing, court procedures",Bachelor? Law,No formal certification,"Legal databases, document management","Case Research, Legal Drafting","Legal Clerk, Intern","Law Clerk, Paralegal","Law Firms, Courts","ABA Resources, Coursera Legal Research",BA/Law --> Internship --> Law Clerk --> Associate --> Lawyer,Legal & Court
Legal Assistant (Helps lawyers with tasks and documents),"legal, assistant, law, administration, research, documentation, communication, support, legal writing, court, organization, office, case management, client, paralegal","Legal documentation, communication, organization",High School Diploma / Certification,No formal certification,"Office software, legal databases","Document Preparation, Filing Assistant","Legal Assistant, Intern","Legal Assistant, Paralegal","Legal Firms, Corporations","YouTube Legal Assistant, Coursera Paralegal",BA/Legal Studies --> Internship --> Legal Assistant --> Senior Assistant --> Paralegal Manager,Legal & Court
Legal Secretary (Handles office work in law firms),"legal, secretary, law, administration, documentation, typing, communication, scheduling, office, support, court, transcription, filing, organization, clerical","Office management, scheduling, legal terminology",High School Diploma / Certification,No formal certification,"Office software, communication tools","Appointment Scheduling, Filing System","Legal Secretary, Assistant","Legal Secretary, Office Manager","Law Firms, Corporate Legal Departments","LinkedIn Learning, Coursera Admin Skills",BA/Legal Studies/Administration --> Internship --> Legal Secretary --> Senior Secretary --> Office Manager,Legal & Court
Legislative Assistant (Supports lawmakers with research and scheduling),"legislative, assistant, government, policy, research, communication, administration, law, documentation, politics, organization, support, analysis, writing, public affairs","Political knowledge, research, communication",Bachelor? Political Science,No formal certification,"Research databases, communication tools","Policy Brief, Research Summary","Assistant, Intern","Legislative Assistant, Analyst","Government, NGOs","US Congress Resources, Coursera Politics",BA/Political Science/Public Admin --> Internship --> Legislative Assistant --> Policy Analyst --> Senior Advisor,Government & Policy
Lifeguard (Watches over swimmers to keep them safe),"lifeguard, swimming, safety, rescue, first aid, water, surveillance, emergency, health, fitness, prevention, training, alertness, teamwork, communication","Water safety, CPR, emergency response",Certification Lifeguard Training,Lifeguard Certification,"Rescue equipment, communication radios","Rescue Drills, Safety Plan","Lifeguard, Assistant Coach","Senior Lifeguard, Supervisor","Pools, Beaches, Recreation Centers","Red Cross, YouTube Lifeguard Training",Certification/First Aid/Lifeguard Training --> Entry Lifeguard --> Senior Lifeguard --> Supervisor,Public Safety
"Lighting Designer (Plans lighting for theaters, events, or buildings)","lighting, design, theater, film, architecture, creativity, colors, electricity, ambiance, technical, equipment, installation, aesthetics, programming, visualization","Lighting design, electrical knowledge, creativity",Diploma / Degree Lighting Design,No formal certification,"Lighting software, CAD","Lighting Plan, Design Proposal","Assistant Designer, Intern","Lighting Designer, Engineer","Production Companies, Architecture Firms","IALD Resources, Udemy Lighting Design",BA/Design/Lighting Technology --> Internship --> Lighting Designer --> Senior Designer --> Studio Lead,Arts & Design
Line Cook (Prepares food in restaurant kitchens),"line, cook, culinary, kitchen, food preparation, cooking, recipes, hygiene, fast-paced, teamwork, service, ingredients, timing, safety, presentation","Food preparation, kitchen skills, safety",Vocational Training / Culinary Arts,No formal certification,"Kitchen equipment, cooking tools","Basic Recipes, Meal Preparation","Line Cook, Kitchen Assistant","Sous Chef, Head Chef","Restaurants, Hotels","YouTube Cooking, Culinary Schools",Culinary School --> Entry Line Cook --> Sous Chef --> Head Chef,Food Service
Litigation Support Specialist (Manages legal documents for court cases),"litigation, support, legal, research, documentation, case management, law, court, administration, evidence, communication, organization, software, writing, compliance","Legal technology, data management, case support",Bachelor? Legal Studies / IT,No formal certification,"Legal databases, eDiscovery tools","Document Management, Data Entry","Assistant, Intern","Litigation Support Specialist, Analyst","Law Firms, Corporates","LegalTech Resources, Coursera eDiscovery",BA/Law/Criminal Justice --> Internship --> Litigation Support Specialist --> Senior Specialist --> Manager,Legal Support
Lobbyist (Tries to influence laws and policies),"lobbyist, politics, advocacy, communication, policy, government, legislation, negotiation, research, strategy, public affairs, networking, influence, analysis, presentation","Advocacy, policy research, communication",Bachelor? Political Science / Communications,No formal certification,"Research software, CRM","Policy Analysis, Campaign Plan","Assistant, Intern","Lobbyist, Public Affairs Specialist","NGOs, Corporates","OpenSecrets, Coursera Advocacy",BA/Political Science/Communications --> Internship --> Lobbyist --> Senior Lobbyist --> Director,Government & Policy
Locksmith (Installs and repairs locks and keys),"locksmith, security, keys, locks, installation, repair, mechanical, tools, safety, troubleshooting, locks, emergency, customer service, precision, problem solving","Locksmithing, metalworking, security",Vocational Training / Apprenticeship,No formal certification,"Locksmith tools, key-cutting machines","Lock Repair, Key Making","Locksmith Apprentice, Assistant","Locksmith, Security Consultant","Local Locksmiths, Security Firms","YouTube Locksmithing, Local Training",Vocational Training/Locksmithing --> Apprenticeship --> Locksmith --> Senior Locksmith --> Business Owner,Security
Logistics Manager (Organizes how goods move and are stored),"logistics, management, supply chain, transportation, inventory, planning, coordination, distribution, warehousing, analysis, communication, scheduling, optimization, shipping, efficiency","Logistics management, supply chain, coordination",Bachelor? Logistics / Business,No formal certification,"TMS software, ERP","Shipment Scheduling, Inventory Management","Logistics Coordinator, Assistant","Logistics Manager, Director","Shipping Companies, Retailers","CSCMP Resources, Coursera Logistics",BA/Logistics/Supply Chain --> Internship --> Logistics Manager --> Senior Manager --> Director,Logistics & Supply Chain
Loss Prevention Specialist (Prevents theft in stores and businesses),"loss, prevention, security, retail, theft, investigation, surveillance, reporting, safety, customer service, policies, compliance, risk, training, monitoring","Security protocols, risk management, surveillance",Vocational Training / Security,No formal certification,"CCTV, alarm systems, reporting tools","Incident Report, Security Plan","Loss Prevention Assistant, Guard","Loss Prevention Specialist, Manager","Retail, Warehousing","FBI Crime Prevention, YouTube Security",BA/Criminal Justice/Security --> Entry Role --> Loss Prevention Specialist --> Manager --> Director,Security
Luthier (Builds and repairs stringed musical instruments),"luthier, instrument, woodwork, craftsmanship, music, repair, string instruments, design, tools, precision, art, manual skills, acoustics, creativity, maintenance","Instrument making, woodworking, craftsmanship",Vocational Training / Apprenticeship,No formal certification,"Woodworking tools, luthier tools","Instrument Repair, String Replacement","Apprentice, Assistant","Luthier, Workshop Owner","Instrument Shops, Music Studios","YouTube Luthiery, Local Workshops",Vocational Training/Instrument Making --> Apprenticeship --> Luthier --> Senior Luthier --> Business Owner,Skilled Trades
Machine Learning Engineer (Creates systems that learn from data),"machine, learning, artificial intelligence, algorithms, data, programming, statistics, modeling, Python, analysis, software, automation, research, neural networks, mathematics","Programming, math, data science",Master? Computer Science / AI,Relevant ML Certifications,"Python, TensorFlow, Jupyter Notebooks","ML Model, Data Analysis","ML Engineer, Data Scientist","Senior ML Engineer, AI Specialist","Tech Giants, Startups","DeepLearning.ai, Coursera Machine Learning",BSc/Computer Science/Math --> Internship --> Machine Learning Engineer --> Senior Engineer --> Lead Scientist,Technology
Machinist (Operates machines to make metal parts),"machinist, manufacturing, tools, precision, metalwork, production, machinery, CNC, technical, safety, maintenance, fabrication, measurement, engineering, quality control","Machining, precision tools, blueprint reading",Vocational Training / Apprenticeship,No formal certification,"CNC machines, lathes, hand tools","Basic Machining, Part Fabrication","Machinist Apprentice, Operator","Machinist, Supervisor","Manufacturing Firms, Factories","YouTube Machining, Local Trade Schools",Vocational Training/Technical School --> Apprenticeship --> Machinist --> Senior Machinist --> Supervisor,Manufacturing
Magistrate (Handles minor legal cases in court),"magistrate, law, judiciary, court, legal, decisions, hearing, administration, justice, rulings, procedures, communication, conflict resolution, ethics, documentation","Law, judgment, legal writing",Juris Doctor (JD),Bar Admission,"Court management software, legal research","Case Briefs, Mock Trials","Law Clerk, Legal Assistant","Magistrate, Judge","Courts, Government","ABA Resources, Coursera Law",BA/Law --> Internship --> Magistrate --> Senior Magistrate --> Judge,Legal & Court
Mail Carrier (Delivers mail to homes and businesses),"mail, carrier, delivery, logistics, communication, organization, transportation, sorting, routes, customer service, reliability, punctuality, safety, time management, physical fitness","Delivery, time management, customer service",High School Diploma,Postal Service Training,"Sorting machines, route management software","Route Planning, Delivery Practice","Mail Carrier Assistant, Trainee","Mail Carrier, Supervisor","Postal Services, Logistics Firms","USPS Resources, YouTube Postal Work",High School Diploma --> Entry Role --> Mail Carrier --> Senior Carrier --> Supervisor,Postal & Delivery
Maintenance Worker (Fixes and maintains buildings and equipment),"maintenance, repair, tools, equipment, safety, troubleshooting, electrical, plumbing, mechanical, preventive, facilities, operations, problem solving, coordination, manual skills","Maintenance, repair, safety awareness",Vocational Training,No formal certification,"Hand tools, maintenance equipment","Maintenance Log, Repair Checklist","Maintenance Assistant, Technician","Maintenance Worker, Supervisor","Facilities, Property Management","YouTube Maintenance Skills, Local Training",Vocational Training/Technical --> Apprenticeship --> Maintenance Worker --> Senior Technician --> Manager,Maintenance Services
Makeup Designer (Creates makeup looks for performances),"makeup, design, cosmetics, creativity, application, skin, fashion, art, hygiene, tools, special effects, styling, products, client service, attention to detail","Makeup artistry, creativity, design",Makeup Artistry Certificate,No formal certification,"Makeup kits, design software","Makeup Portfolio, Concept Design","Assistant, Makeup Artist","Makeup Designer, Art Director","Film Studios, Salons","YouTube Makeup Design, MasterClass",BA/Fashion/Makeup Artistry --> Internship --> Makeup Designer --> Senior Artist --> Studio Owner,Arts & Design
Management Consultant (Advises companies on improving business),"management, consulting, business, strategy, analysis, problem solving, communication, finance, leadership, planning, operations, marketing, client service, presentation, teamwork","Business strategy, analysis, communication",Bachelor? Business / MBA,No formal certification,"Analytics software, presentation tools","Market Analysis, Strategy Plan","Analyst, Associate","Management Consultant, Partner","Consulting Firms, Corporates","McKinsey Insights, Coursera Strategy",BA/Business/Management --> Internship --> Management Consultant --> Senior Consultant --> Partner,Business & Consulting
Manuscript Editor (Edits drafts of books or articles),"manuscript, editing, writing, proofreading, publishing, literature, grammar, style, communication, content, review, organization, detail-oriented, research, software","Editing, grammar, attention to detail",Bachelor? English / Journalism,No formal certification,"Editing software, CMS","Manuscript Review, Style Guide","Editor Assistant, Proofreader","Editor, Senior Editor","Publishers, Media Firms","Chicago Manual of Style, Coursera Editing",BA/English/Literature --> Internship --> Manuscript Editor --> Senior Editor --> Publishing Manager,Publishing
Marine Engineer (Designs and maintains ships and equipment),"marine, engineering, ships, mechanics, design, navigation, ocean, maintenance, safety, environment, construction, systems, technology, problem solving, physics","Marine systems, mechanical engineering, design",Bachelor? Marine Engineering,PE License,"CAD software, simulation tools","Marine Engine Design, Safety Report","Junior Engineer, Assistant","Marine Engineer, Project Lead","Shipbuilders, Marine Firms","SNAME Resources, Coursera Marine Engineering",BSc/Marine Engineering --> Internship --> Junior Engineer --> Marine Engineer --> Chief Engineer,Engineering
Market Researcher (Studies markets to understand what customers want),"market, research, analysis, data, surveys, statistics, consumer behavior, marketing, communication, trends, reporting, business, strategy, research tools, presentation","Market research, surveys, data analysis",Bachelor? Marketing / Business,No formal certification,"Survey tools, analytics platforms","Customer Survey, Market Report","Research Assistant, Analyst","Market Researcher, Manager","Market Research Firms, Corporates","ESOMAR Resources, Coursera Marketing",BA/Marketing/Business --> Internship --> Market Researcher --> Senior Analyst --> Research Manager,Marketing Research
Marketing Analyst (Analyzes data to improve marketing strategies),"marketing, analysis, strategy, communication, advertising, data, consumer, branding, sales, digital, research, market trends, analytics, campaigns, planning","Data analysis, statistics, marketing knowledge",Bachelor? Marketing / Statistics,No formal certification,"Excel, analytics software","Trend Analysis, Data Visualization","Marketing Analyst, Assistant","Senior Analyst, Marketing Manager","Corporates, Agencies","HubSpot Academy, Coursera Data Analytics",BA/Marketing/Business --> Internship --> Marketing Analyst --> Senior Analyst --> Marketing Manager,Marketing Research
Marriage Counselor (Helps couples improve their relationships),"marriage, counseling, therapy, psychology, communication, relationships, conflict resolution, support, mental health, empathy, guidance, intervention, family, social work, listening","Counseling, communication, relationship therapy",Master? Counseling / Psychology,Licensed Marriage Therapist,"Counseling tools, assessment software","Counseling Plan, Role Play Sessions","Counselor Assistant, Intern","Marriage Counselor, Therapist","Counseling Centers, Private Clinics","AAMFT Resources, Coursera Therapy",BA/Counseling/Psychology --> Internship --> Marriage Counselor --> Senior Counselor --> Clinic Director,Mental Health & Counseling
Massage Therapy Instructor (Teaches massage techniques),"massage, therapy, anatomy, relaxation, wellness, health, techniques, client care, physical therapy, training, stress relief, rehabilitation, manual skills, anatomy, communication","Massage therapy, teaching, anatomy",Certification Massage Therapy,Licensed Massage Therapist,"Massage equipment, anatomy models","Massage Workshop, Teaching Session","Instructor Assistant, Intern","Massage Therapy Instructor, Director","Wellness Centers, Schools","AMTA Resources, Coursera Wellness",Certification/Massage Therapy --> Internship --> Massage Therapy Instructor --> Senior Instructor --> Clinic Owner,Education & Training
Materials Engineer (Develops materials for products and structures),"materials, engineering, science, metallurgy, chemistry, manufacturing, properties, testing, design, physics, technology, research, innovation, durability, development","Materials science, engineering design, testing",Bachelor? Materials Engineering,PE License,"CAD, testing equipment","Material Strength Test, Design Report","Junior Engineer, Assistant","Materials Engineer, Project Manager","Manufacturing Firms, R&D Centers","ASM International, Coursera Materials Science",BSc/Materials Science/Engineering --> Internship --> Materials Engineer --> Senior Engineer --> Project Lead,Engineering
Materials Scientist (Researches materials to discover new uses),"materials, science, chemistry, physics, engineering, research, testing, properties, development, analysis, innovation, technology, composites, metallurgy, manufacturing","Materials analysis, lab techniques, research",Master? Materials Science,No formal certification,"Lab equipment, analysis tools","Material Composition Study, Research Log","Research Assistant, Lab Tech","Materials Scientist, Research Lead","Labs, Aerospace Firms","ACS Resources, Coursera Materials Science",BSc/Materials Science --> Internship --> Materials Scientist --> Senior Scientist --> Lab Manager,Science
Math Teacher (Teaches mathematics in schools),"math, teaching, education, algebra, calculus, geometry, arithmetic, problem solving, communication, tutoring, lesson planning, classroom, curriculum, assessment, logic","Math instruction, lesson planning, assessment",Bachelor? Education / Math,Teaching License,"Smartboards, learning platforms","Math Lesson Plan, Assessment Tools","Teacher Assistant, Intern","Math Teacher, Department Head","Schools, Education Boards","Teach.org, Coursera Teaching",BA/Math/Statistics --> Teaching Certification --> Math Teacher --> Senior Teacher --> Department Head,Education
Maternity Nurse (Cares for mothers and newborns),"maternity, nursing, healthcare, childbirth, prenatal, postnatal, mother, infant, care, support, education, monitoring, safety, empathy, clinical","Maternal care, patient support, nursing",Bachelor? Nursing,RN License,"Patient monitoring tools, EHR","Maternity Care Plan, Case Study","Nurse Assistant, Intern","Maternity Nurse, Head Nurse","Hospitals, Maternity Clinics","AWHONN Resources, Coursera Nursing",Nursing Degree --> Certification --> Maternity Nurse --> Senior Nurse --> Supervisor,Healthcare
Media Buyer (Purchases advertising space for companies),"media, buying, advertising, marketing, negotiation, communication, strategy, campaigns, budgeting, planning, digital, research, media planning, analysis, relationships","Media buying, negotiation, marketing",Bachelor? Marketing / Communications,No formal certification,"Media buying platforms, analytics tools","Media Plan, Budget Analysis","Assistant Buyer, Coordinator","Media Buyer, Marketing Director","Advertising Agencies, Corporates","IAB Resources, Coursera Digital Marketing",BA/Marketing/Advertising --> Internship --> Media Buyer --> Senior Buyer --> Media Director,Marketing & Advertising
Media Planner (Decides where and when ads should appear),"media, planning, advertising, marketing, strategy, campaigns, budgets, scheduling, target audience, research, communication, analysis, media buying, digital, reporting","Media planning, strategy, communication",Bachelor? Marketing / Communications,No formal certification,"Media planning software, analytics tools","Campaign Plan, Scheduling Chart","Assistant Planner, Intern","Media Planner, Strategy Manager","Agencies, Corporates","HubSpot Academy, Coursera Marketing",BA/Marketing/Business --> Internship --> Media Planner --> Senior Planner --> Marketing Manager,Marketing & Advertising
Medical Biller (Prepares bills for healthcare services),"medical, billing, healthcare, insurance, coding, claims, administration, finance, data entry, compliance, customer service, records, accuracy, regulations, communication","Billing, coding, healthcare regulations",Certificate Medical Billing,Certified Professional Biller,"Medical billing software, EHR","Claims Processing, Coding Practice","Billing Clerk, Assistant","Medical Biller, Supervisor","Clinics, Hospitals","AAPC Resources, Coursera Billing",Certification/Medical Billing --> Internship --> Medical Biller --> Senior Biller --> Billing Manager,Healthcare Administration
Medical Coder (Translates health records into codes for billing),"medical, coding, healthcare, billing, insurance, classification, documentation, compliance, data, software, records, accuracy, claims, regulations, communication","Medical coding, compliance, insurance",Bachelor? / Certificate Medical Coding,CPC Certification,"Coding software, EHR","ICD Coding Practice, Audit Report","Coding Assistant, Clerk","Medical Coder, Coding Supervisor","Insurance Firms, Hospitals","AHIMA Resources, Coursera Medical Coding",Certification/Medical Coding --> Internship --> Medical Coder --> Senior Coder --> Coding Manager,Healthcare Administration
Medical Examiner (Investigates deaths to find the cause),"medical, examiner, forensic, pathology, death investigation, autopsy, legal, healthcare, anatomy, biology, evidence, report, crime, analysis, documentation","Pathology, forensic science, legal knowledge",Medical Degree + Pathology Residency,Board Certification,"Autopsy tools, lab equipment","Autopsy Report, Case Study","Resident, Assistant","Medical Examiner, Chief Examiner","Government, Coroners","ABP Resources, Coursera Forensics",Medical Degree --> Residency --> Medical Examiner --> Senior Examiner --> Chief Medical Examiner,Forensic Science
Medical Interpreter (Translates between patients and doctors),"medical, interpreting, language, translation, healthcare, communication, accuracy, bilingual, terminology, patient care, cultural, facilitation, documentation, support, healthcare","Medical interpretation, language proficiency",Bachelor? / Certification Interpreting,Certified Medical Interpreter,"Translation tools, glossaries","Interpretation Session, Glossary Creation","Interpreter Assistant, Intern","Medical Interpreter, Lead Interpreter","Hospitals, Clinics","ATA Resources, Coursera Medical Interpretation",BA/Languages/Medical --> Certification --> Medical Interpreter --> Senior Interpreter --> Manager,Healthcare Translation
Medical Physicist (Uses physics to support medical treatments),"medical, physics, radiation, therapy, imaging, healthcare, physics, technology, safety, research, clinical, equipment, dosimetry, diagnostics, treatment","Medical physics, radiation safety, research",Master? Medical Physics,Certified Medical Physicist,"Diagnostic equipment, simulation tools","Radiation Plan, Safety Report","Assistant Physicist, Intern","Medical Physicist, Lead Physicist","Hospitals, Oncology Centers","AAPM Resources, Coursera Medical Physics",BSc/Physics/Medical Physics --> Internship --> Medical Physicist --> Senior Physicist --> Department Head,Healthcare Physics
Medical Sales Representative (Sells medical products to healthcare providers),"medical, sales, healthcare, products, pharmaceuticals, communication, marketing, client relations, business, strategy, negotiation, product knowledge, customer service, presentation, training","Sales, healthcare products, communication",Bachelor? Business / Life Sciences,No formal certification,"CRM software, sales tools","Client Presentation, Market Research","Sales Rep, Assistant","Medical Sales Rep, Sales Manager","Pharma Companies, Device Makers","MedReps, Coursera Sales",BA/Pharmacy/Business --> Internship --> Medical Sales Representative --> Senior Rep --> Sales Manager,Sales
Meeting Planner (Organizes business meetings and conferences),"meeting, planning, organization, events, communication, coordination, scheduling, logistics, venues, budgeting, facilitation, teamwork, client service, problem solving, administration","Event planning, coordination, communication",Bachelor? Event Management,No formal certification,"Event software, budgeting tools","Event Plan, Venue Research","Event Assistant, Coordinator","Meeting Planner, Event Director","Event Firms, Corporates","PCMA Resources, Coursera Events",BA/Business/Management --> Internship --> Meeting Planner --> Senior Planner --> Event Manager,Events & Hospitality
Mental Health Advocate (Supports and promotes mental health awareness),"mental, health, advocacy, support, counseling, education, communication, awareness, wellness, policy, psychology, community, resources, outreach, empowerment","Advocacy, counseling, mental health knowledge",Bachelor? Psychology / Social Work,No formal certification,"Counseling tools, outreach platforms","Awareness Campaign, Counseling Plan","Advocacy Assistant, Intern","Mental Health Advocate, Program Director","NGOs, Clinics","NAMI Resources, Coursera Mental Health",BA/Psychology/Social Work --> Internship --> Mental Health Advocate --> Senior Advocate --> Program Manager,Mental Health & Counseling
Merchandiser (Plans and stocks products in stores),"merchandising, retail, sales, marketing, inventory, display, promotion, planning, analysis, product, customer service, communication, business, trends, purchasing","Retail, product presentation, marketing",Bachelor? Marketing / Merchandising,No formal certification,"POS systems, inventory software","Visual Display, Product Analysis","Merchandiser, Assistant","Visual Merchandiser, Manager","Retail Chains, Brands","Shopify Academy, Coursera Retail",BA/Business/Retail --> Internship --> Merchandiser --> Senior Merchandiser --> Manager,Retail
Metallurgist (Studies and works with metals),"metallurgy, materials, science, engineering, metal, properties, testing, research, manufacturing, alloys, analysis, quality, production, chemistry, physics","Metallurgy, materials science, lab analysis",Bachelor? Metallurgical Engineering,No formal certification,"Testing equipment, CAD","Alloy Analysis, Failure Test","Junior Metallurgist, Assistant","Metallurgist, Senior Engineer","Manufacturers, Labs","ASM Resources, Coursera Materials Science",BSc/Metallurgy/Materials Science --> Internship --> Metallurgist --> Senior Metallurgist --> Lab Manager,Metallurgy
Microelectronics Engineer (Designs tiny electronic parts),"microelectronics, engineering, semiconductor, design, circuits, technology, manufacturing, testing, research, software, hardware, physics, fabrication, precision, innovation","Microelectronics design, engineering, testing",Bachelor? Electrical / Electronics Engineering,No formal certification,"CAD, simulation software","Circuit Design, Chip Analysis","Design Assistant, Junior Engineer","Microelectronics Engineer, Lead Engineer","Semiconductor Firms, Tech Companies","IEEE Resources, Coursera Electronics",BSc/Electronics/Engineering --> Internship --> Microelectronics Engineer --> Senior Engineer --> Project Manager,Engineering
Midwife Nurse (Helps women through pregnancy and childbirth),"midwife, nursing, healthcare, childbirth, prenatal, postnatal, mother, infant, care, support, education, monitoring, safety, empathy, clinical","Maternal care, midwifery, patient education",Bachelor? Nursing + Midwifery Certification,CNM Certification,"Patient monitoring tools, EHR","Birth Plan, Care Report","Midwife Assistant, Intern","Midwife Nurse, Supervisor","Hospitals, Birthing Centers","ACNM Resources, Coursera Midwifery",Nursing Degree --> Certification --> Midwife Nurse --> Senior Nurse --> Supervisor,Healthcare
Military Analyst (Studies military data to advise on strategy),"military, analysis, strategy, defense, intelligence, security, tactics, communication, operations, planning, risk, research, leadership, geopolitics, evaluation","Military analysis, strategy, research",Bachelor? Military Science / Political Science,No formal certification,"Analytical software, mapping tools","Strategy Brief, Risk Report","Analyst Assistant, Intern","Military Analyst, Senior Strategist","Defense Contractors, Government","DoD Resources, Coursera Security Studies",BA/Military Studies/Strategic Studies --> Internship --> Military Analyst --> Senior Analyst --> Defense Consultant,Military & Defense
Millwright (Installs and repairs industrial machinery),"millwright, machinery, maintenance, repair, tools, installation, mechanical, hydraulics, fabrication, assembly, safety, manufacturing, equipment, troubleshooting, industrial","Machinery installation, repair, alignment",Vocational Training / Apprenticeship,Millwright Certification,"Alignment tools, welding equipment","Machine Assembly, Maintenance Log","Millwright Apprentice, Helper","Millwright, Maintenance Supervisor","Manufacturing Plants, Facilities","YouTube Millwright Training, Local Unions",Trade School/Apprenticeship --> Entry Millwright --> Skilled Millwright --> Supervisor,Skilled Trades
Mining Geologist (Studies minerals and helps find mining sites),"mining, geology, exploration, minerals, environment, surveying, analysis, earth science, drilling, safety, extraction, mapping, rocks, data, engineering","Geology, mining operations, mapping",Bachelor? Geology / Earth Sciences,No formal certification,"GIS, sampling tools, analysis software","Mine Mapping, Core Sample Analysis","Geology Assistant, Junior Geologist","Mining Geologist, Senior Geologist","Mining Companies, Consultancies","SME Resources, Coursera Geology",BSc/Geology/Earth Sciences --> Internship --> Mining Geologist --> Senior Geologist --> Manager,Geoscience
Missionary (Spreads religious beliefs and helps communities),"missionary, religion, outreach, community, service, education, support, communication, culture, volunteering, travel, faith, counseling, humanitarian, development","Cultural knowledge, teaching, language fluency",Religious Studies / Humanities,No formal certification,"Community outreach tools, teaching materials","Cultural Workshop, Language Lessons","Volunteer, Assistant","Missionary, Program Director","Religious Organizations, NGOs","YouTube Missionary Training, Local Churches",Theological Studies/Community Service --> Volunteer --> Missionary Worker --> Senior Missionary --> Director,Religious & Missionary Work
Mobile App Designer (Creates the look and feel of mobile apps),"mobile, app, design, user interface, user experience, programming, development, software, creativity, technology, coding, testing, mobile devices, interaction, digital","UX/UI design, mobile platforms, prototyping",Bachelor? Graphic Design / CS,No formal certification,"Sketch, Figma, Adobe XD","Mobile App Prototype, User Flow","Junior Designer, Intern","Mobile App Designer, Product Designer","App Companies, Startups","DesignCode.io, Coursera UX Design",BA/Graphic Design/UX --> Internship --> Mobile App Designer --> Senior Designer --> Lead Designer,Technology
Mobile Crane Operator (Operates cranes for lifting heavy loads),"mobile, crane, operation, construction, heavy equipment, lifting, safety, machinery, mechanical, transportation, site work, rigging, maintenance, operator, precision","Crane operation, safety compliance, load handling",Vocational Training / Certification,Crane Operator Certification,"Crane controls, rigging equipment","Load Lift Simulation, Safety Plan","Operator Assistant, Trainee","Mobile Crane Operator, Supervisor","Construction Firms, Logistics","OSHA Training, NCCCO Certification",Vocational Training/Heavy Equipment --> Certification --> Mobile Crane Operator --> Senior Operator --> Supervisor,Construction & Trades
Model Maker (Builds physical or digital models for projects),"model, making, design, scale, art, architecture, prototypes, craftsmanship, tools, creativity, materials, precision, fabrication, presentation, visualization","Model making, design, fabrication",Vocational Training / Industrial Design,No formal certification,"CAD, hand tools, 3D printers","Scale Model Project, Prototype","Assistant Model Maker, Intern","Model Maker, Designer","Film Studios, Manufacturing Firms","YouTube Model Making, Local Classes",BA/Art/Design --> Internship --> Model Maker --> Senior Maker --> Studio Manager,Manufacturing
Molecular Biologist (Studies cells and molecules in living things),"molecular, biology, research, genetics, cells, laboratory, DNA, biochemistry, microscopy, experiments, analysis, science, biotechnology, medicine, health","Molecular biology, lab techniques, analysis",Bachelor? Biology / Molecular Biology,No formal certification,"PCR machines, lab software","DNA Extraction, Lab Report","Research Assistant, Lab Tech","Molecular Biologist, Lab Manager","Research Institutes, Pharma","FEMS Resources, Coursera Molecular Biology",BSc/Biology/Molecular Biology --> Internship --> Molecular Biologist --> Senior Scientist --> Research Lead,Biological Science
Mortgage Loan Officer (Helps people get home loans),"mortgage, loan, finance, banking, lending, customer service, underwriting, credit, evaluation, risk, application, communication, compliance, documentation, sales","Mortgage products, finance, sales",Bachelor? Finance / Business,Mortgage Loan Originator License,"Mortgage software, CRM","Loan Application Practice, Client Analysis","Loan Officer Assistant, Trainee","Mortgage Loan Officer, Branch Manager","Banks, Mortgage Companies","ABA Training, Coursera Finance",BA/Finance/Business --> Internship --> Mortgage Loan Officer --> Senior Officer --> Branch Manager,Finance
Motion Graphics Designer (Creates animated visual content),"motion, graphics, design, animation, video, creativity, software, visual effects, storytelling, multimedia, editing, digital, marketing, production, presentation","Motion design, animation, creativity",Bachelor? Graphic Design / Animation,No formal certification,"After Effects, Cinema 4D, Adobe Suite","Motion Graphics Reel, Animated Ad","Junior Designer, Intern","Motion Graphics Designer, Art Director","Agencies, Studios","Motion Design School, LinkedIn Learning",BA/Graphic Design/Animation --> Internship --> Motion Graphics Designer --> Senior Designer --> Creative Director,Arts & Design
Motor Vehicle Inspector (Checks cars and trucks for safety),"motor, vehicle, inspection, safety, mechanical, compliance, maintenance, testing, regulation, quality, repair, documentation, transportation, problem solving, technical","Vehicle inspection, safety, regulations",Vocational Training,ASE Certification,"Diagnostic tools, inspection equipment","Inspection Checklist, Safety Report","Inspector Assistant, Technician","Motor Vehicle Inspector, Supervisor","State Agencies, Inspection Centers","ASE Resources, YouTube Automotive",Certification/Automotive --> Apprenticeship --> Motor Vehicle Inspector --> Senior Inspector --> Supervisor,Transportation Inspection
Museum Curator (Manages museum collections and exhibits),"museum, curation, history, preservation, artifacts, exhibition, education, research, archives, collections, documentation, art, communication, culture, management","Museum curation, research, preservation",Master? Museum Studies / History,No formal certification,"Museum databases, archival tools","Exhibit Proposal, Artifact Catalog","Assistant Curator, Intern","Curator, Collections Manager","Museums, Cultural Institutions","AAM Resources, Coursera Museum Studies",BA/Museum Studies/History --> Internship --> Museum Curator --> Senior Curator --> Director,Museum & Archives
Music Arranger (Adapts music compositions for performance),"music, arranging, composition, instruments, notation, theory, performance, creativity, orchestration, production, digital, recording, collaboration, editing, audio","Music theory, arranging, composition",Bachelor? Music Theory / Composition,No formal certification,"Music notation software, DAWs","Arrangement Portfolio, Score Creation","Arranger Assistant, Intern","Music Arranger, Director","Studios, Orchestras","Berklee Online, Coursera Music Theory",BA/Music --> Internship --> Music Arranger --> Senior Arranger --> Conductor,Music & Entertainment
Music Librarian (Organizes and manages music collections),"music, librarian, cataloging, archives, music, collections, documentation, organization, library science, research, history, digital, preservation, classification, access","Library science, cataloging, music knowledge",Master? Library Science,No formal certification,"Cataloging software, databases","Sheet Music Catalog, Collection Plan","Library Assistant, Cataloger","Music Librarian, Collections Manager","Universities, Libraries","ALA Resources, Coursera Library Science",BA/Music/Library Science --> Internship --> Music Librarian --> Senior Librarian --> Library Director,Library & Archives
Music Therapist (Uses music to support healing and therapy),"music, therapy, health, rehabilitation, psychology, creativity, counseling, patient care, communication, wellness, instruments, mental health, treatment, education, support","Therapy techniques, music knowledge, counseling",Master? Music Therapy,Board Certification,"Instrument sets, therapy materials","Therapy Plan, Session Recording","Therapy Assistant, Intern","Music Therapist, Program Director","Hospitals, Rehab Centers","AMTA Resources, Coursera Music Therapy",BA/Music Therapy --> Internship --> Music Therapist --> Senior Therapist --> Clinic Manager,Mental Health & Counseling
Mycologist (Studies fungi like mushrooms),"mycology, biology, fungi, research, environment, ecology, laboratory, identification, taxonomy, health, agriculture, biotechnology, science, analysis, biology","Mycology, lab research, data analysis",Bachelor? Biology / Mycology,No formal certification,"Microscopes, lab equipment","Fungi Identification, Research Log","Lab Assistant, Research Tech","Mycologist, Senior Scientist","Universities, Biotech Firms","Mycological Society, Coursera Biology",BSc/Botany/Mycology --> Internship --> Mycologist --> Senior Mycologist --> Research Lead,Biological Science
Nanny Agency Owner (Runs a business that hires nannies),"nanny, agency, childcare, staffing, recruitment, management, communication, scheduling, safety, background checks, customer service, training, support, family, operations","Business operations, recruiting, marketing",Bachelor? Business / HR,No formal certification,"CRM software, scheduling tools","Business Plan, Marketing Strategy","Assistant, Recruiter","Nanny Agency Owner, Director","Private Agencies, Startups","YouTube Agency Business, SBA Resources",Business Management --> Startup --> Nanny Agency Owner --> Business Growth --> Franchise Owner,Business Ownership
Nanotechnologist (Works with materials at a very small scale),"nanotechnology, science, engineering, research, materials, technology, molecular, fabrication, applications, medicine, electronics, physics, chemistry, innovation, development","Nanotech, materials science, lab skills",Master? Nanotechnology / Materials Science,No formal certification,"SEM tools, lab equipment","Nanoparticle Synthesis, Lab Report","Lab Tech, Research Assistant","Nanotechnologist, Lab Manager","Research Labs, Biotech Firms","IEEE Nanotech, Coursera Nanotechnology",BSc/Nanotechnology/Engineering --> Internship --> Nanotechnologist --> Senior Researcher --> Project Lead,Nanotechnology
Naturalist (Studies and teaches about nature),"naturalist, environment, ecology, wildlife, conservation, education, research, outdoors, biology, habitat, nature, communication, observation, science, sustainability","Ecology, field research, environmental education",Bachelor? Biology / Environmental Science,No formal certification,"Field equipment, GIS mapping tools","Field Guide, Educational Workshop","Field Assistant, Guide","Naturalist, Program Manager","Parks, NGOs","National Geographic, Coursera Ecology",BSc/Biology/Environmental Science --> Internship --> Naturalist --> Senior Naturalist --> Park Manager,Environmental Science
Naval Officer (Leads operations on navy ships),"naval, officer, military, leadership, strategy, navigation, operations, defense, communication, tactics, management, security, planning, training, teamwork","Leadership, navigation, military operations",Naval Academy / Officer Training,Naval Commission,"Navigation systems, command tools","Tactical Plan, Navigation Exercise","Cadet, Ensign","Naval Officer, Commander","Navy, Defense Contractors","Navy.mil Resources, Military.com",Military/Naval Academy --> Training --> Naval Officer --> Senior Officer --> Commanding Officer,Military & Defense
Network Engineer (Builds and maintains computer networks),"network, engineering, IT, systems, infrastructure, communication, security, hardware, software, protocols, data, troubleshooting, design, administration, support","Networking, IT systems, troubleshooting",Bachelor? Computer Science / IT,"CCNA, CompTIA Network+","Networking hardware, monitoring tools","Network Setup, Security Plan","Network Technician, Assistant","Network Engineer, Lead Engineer","Tech Companies, Corporates","Cisco Learning, Coursera Networking",BSc/Computer Science/Networking --> Certification --> Network Engineer --> Senior Engineer --> Network Architect,Technology
Neuroscientist (Studies the brain and nervous system),"neuroscience, biology, brain, research, psychology, medicine, cognition, nervous system, behavior, anatomy, experiments, laboratory, health, disorders, analysis","Neuroscience, lab research, data analysis",PhD Neuroscience / Biology,No formal certification,"Brain imaging tools, lab software","Neural Analysis, Research Paper","Research Assistant, Lab Tech","Neuroscientist, Lead Researcher","Universities, Research Labs","SfN Resources, Coursera Neuroscience",PhD/Neuroscience --> Research Assistant --> Neuroscientist --> Senior Scientist --> Lab Director,Neuroscience
Newspaper Editor (Oversees news content and journalists),"newspaper, editing, journalism, writing, communication, reporting, media, proofreading, publishing, deadlines, research, content, news, layout, management","Editing, writing, newsroom management",Bachelor? Journalism / English,No formal certification,"CMS, editing software","Editorial Calendar, Article Review","Editorial Assistant, Copy Editor","Editor, Managing Editor","Newspapers, Media Companies","AP Resources, Coursera Journalism",BA/Journalism/English --> Internship --> Newspaper Editor --> Senior Editor --> Editor-in-Chief,Media & Publishing
Night Auditor (Handles hotel accounts and night operations),"night, auditor, hospitality, accounting, finance, reconciliation, reporting, customer service, data, cash handling, communication, bookkeeping, accuracy, shifts, problem solving","Accounting, auditing, customer service",Bachelor? Accounting / Business,No formal certification,"Accounting software, booking systems","Audit Log, Daily Reconciliation","Night Auditor, Assistant","Accounting Manager, Auditor","Hotels, Hospitality Chains","AHLEI Resources, Coursera Accounting",Certification/Accounting --> Internship --> Night Auditor --> Senior Auditor --> Audit Manager,Hospitality
Nonprofit Director (Leads nonprofit organizations),"nonprofit, management, fundraising, community, communication, administration, leadership, events, budgeting, volunteers, advocacy, outreach, planning, organization, strategy","Nonprofit management, fundraising, leadership",Bachelor? Nonprofit Management / Business,CFRE Preferred,"CRM, project management software","Fundraising Plan, Budget Report","Assistant, Program Coordinator","Nonprofit Director, Executive Director","NGOs, Foundations","Council of Nonprofits, Coursera Nonprofit",BA/Public Administration/Nonprofit --> Internship --> Nonprofit Director --> Senior Director --> Executive Director,Nonprofit & Fundraising
Nuclear Medicine Technologist (Uses radiation for medical imaging),"nuclear, medicine, technology, radiology, imaging, healthcare, safety, diagnostics, treatment, radiation, equipment, patient care, physics, clinical, research","Nuclear medicine, imaging, safety",Associate? Nuclear Medicine Technology,ARRT Certification,"Imaging equipment, radiation tools","Scan Procedure, Safety Protocol","Technologist Assistant, Trainee","Nuclear Medicine Technologist, Supervisor","Hospitals, Imaging Centers","SNMMI Resources, Coursera Medical Imaging",Certification/Nuclear Medicine Technology --> Internship --> Nuclear Medicine Technologist --> Senior Technologist --> Department Head,Healthcare Technology
Nuclear Physicist (Studies atomic particles and nuclear energy),"nuclear, physics, research, atoms, particles, energy, experiments, laboratory, science, quantum, technology, analysis, mathematics, innovation, physics","Nuclear physics, research, data analysis",PhD Physics / Nuclear Physics,No formal certification,"Particle accelerators, lab tools","Research Paper, Experiment Design","Research Assistant, Lab Scientist","Nuclear Physicist, Senior Researcher","National Labs, Universities","APS Resources, Coursera Physics",PhD/Physics --> Research Assistant --> Nuclear Physicist --> Senior Scientist --> Research Director,Physics
Nurse Educator (Teaches nursing students),"nurse, education, teaching, healthcare, clinical, training, curriculum, patient care, communication, leadership, mentoring, assessment, nursing, development, support","Nursing education, curriculum development",Master? Nursing Education,Clinical Nurse Educator Certification,"Simulation tools, LMS","Training Module, Course Outline","Education Coordinator, Instructor","Nurse Educator, Director","Hospitals, Nursing Schools","NLN Resources, Coursera Nursing Education",Nursing Degree --> Teaching Certification --> Nurse Educator --> Senior Educator --> Academic Director,Education & Training
Nurse Midwife (Provides care for childbirth and mothers),"nurse, midwife, healthcare, childbirth, prenatal, postnatal, maternal, infant, care, support, education, clinical, monitoring, safety, nursing","Midwifery, maternal care, nursing",Bachelor? Nursing + Midwifery Certification,CNM License,"Patient monitoring, EHR","Birth Plan, Care Report","Midwife Assistant, Intern","Nurse Midwife, Supervisor","Birthing Centers, Hospitals","ACNM Resources, Coursera Midwifery",Nursing Degree --> Certification --> Nurse Midwife --> Senior Midwife --> Clinic Manager,Healthcare
Nurse Researcher (Conducts studies to improve nursing care),"nurse, researcher, healthcare, clinical, studies, data, analysis, patient care, scientific, experiments, publication, evidence, nursing, communication, health","Research methods, nursing, data analysis",Master? / PhD Nursing Research,CNE or Relevant Cert,"Research software, EHR","Research Proposal, Data Analysis","Research Assistant, Coordinator","Nurse Researcher, Director","Universities, Hospitals","ANA Resources, Coursera Nursing Research",Nursing Degree --> Research --> Nurse Researcher --> Senior Researcher --> Research Lead,Healthcare Research
Nursing Home Administrator (Manages nursing home operations),"nursing, home, administration, healthcare, management, elderly, care, operations, staff, communication, budgeting, compliance, organization, leadership, quality","Healthcare management, compliance, finance",Bachelor? Healthcare Admin / Nursing,LNHA License,"Healthcare software, budgeting tools","Facility Plan, Compliance Audit","Assistant Admin, Trainee","Nursing Home Administrator, Director","Nursing Homes, Senior Living Facilities","AHCA Resources, Coursera Healthcare",Healthcare Administration Degree --> Internship --> Nursing Home Administrator --> Senior Administrator --> Regional Director,Healthcare Administration
Nutrition Consultant (Advises on diet and healthy eating),"nutrition, consulting, health, diet, wellness, food, counseling, education, science, fitness, meal planning, lifestyle, communication, weight management, clinical","Nutrition counseling, diet planning, communication",Bachelor? Nutrition / Dietetics,Certified Nutrition Specialist,"Nutrition analysis software, EHR","Diet Plan, Nutrition Workshop","Nutrition Assistant, Intern","Nutrition Consultant, Senior Dietitian","Hospitals, Wellness Centers","Academy of Nutrition, Coursera Nutrition",BSc/Nutrition/Dietetics --> Internship --> Nutrition Consultant --> Senior Consultant --> Clinic Owner,Health & Wellness
Obstetrician (Cares for women during pregnancy and birth),"obstetrician, medicine, childbirth, prenatal, care, maternal, fetal, health, surgery, diagnosis, clinical, patient, pregnancy, gynecology, healthcare","Obstetrics, prenatal care, surgery",Medical Degree + OB/GYN Residency,Board Certification,"Fetal monitors, surgical tools","Case Study, Delivery Plan","Resident, Junior OB","Gynecologist, Department Head","Hospitals, Clinics","ACOG Resources, Coursera Obstetrics",Medical Degree --> Residency --> Obstetrician --> Senior Doctor --> Department Head,Healthcare
Occupational Health Specialist (Ensures safe workplaces),"occupational, health, safety, workplace, environment, compliance, monitoring, risk, regulations, training, ergonomics, health, wellness, injury prevention, assessment","Occupational health, safety regulations, assessment",Bachelor? Occupational Health,Certified Industrial Hygienist,"Monitoring equipment, safety software","Safety Audit, Risk Report","Health Assistant, Technician","Occupational Health Specialist, Manager","Manufacturing Firms, Corporates","NIOSH Resources, Coursera Workplace Safety",BSc/Occupational Health --> Certification --> Occupational Health Specialist --> Senior Specialist --> Manager,Occupational Health & Safety
Occupational Nurse (Provides health care at workplaces),"occupational, nursing, healthcare, workplace, safety, patient care, injury prevention, rehabilitation, health, clinical, monitoring, communication, nursing, support, therapy","Patient care, workplace safety, nursing",Bachelor? Nursing,"RN License, COHN Certification","EHR, health assessment tools","Workplace Assessment, Care Plan","Occupational Nurse Assistant, RN","Occupational Nurse, Supervisor","Corporates, Hospitals","AAOHN Resources, Coursera Nursing",Nursing Degree --> Certification --> Occupational Nurse --> Senior Nurse --> Supervisor,Healthcare
Occupational Therapy Assistant (Helps patients regain daily skills),"occupational, therapy, assistant, rehabilitation, patient care, therapy, support, healthcare, exercises, activities, communication, wellness, physical therapy, disability, recovery","Therapy assistance, rehabilitation, patient support",Associate? Occupational Therapy OTA Certification,"Therapy tools, adaptive equipment","Rehab Session Plan, Patient Log","OTA Assistant, Intern","Occupational Therapy Assistant, Senior OTA","Rehab Centers, Hospitals","AOTA Resources, Coursera Therapy",,Certification/Occupational Therapy Assistant --> Internship --> OTA --> Senior OTA --> Clinic Supervisor,Therapy & Rehabilitation
Ocean Engineer (Designs equipment for oceans and offshore),"ocean, engineering, marine, design, structures, ships, offshore, environment, technology, construction, safety, research, systems, mechanics, hydraulics","Marine engineering, design, systems integration",Bachelor? Ocean Engineering,PE License,"CAD, simulation tools","Wave Energy Design, Hull Analysis","Junior Engineer, Assistant","Ocean Engineer, Project Manager","Marine Firms, Shipbuilders","SNAME Resources, Coursera Ocean Engineering",BSc/Ocean Engineering --> Internship --> Ocean Engineer --> Senior Engineer --> Project Manager,Engineering
Office Clerk (Handles general office tasks and paperwork),"office, clerk, administration, data entry, communication, organization, filing, scheduling, records, customer service, office work, clerical, support, multitasking, documentation","Office administration, filing, scheduling",High School Diploma,No formal certification,"Office software, databases","Document Filing, Schedule Management","Office Clerk, Admin Assistant","Office Supervisor, Admin Manager","Corporates, Agencies","LinkedIn Learning, Coursera Office Skills",High School Diploma --> Entry Level --> Office Clerk --> Senior Clerk --> Office Manager,Administrative Support
Office Supervisor (Oversees office staff and daily work),"office, supervision, management, administration, staff, communication, scheduling, operations, coordination, leadership, customer service, organization, reporting, problem solving, teamwork","Team leadership, office operations, communication",Bachelor? Business / Administration,No formal certification,"Office software, project tools","Workflow Plan, Training Manual","Admin Assistant, Clerk","Office Supervisor, Office Manager","Corporates, Agencies","YouTube Management, Coursera Supervision",BA/Business/Admin --> Internship --> Office Supervisor --> Senior Supervisor --> Office Manager,Administrative Support
Oncologist (Treats cancer patients),"oncologist, medicine, cancer, diagnosis, treatment, patient care, chemotherapy, radiation, clinical, research, health, oncology, biology, communication, healthcare","Cancer care, oncology treatment, research",Medical Degree + Oncology Residency,Board Certification,"Chemo equipment, diagnostic tools","Treatment Plan, Case Report","Resident, Junior Oncologist","Oncologist, Department Chief","Hospitals, Cancer Centers","ASCO Resources, Coursera Oncology",Medical Degree --> Residency --> Oncologist --> Senior Doctor --> Department Head,Healthcare
Online Community Manager (Manages online groups and forums),"online, community, management, social media, engagement, communication, moderation, content, digital, networking, support, collaboration, marketing, platform, interaction","Community engagement, content moderation, social media",Bachelor? Communications / Marketing,No formal certification,"Community platforms, analytics tools","Community Plan, Content Calendar","Community Assistant, Moderator","Online Community Manager, Director","Tech Firms, Brands","CMX Resources, Coursera Community Management",BA/Communications/Social Media --> Internship --> Online Community Manager --> Senior Manager --> Director,Digital Marketing
Operations Analyst (Improves business operations with data),"operations, analysis, efficiency, data, process, optimization, management, performance, logistics, reporting, problem solving, workflow, strategy, metrics, communication","Process improvement, data analysis, strategy",Bachelor? Business / Industrial Engineering,No formal certification,"Excel, data visualization tools","Process Analysis, Dashboard","Operations Analyst, Assistant","Operations Manager, Director","Consultancies, Corporates","APICS Resources, Coursera Operations",BSc/Business/Analytics --> Internship --> Operations Analyst --> Senior Analyst --> Operations Manager,Business Analysis
Operations Research Analyst (Uses math to solve organizational problems),"operations, research, analysis, optimization, modeling, data, decision making, simulation, management, problem solving, statistics, mathematics, logistics, strategy, technology","Operations research, modeling, optimization",Master? Operations Research / Statistics,CAP Certification,"Modeling software, analytics tools","Optimization Model, Case Study","Research Assistant, Analyst","Operations Research Analyst, Senior Analyst","Corporates, Government","ASA Resources, Coursera Analytics",BSc/Math/Operations Research --> Internship --> Operations Research Analyst --> Senior Analyst --> Lead Analyst,Business Analysis
Ophthalmic Technician (Assists eye doctors with tests),"ophthalmic, technician, eye, care, testing, vision, medical, equipment, patient, diagnosis, assistance, clinical, optics, health, support","Eye exams, patient care, equipment operation",Associate? Ophthalmic Technology,COT Certification,"Diagnostic equipment, imaging tools","Eye Exam Plan, Patient Log","Ophthalmic Assistant, Technician","Ophthalmic Technician, Supervisor","Ophthalmology Clinics, Hospitals","JCAHPO Resources, Coursera Medical Assisting",Certification/Ophthalmic Technology --> Internship --> Ophthalmic Technician --> Senior Technician --> Supervisor,Healthcare
Ophthalmologist (Eye doctor who treats vision problems),"ophthalmologist, medicine, eye, surgery, diagnosis, vision, care, treatment, clinical, health, patient, optics, diseases, medical, healthcare","Eye surgery, ophthalmology care, diagnostics",Medical Degree + Ophthalmology Residency,Board Certification,"Diagnostic equipment, surgical tools","Case Study, Surgery Plan","Resident, Junior Ophthalmologist","Ophthalmologist, Department Head","Hospitals, Eye Centers","AAO Resources, Coursera Ophthalmology",Medical Degree --> Residency --> Ophthalmologist --> Senior Doctor --> Department Head,Healthcare
Optical Engineer (Designs lenses and optical devices),"optical, engineering, design, lenses, light, technology, physics, optics, manufacturing, analysis, research, systems, testing, instrumentation, development","Optical design, physics, simulation",Bachelor? Optical Engineering,No formal certification,"Optical simulation software, lab tools","Lens Design, System Analysis","Design Assistant, Junior Engineer","Optical Engineer, Lead Engineer","Tech Firms, Research Labs","OSA Resources, Coursera Optics",BSc/Optical Engineering --> Internship --> Optical Engineer --> Senior Engineer --> Project Lead,Engineering
Orchestra Conductor (Leads orchestras in musical performances),"orchestra, conductor, music, performance, leadership, instruments, timing, coordination, creativity, rehearsal, composition, interpretation, art, communication, teamwork","Conducting, music theory, leadership",Master? Conducting / Music,No formal certification,"Score preparation tools, batons","Rehearsal Plan, Concert Program","Assistant Conductor, Intern","Orchestra Conductor, Music Director","Orchestras, Opera Houses","Berklee Online, Coursera Music Conducting",BA/Music --> Internship --> Orchestra Conductor --> Senior Conductor --> Music Director,Music & Entertainment
Order Processor (Manages customer orders in business),"order, processing, logistics, inventory, management, customer service, shipping, fulfillment, tracking, communication, data entry, operations, organization, efficiency, coordination","Order processing, customer service, data entry",High School Diploma,No formal certification,"Order management software, CRM","Order Entry Workflow, Accuracy Audit","Order Processor, Assistant","Senior Processor, Team Lead","E-commerce Firms, Retailers","YouTube Order Processing, Coursera Business Admin",High School Diploma --> Entry --> Order Processor --> Senior Processor --> Supervisor,Administrative Support
Organizational Psychologist (Studies workplace behavior),"organizational, psychology, behavior, workplace, training, development, assessment, communication, motivation, management, research, leadership, performance, coaching, counseling","Organizational development, psychology, assessment",Master? I/O Psychology,Psychologist License,"Psychometric tools, HR software","Employee Survey, Assessment Report","Assistant, Analyst","Organizational Psychologist, Consultant","Corporates, Consultancies","SIOP Resources, Coursera Psychology",PhD/Psychology/Organizational Behavior --> Internship --> Organizational Psychologist --> Senior Psychologist --> Consultant,Psychology
Orthopedic Nurse (Cares for patients with bone injuries),"orthopedic, nursing, healthcare, surgery, patient care, rehabilitation, trauma, clinical, support, anatomy, treatment, communication, therapy, medicine, nursing","Orthopedic nursing, patient care, rehab",Bachelor? Nursing,"RN License, Orthopedic Nurse Certification","EHR, patient monitoring tools","Rehab Plan, Case Study","Nurse Assistant, RN","Orthopedic Nurse, Supervisor","Hospitals, Clinics","NAON Resources, Coursera Nursing",Nursing Degree --> Certification --> Orthopedic Nurse --> Senior Nurse --> Supervisor,Healthcare
Outdoor Educator (Teaches skills and knowledge in nature),"outdoor, education, nature, environment, teaching, activities, safety, communication, leadership, survival, ecology, teamwork, recreation, skills, conservation","Outdoor education, teaching, environmental science",Bachelor? Education / Environmental Studies,No formal certification,"Field equipment, teaching materials","Outdoor Lesson Plan, Workshop","Assistant Educator, Intern","Outdoor Educator, Program Director","Parks, Camps, NGOs","NAAEE Resources, Coursera Education",BA/Education/Outdoor Leadership --> Internship --> Outdoor Educator --> Senior Educator --> Program Director,Education
Outreach Coordinator (Organizes programs to help communities),"outreach, coordination, community, communication, engagement, programs, support, events, education, advocacy, partnerships, networking, planning, marketing, resources","Community outreach, engagement, event planning",Bachelor? Communications / Social Work,No formal certification,"CRM software, marketing tools","Outreach Plan, Event Calendar","Coordinator Assistant, Intern","Outreach Coordinator, Manager","NGOs, Nonprofits","Council of Nonprofits, Coursera Community Engagement",BA/Communications/Public Relations --> Internship --> Outreach Coordinator --> Senior Coordinator --> Manager,Nonprofit & Community
Owner Operator (Runs own business and operates vehicles),"owner, operator, business, management, entrepreneurship, finance, marketing, operations, leadership, decision making, planning, logistics, communication, sales, customer service","Logistics, business management, compliance",Commercial Driver License,No formal certification,"Dispatch software, accounting tools","Route Planning, Budget Plan","Driver, Assistant","Owner Operator, Fleet Manager","Logistics Firms, Freight Companies","YouTube Owner Operator, FMCSA Resources",Business Ownership --> Startup --> Owner Operator --> Business Growth --> Franchise Owner,Transportation & Logistics
Paleontologist (Studies fossils and ancient life),"paleontology, fossils, research, geology, earth science, evolution, biology, excavation, analysis, history, environment, scientific, mapping, education, laboratory","Paleontology, field research, data analysis",Master? Paleontology / Geology,No formal certification,"Field tools, GIS mapping","Fossil Excavation Report, Catalog","Research Assistant, Field Tech","Paleontologist, Lead Researcher","Museums, Universities","SEPM Resources, Coursera Paleontology",BSc/Paleontology/Geology --> Internship --> Paleontologist --> Senior Paleontologist --> Research Director,Paleontology
Park Naturalist (Educates visitors about parks and wildlife),"park, naturalist, wildlife, environment, education, conservation, nature, ecology, communication, tours, biology, habitat, outdoors, interpretation, research","Environmental education, ecology, public speaking",Bachelor? Environmental Science,No formal certification,"Field guides, teaching tools","Nature Walk Plan, Presentation","Park Guide, Assistant","Park Naturalist, Program Manager","Parks, NGOs","National Park Service, Coursera Ecology",BSc/Environmental Science/Biology --> Internship --> Park Naturalist --> Senior Naturalist --> Park Manager,Environmental Education
Patent Examiner (Reviews inventions for patent approval),"patent, examination, law, intellectual property, innovation, technology, research, documentation, legal, communication, compliance, analysis, application, invention, rights","Patent law, technical knowledge, analysis",Bachelor? Engineering / Science + Law,JD + USPTO Registration,"Patent databases, research tools","Patent Application Review, Report","Examiner Assistant, Trainee","Patent Examiner, Senior Examiner","USPTO, Law Firms","USPTO Resources, Coursera Intellectual Property",BA/Law/Patent Law --> Internship --> Patent Examiner --> Senior Examiner --> Chief Examiner,Legal & Compliance
Pediatric Nurse (Cares for children? health),"pediatric, nursing, healthcare, children, patient care, clinical, development, support, communication, treatment, growth, family, medicine, safety, nursing","Pediatric care, nursing, patient education",Bachelor? Nursing,"RN License, CPN Certification","Pediatric equipment, EHR","Child Care Plan, Case Study","Nurse Assistant, Pediatric RN","Pediatric Nurse, Charge Nurse","Children? Hospitals, Clinics","PNCB Resources, Coursera Pediatrics",Nursing Degree --> Certification --> Pediatric Nurse --> Senior Nurse --> Supervisor,Healthcare
Perfusionist (Operates heart-lung machines during surgery),"perfusionist, medical, cardiac, surgery, heart, machines, oxygenation, clinical, healthcare, monitoring, treatment, equipment, support, patient care, operation","Perfusion, cardiovascular systems, monitoring",Bachelor? Perfusion Technology,Certified Clinical Perfusionist,"Heart-lung machines, monitoring tools","Perfusion Procedure, Safety Plan","Perfusion Assistant, Intern","Perfusionist, Chief Perfusionist","Hospitals, Surgical Centers","AmSECT Resources, Coursera Perfusion",Medical Degree --> Residency --> Perfusionist --> Senior Perfusionist --> Department Head,Healthcare
Perioperative Nurse (Assists in patient care during surgeries),"perioperative, nursing, surgery, patient care, clinical, preparation, recovery, anesthesia, support, monitoring, safety, communication, healthcare, sterile, teamwork","Surgical nursing, perioperative care",Bachelor? Nursing,"RN License, CNOR Certification","OR tools, EHR","Surgery Prep Checklist, Case Study","Nurse Assistant, RN","Perioperative Nurse, Supervisor","Hospitals, Surgery Centers","AORN Resources, Coursera Nursing",Nursing Degree --> Certification --> Perioperative Nurse --> Senior Nurse --> Supervisor,Healthcare
Personal Chef (Prepares meals for private clients),"personal, chef, cooking, culinary, nutrition, menu, preparation, food, customization, service, kitchen, creativity, hospitality, client, health","Culinary skills, meal planning, nutrition",Culinary School Certificate,No formal certification,"Kitchen equipment, menu planning tools","Personal Chef Menu, Meal Prep","Client Chef, Kitchen Assistant","Personal Chef, Private Chef","Private Clients, Agencies","Escoffier Online, YouTube Personal Chef",Culinary School --> Internship --> Personal Chef --> Senior Chef --> Business Owner,Food Service
Personal Financial Advisor (Helps people manage money and investments),"personal, financial, advising, finance, investments, planning, budgeting, retirement, insurance, communication, risk management, wealth, consulting, analysis, client","Financial planning, investments, client advising",Bachelor? Finance / Business,CFP Certification,"Financial planning software, CRM","Investment Portfolio, Retirement Plan","Advisor Assistant, Intern","Personal Financial Advisor, Senior Advisor","Financial Firms, Banks","CFP Board, Coursera Finance",BA/Finance/Business --> Internship --> Personal Financial Advisor --> Senior Advisor --> Wealth Manager,Finance
Personal Shopper (Buys clothes and gifts for clients),"personal, shopping, retail, customer service, fashion, products, assistance, trends, communication, style, organization, sales, convenience, selection, marketing","Fashion sense, client communication, trend awareness",High School Diploma / Fashion Training,No formal certification,"Point of Sale software, shopping apps","Style Portfolio, Personal Shopping Plan","Assistant Shopper, Stylist","Personal Shopper, Senior Stylist","Department Stores, Agencies","YouTube Personal Styling, Coursera Fashion",Bachelor? in Fashion/Design/Business --> Intern in Retail/Fashion House --> Personal Shopper --> Senior Shopper --> Style Consultant/Fashion Director,Retail & Personal Services
Pest Inspector (Checks buildings for pests and insects),"pest, inspection, control, environment, safety, chemicals, prevention, identification, management, health, regulation, treatment, wildlife, monitoring, service","Pest identification, safety protocols, inspection",High School Diploma / Vocational Training,Pest Control Certification,"Inspection tools, reporting software","Pest Inspection Checklist, Safety Report","Inspection Assistant, Technician","Pest Inspector, Supervisor","Pest Control Companies, Agencies","NPMA Resources, YouTube Pest Control",Diploma in Pest Management/Science --> Apprentice with Pest Control Company --> Pest Inspector --> Senior Inspector --> Operations Manager,Environmental Inspection
Pet Sitter (Takes care of pets while owners are away),"pet, sitting, care, animals, pets, feeding, walking, health, safety, communication, responsibility, grooming, companionship, scheduling, client service","Animal care, time management, customer service",High School Diploma,No formal certification,"Pet care supplies, scheduling apps","Pet Care Plan, Service Agreement","Pet Sitter, Assistant","Senior Pet Sitter, Business Owner","Pet Sitting Agencies, Freelance","Rover Guides, YouTube Pet Care",No formal degree needed; certification in Pet Care --> Work as Assistant Pet Caregiver --> Pet Sitter --> Senior Sitter --> Start Pet Care Agency,Animal Care
Pharmaceutical Sales Representative (Sells medicine to doctors and pharmacies),"pharmaceutical, sales, marketing, products, healthcare, communication, client relations, business, negotiation, product knowledge, market, strategy, training, promotion, customer service","Sales, pharmaceutical knowledge, persuasion",Bachelor? Life Sciences / Business,Pharmaceutical Sales Certification,"CRM software, product demos","Sales Presentation, Product Overview","Sales Trainee, Associate","Pharma Sales Rep, Sales Manager","Pharma Companies, Biotech Firms","PharmaCertify, Coursera Sales",Bachelor? in Pharmacy/Business --> Sales Training/Certification --> Pharmaceutical Sales Rep --> Area Sales Manager --> Regional Head,Sales
Pharmacologist (Studies how drugs affect the body),"pharmacology, research, drugs, medicine, chemistry, biology, testing, health, development, clinical, therapy, science, formulation, toxicology, pharmacokinetics","Pharmacology research, lab analysis, data interpretation",PhD Pharmacology / Life Sciences,No formal certification,"Lab equipment, analysis software","Drug Study Report, Lab Protocol","Research Assistant, Lab Tech","Pharmacologist, Research Director","Pharma Companies, Research Labs","ACS Resources, Coursera Pharmacology",Master?/PhD in Pharmacology --> Research Assistantship --> Pharmacologist --> Senior Scientist --> Research Director,Pharmaceutical Research
Phlebotomist (Draws blood for tests),"phlebotomy, blood, collection, healthcare, patient care, medical, laboratory, safety, testing, procedures, communication, infection control, samples, clinical, support","Blood collection, patient care, safety protocols",Phlebotomy Certificate,Certified Phlebotomy Technician,"Phlebotomy tools, EHR","Blood Draw Practice, Safety Checklist","Phlebotomy Assistant, Technician","Lead Phlebotomist, Lab Supervisor","Hospitals, Labs","Red Cross Training, Coursera Phlebotomy",Diploma in Medical Lab Technology --> Internship in Hospital Lab --> Phlebotomist --> Senior Phlebotomist --> Lab Supervisor,Healthcare
Photojournalist (Takes photos to tell news stories),"photojournalism, photography, news, media, storytelling, reporting, editing, communication, events, digital, creativity, documentation, ethics, deadlines, visual","Photography, journalism, storytelling",Bachelor? Journalism / Photography,No formal certification,"Cameras, editing software","Photo Essay, News Coverage","Photography Assistant, Intern","Photojournalist, Editor","News Agencies, Magazines","NPPA Resources, Coursera Journalism",BA Journalism or Photography --> Internship in Media House --> Photojournalist --> Senior Photographer --> Bureau Chief,Media & Journalism
Physical Education Teacher (Teaches sports and fitness in schools),"physical, education, teaching, sports, fitness, health, coaching, activity, wellness, students, training, communication, teamwork, development, anatomy","Physical education, fitness training, teaching",Bachelor? Education / Physical Education,Teaching License,"Gym equipment, lesson plans","Fitness Lesson Plan, Class Activities","PE Assistant, Teacher","PE Teacher, Department Head","Schools, Academies","SHAPE America, Coursera Teaching",BPEd/Bachelor? in Physical Education --> School Internship --> Physical Education Teacher --> Senior Teacher --> Sports Coordinator,Education
Physical Therapy Assistant (Supports therapists in patient care),"physical, therapy, assistant, rehabilitation, patient care, exercises, mobility, healthcare, support, clinical, treatment, communication, wellness, injury, recovery","Rehabilitation, patient support, therapy techniques",Associate? Physical Therapy Assistant,PTA License,"Therapy tools, EHR","Rehab Plan, Exercise Guide","Therapy Aide, PTA Assistant","Physical Therapy Assistant, Senior PTA","Rehab Centers, Hospitals","APTA Resources, Coursera Therapy",Diploma in Physiotherapy --> Clinical Internship --> Physical Therapy Assistant --> Senior Therapist --> Physiotherapy Supervisor,Therapy & Rehabilitation
Physiology Professor (Teaches how the body works in universities),"physiology, professor, biology, teaching, research, anatomy, human body, education, science, communication, laboratory, health, physiology, academic, mentoring","Human physiology, research, teaching",PhD Physiology / Biology,No formal certification,"Lab equipment, simulation tools","Lecture Plan, Research Paper","Assistant Professor, Lecturer","Physiology Professor, Department Chair","Universities, Research Centers","APS Resources, Coursera Physiology",PhD in Physiology --> Research Assistantship --> Physiology Professor --> Senior Professor --> Department Head,Education
Pilot Instructor (Teaches people how to fly planes),"pilot, instructor, aviation, training, flying, safety, communication, navigation, aircraft, skills, education, regulation, operations, procedures, flight","Flight instruction, safety protocols, navigation",Commercial Pilot License,Certified Flight Instructor (CFI),"Flight simulators, aircraft systems","Training Flight Plan, Safety Briefing","Instructor Assistant, Trainee","Flight Instructor, Chief Pilot","Flight Schools, Airlines","FAA Resources, Coursera Aviation",Pilot License + Instructor Certification --> Work as Pilot Instructor --> Senior Instructor --> Chief Flight Instructor,Education & Training
Pipe Layer (Installs pipes underground for water and gas),"pipe, laying, construction, plumbing, installation, repair, tools, safety, underground, pipes, materials, equipment, measurements, manual skills, site work","Pipe installation, construction safety, measurement",Vocational Training / Apprenticeship,No formal certification,"Pipe laying equipment, blueprints","Installation Plan, Safety Audit","Pipe Layer Helper, Apprentice","Pipe Layer, Supervisor","Construction Companies, Municipalities","YouTube Pipe Laying, NCCER Training",ITI Certification in Plumbing/Construction --> Apprentice Pipe Layer --> Senior Pipe Layer --> Supervisor,Construction & Trades
Plant Manager (Runs operations in factories or plants),"plant, management, operations, production, manufacturing, leadership, safety, efficiency, quality, logistics, planning, communication, staff, scheduling, budgeting","Manufacturing management, leadership, operations",Bachelor? Industrial Engineering / Business,No formal certification,"ERP software, scheduling tools","Production Plan, KPI Report","Production Supervisor, Assistant","Plant Manager, Operations Director","Manufacturers, Corporates","APICS Resources, Coursera Operations",Bachelor? in Mechanical/Industrial Engineering --> Graduate Trainee --> Plant Manager --> Senior Plant Manager --> Operations Director,Manufacturing Management
Plasterer (Applies plaster to walls and ceilings),"plastering, construction, walls, repair, materials, tools, finishing, safety, manual skills, craftsmanship, building, application, mixing, measurements, surface preparation","Plaster application, surface preparation, finishing",Vocational Training / Apprenticeship,No formal certification,"Trowels, plaster mixing tools","Wall Finishing Project, Technique Guide","Plasterer Helper, Apprentice","Plasterer, Site Supervisor","Construction Companies, Contractors","YouTube Plastering Skills, Local Training",ITI Certificate in Plastering/Construction --> Apprentice Plasterer --> Plasterer --> Site Supervisor,Construction & Trades
Play Therapist (Uses play to help children with problems),"play, therapy, psychology, child development, counseling, communication, creativity, support, mental health, behavior, education, intervention, emotional, social skills, activities","Child therapy, play techniques, counseling",Master? Counseling / Psychology,Registered Play Therapist Certification,"Therapy materials, assessment tools","Therapy Plan, Session Notes","Therapy Assistant, Intern","Play Therapist, Clinical Director","Counseling Centers, Clinics","A4PT Resources, Coursera Therapy",Master? in Psychology --> Practicum & Certification --> Play Therapist --> Senior Therapist --> Clinical Supervisor,Mental Health & Counseling
Plumbing Inspector (Checks plumbing for safety and codes),"plumbing, inspection, safety, compliance, regulation, pipes, installation, repair, construction, testing, water systems, maintenance, quality, documentation, problem solving","Plumbing codes, inspection, safety regulations",Vocational Training / Plumbing Certification,Plumbing Inspector Certification,"Inspection tools, code manuals","Inspection Report, Compliance Checklist","Inspection Assistant, Trainee","Plumbing Inspector, Supervisor","Building Departments, Municipalities","ICC Resources, YouTube Inspections",Diploma in Plumbing Inspection --> Apprentice Inspector --> Plumbing Inspector --> Senior Inspector,Construction & Inspection
Poet (Writes poems),"poetry, writing, literature, creativity, expression, language, art, communication, culture, emotion, storytelling, performance, analysis, education, publication","Creative writing, literary analysis, publishing",Bachelor? English / Creative Writing,No formal certification,"Word processors, editing tools","Poetry Collection, Workshop Plan","Writing Assistant, Intern","Published Poet, Editor","Publishing Houses, Magazines","Poets & Writers, Coursera Writing",Bachelor? in English/Literature --> Workshops & Publishing --> Poet --> Published Author --> Literary Consultant,Arts & Entertainment
Policy Advisor (Gives advice on laws and policies),"policy, advising, government, strategy, research, communication, legislation, analysis, public affairs, decision making, regulations, advocacy, planning, consultation, governance","Policy analysis, research, advising",Bachelor? Public Policy / Political Science,No formal certification,"Policy analysis tools, presentation software","Policy Brief, Impact Report","Policy Analyst, Assistant","Policy Advisor, Senior Analyst","Government Agencies, Think Tanks","Brookings Resources, Coursera Policy",Master? in Political Science/Public Policy --> Policy Internship --> Policy Advisor --> Senior Policy Analyst --> Policy Director,Public Policy
Political Campaign Staff (Works on political election campaigns),"political, campaigns, staff, strategy, communication, organization, events, fundraising, public relations, management, volunteers, marketing, elections, coordination, outreach","Campaign strategy, communication, fundraising",Bachelor? Political Science / Communications,No formal certification,"Campaign tools, CRM software","Campaign Plan, Outreach Strategy","Staff Assistant, Field Organizer","Campaign Manager, Senior Staff","Political Parties, Campaigns","ACLU Resources, Coursera Political Science",BA Political Science/Public Relations --> Campaign Internship --> Political Campaign Staff --> Campaign Manager --> Political Consultant,Political Campaigns
Pollster (Conducts surveys to measure public opinion),"pollster, surveys, data, research, public opinion, statistics, analysis, polling, demographics, communication, politics, sampling, trends, reporting, questionnaire","Survey design, data collection, analysis",Bachelor? Statistics / Political Science,No formal certification,"Survey software, analysis tools","Survey Design, Data Report","Survey Assistant, Analyst","Pollster, Research Manager","Research Firms, Agencies","AAPOR Resources, Coursera Survey Research",BA Statistics/Political Science --> Market Research Internship --> Pollster --> Senior Research Analyst,Research & Polling
Portfolio Analyst (Reviews investment portfolios),"portfolio, analysis, finance, investments, stocks, bonds, risk, management, assets, returns, diversification, markets, valuation, strategy, reporting","Financial analysis, portfolio management, reporting",Bachelor? Finance / Business,CFA Preferred,"Portfolio software, Excel","Portfolio Review, Investment Report","Analyst Assistant, Junior Analyst","Portfolio Analyst, Investment Manager","Finance Firms, Banks","CFA Institute, Coursera Finance",Bachelor? in Finance/Economics --> Analyst Internship --> Portfolio Analyst --> Senior Analyst --> Portfolio Manager,Finance
Postmaster (Manages local post office),"postmaster, mail, delivery, logistics, operations, management, communication, postal, sorting, scheduling, customer service, administration, organization, supervision, distribution","Postal operations, logistics, leadership",High School Diploma,Postal Service Certification,"Postal sorting systems, scheduling tools","Route Planning, Process Audit","Postal Clerk, Assistant","Postmaster, Area Manager","Postal Service, Government","USPS Training, YouTube Postal Ops",Promotion via Exams/Experience --> Postal Clerk --> Postmaster --> Senior Postmaster,Postal Services
Power Plant Operator (Runs machines that produce electricity),"power, plant, operation, energy, electricity, safety, maintenance, machinery, controls, monitoring, engineering, fuel, systems, environment, troubleshooting","Power plant operation, safety, monitoring",Associate? Power Plant Technology,Operator Certification,"Control systems, monitoring tools","Safety Drill, Operation Log","Plant Operator Trainee, Assistant","Power Plant Operator, Supervisor","Utilities, Energy Companies","EPRI Resources, Coursera Energy",Diploma in Electrical/Mechanical --> Apprentice Plant Operator --> Power Plant Operator --> Chief Operator,Energy & Utilities
Precision Instrument Repairer (Fixes delicate instruments),"precision, instrument, repair, calibration, tools, measurement, mechanics, electronics, accuracy, maintenance, troubleshooting, testing, equipment, technical, quality","Precision repair, calibration, technical knowledge",Vocational Training / Certification,No formal certification,"Precision tools, calibration devices","Repair Log, Calibration Report","Repair Technician, Assistant","Precision Instrument Repairer, Supervisor","Manufacturing Firms, Labs","YouTube Precision Repair, Local Colleges",ITI in Precision Instrument Repair --> Apprentice Technician --> Instrument Repairer --> Workshop Supervisor,Precision Repair
Preschool Director (Leads preschool programs),"preschool, director, education, management, children, curriculum, staff, administration, safety, communication, early childhood, learning, planning, development, leadership","Preschool management, early childhood education",Bachelor? Early Childhood Education,Director Certification,"Curriculum tools, admin software","Curriculum Plan, Facility Audit","Assistant Director, Lead Teacher","Preschool Director, Program Director","Childcare Centers, Schools","NAEYC Resources, Coursera Early Education",Bachelor? in Education/Management --> Preschool Teacher --> Preschool Director --> Regional Director,Education Administration
Press Secretary (Handles communication for public figures),"press, secretary, communication, media, public relations, speechwriting, government, spokesperson, messaging, events, strategy, coordination, interviews, policy, diplomacy","Media relations, communication, public speaking",Bachelor? Communications / Journalism,No formal certification,"Media monitoring tools, press software","Press Release, Media Plan","Assistant, Junior Press Officer","Press Secretary, Director","Political Offices, Corporates","PRSA Resources, Coursera Public Relations",BA Communications/Public Relations --> Media Internship --> Press Secretary --> Senior Press Secretary --> Communications Director,Government & Communications
Primary Care Physician (Provides general health care),"primary, care, physician, healthcare, diagnosis, treatment, patient, medicine, consultation, health, prevention, clinical, communication, examination, follow-up","Primary care, diagnosis, treatment",Medical Degree + Family Medicine Residency,Board Certification,"EHR, diagnostic equipment","Patient Case Study, Treatment Plan","Resident, Junior Physician","Primary Care Physician, Department Head","Hospitals, Clinics","AAFP Resources, Coursera Primary Care",MBBS + Internship --> Residency --> Primary Care Physician --> Senior Physician --> Medical Superintendent,Healthcare
Printmaker (Creates art by printing on surfaces),"printmaker, art, design, creativity, techniques, printing, craftsmanship, visual, tools, materials, textures, expression, workshop, edition, process","Printmaking techniques, artistic skills, design",Bachelor? Fine Arts / Printmaking,No formal certification,"Printmaking tools, presses","Print Portfolio, Technique Guide","Studio Assistant, Intern","Printmaker, Studio Director","Art Studios, Galleries","YouTube Printmaking, Coursera Art",BFA Fine Arts/Design --> Artist Residency --> Printmaker --> Senior Artist --> Studio Founder,Arts & Design
Private Chef (Cooks meals for private clients),"private, chef, cooking, culinary, nutrition, menu, preparation, food, customization, service, kitchen, creativity, hospitality, client, health","Culinary skills, nutrition, menu planning",Culinary School Certificate,No formal certification,"Kitchen equipment, menu tools","Private Chef Menu, Meal Prep","Assistant Chef, Prep Cook","Private Chef, Personal Chef","Private Clients, Agencies","Escoffier Online, YouTube Personal Chef",Diploma/Certification in Culinary Arts --> Assistant Chef --> Private Chef --> Executive Chef,Food Service
Private Investigator (Conducts private investigations),"private, investigator, investigation, surveillance, research, evidence, legal, security, law enforcement, case, documentation, interviews, reports, communication, analysis","Investigation, surveillance, reporting",Bachelor? Criminal Justice / Certification,Private Investigator License,"Surveillance tools, databases","Case Report, Background Check","Investigator Assistant, Intern","Private Investigator, Agency Owner","Investigation Firms, Legal Agencies","API Resources, Coursera Investigation",BA Criminology --> Private Detective Training --> Private Investigator --> Senior Investigator,Law Enforcement
Probate Lawyer (Handles wills and estates after death),"probate, lawyer, law, estates, wills, trusts, court, legal, documentation, inheritance, administration, litigation, consultation, compliance, client service","Estate law, client advising, document drafting",JD Degree + Bar License,State Bar License,"Legal research tools, case management software","Will Drafting Guide, Estate Case Review","Legal Assistant, Associate","Probate Lawyer, Partner","Law Firms, Estate Agencies","ABA Resources, Coursera Estate Law",LLB + Bar Council Registration --> Clerkship --> Probate Lawyer --> Senior Lawyer --> Partner,Legal Services
Probation Supervisor (Monitors people on probation),"probation, supervision, offenders, rehabilitation, monitoring, law enforcement, counseling, communication, reporting, compliance, safety, case management, support, intervention, justice","Probation management, counseling, leadership",Bachelor? Criminal Justice,Probation Supervisor Certification,"Case management tools, reporting software","Case Review, Supervision Plan","Probation Officer, Senior Officer","Probation Supervisor, Program Director","Government Agencies, Courts","NCJRS Resources, Coursera Criminal Justice",BA Criminology/Social Work --> Probation Officer --> Probation Supervisor --> Regional Director,Law Enforcement
Process Engineer (Improves manufacturing processes),"process, engineering, optimization, manufacturing, systems, analysis, efficiency, design, quality, workflow, automation, problem solving, production, controls, safety","Process design, optimization, data analysis",Bachelor? Industrial Engineering / Chemical Engineering,Lean Six Sigma Certification,"Process modeling tools, simulation software","Process Improvement Report, Workflow Model","Process Engineer Trainee, Assistant","Process Engineer, Senior Engineer","Manufacturing Firms, Corporates","ASQ Resources, Coursera Process Engineering",BTech Chemical/Process/Industrial --> Graduate Trainee --> Process Engineer --> Senior Process Engineer,Engineering
Procurement Specialist (Buys goods and services for companies),"procurement, specialist, purchasing, supply chain, negotiation, contracts, vendors, sourcing, inventory, budgeting, management, logistics, communication, cost control, analysis","Procurement, negotiation, vendor management",Bachelor? Supply Chain / Business,Certified Purchasing Professional,"ERP software, procurement tools","Procurement Plan, Supplier Audit","Procurement Assistant, Buyer","Procurement Specialist, Manager","Corporates, Manufacturing Firms","ISM Resources, Coursera Supply Chain",BBA/Supply Chain/Procurement --> Procurement Internship --> Procurement Specialist --> Senior Manager,Procurement & Supply Chain
Product Owner (Manages product development priorities),"product, owner, agile, management, development, backlog, stakeholder, planning, communication, requirements, priorities, teamwork, software, delivery, leadership","Agile methodology, product strategy, team leadership",Bachelor? Business / Computer Science,CSPO Certification,"Product management tools, Agile boards","Product Backlog, Sprint Plan","Product Assistant, Junior Product Owner","Product Owner, Senior PO","Tech Firms, Corporates","Scrum Alliance, Coursera Product Management",MBA/PGDM in Business/IT --> Associate Product Owner --> Product Owner --> Product Manager,Technology
Production Artist (Prepares artwork for printing or media),"production, artist, design, layout, graphics, creativity, software, printing, branding, digital, artwork, editing, marketing, communication, quality","Graphic design, production processes, detail orientation",Associate? Graphic Design / Visual Arts,No formal certification,"Adobe Creative Suite, prepress tools","Production Design Sample, File Prep Guide","Production Artist Assistant, Junior Artist","Production Artist, Senior Designer","Marketing Agencies, Studios","LinkedIn Learning, Coursera Design",BA Graphic Design/Fine Arts --> Design Internship --> Production Artist --> Senior Designer,Arts & Design
Professional Organizer (Helps people organize spaces and time),"professional, organizer, decluttering, time management, efficiency, planning, productivity, systems, communication, space, coaching, organization, clients, problem solving, support","Organization, time management, client communication",High School Diploma,No formal certification,"Planning apps, labeling tools","Organization Plan, Room Makeover","Organizer Assistant, Intern","Professional Organizer, Business Owner","Private Clients, Agencies","NAPO Resources, YouTube Professional Organizing",Certification in Organizing/Interior Design --> Assistant Organizer --> Professional Organizer --> Business Owner,Personal Services
Program Analyst (Evaluates and improves programs),"program, analyst, evaluation, data, research, management, performance, planning, reporting, communication, problem solving, metrics, strategy, analysis, coordination","Program evaluation, analysis, reporting",Bachelor? Public Administration / Business,No formal certification,"Program management software, analytics tools","Program Analysis Report, Evaluation Matrix","Analyst Assistant, Program Analyst","Program Analyst, Senior Analyst","Government, Nonprofits","PMI Resources, Coursera Program Analysis",BCom/BA Statistics --> Program Analyst --> Senior Program Analyst --> Program Manager,Business Analysis
Program Coordinator (Organizes and manages projects),"program, coordinator, organization, planning, communication, events, logistics, management, scheduling, reporting, teamwork, administration, support, resources, documentation","Event coordination, scheduling, communication",Bachelor? Communications / Nonprofit Management,No formal certification,"Event planning tools, CRM software","Event Plan, Budget Sheet","Assistant Coordinator, Intern","Program Coordinator, Senior Coordinator","Nonprofits, Corporates","Council of Nonprofits, Coursera Program Management",BA Business/Management --> Coordinator Internship --> Program Coordinator --> Senior Manager,Program Management
Project Coordinator (Supports project planning and execution),"project, coordinator, management, planning, communication, scheduling, resources, organization, teams, reporting, problem solving, documentation, deadlines, support, collaboration","Project management, team coordination, reporting",Bachelor? Business / Project Management,CAPM Certification,"Project management software, scheduling tools","Project Timeline, Risk Log","Assistant Coordinator, Project Assistant","Project Coordinator, Project Manager","Consultancies, Corporates","PMI Resources, Coursera Project Management",BA Business/Management --> Project Coordination Internship --> Project Coordinator --> Project Manager,Program Management
Property Appraiser (Estimates property values),"property, appraiser, valuation, real estate, market analysis, inspection, report, finance, assessment, legal, communication, data, evaluation, sales, compliance","Real estate appraisal, market analysis, reporting",Bachelor? Real Estate / Finance,State Appraiser License,"Appraisal software, MLS databases","Appraisal Report, Market Study","Appraiser Trainee, Assistant","Property Appraiser, Senior Appraiser","Appraisal Firms, Real Estate Agencies","Appraisal Institute, Coursera Real Estate",BCom/Real Estate --> Trainee Appraiser --> Property Appraiser --> Chief Appraiser,Real Estate & Valuation
Property Inspector (Checks condition of buildings),"property, inspector, inspection, real estate, safety, maintenance, compliance, evaluation, reporting, building, regulations, communication, assessment, documentation, quality","Building inspections, safety standards, compliance",Vocational Training / Certification,State Inspector Certification,"Inspection tools, reporting software","Inspection Checklist, Compliance Report","Inspection Assistant, Trainee","Property Inspector, Lead Inspector","Inspection Firms, Municipalities","ICC Resources, YouTube Inspections",Certification in Building Inspection --> Apprentice --> Property Inspector --> Senior Inspector,Construction & Inspection
Prosecutor (Represents government in criminal trials),"prosecutor, law, criminal, court, litigation, cases, evidence, justice, trial, legal, communication, advocacy, research, investigation, client","Legal research, litigation, prosecution",JD Degree + Bar License,State Bar License,"Case management tools, legal databases","Case Brief, Trial Plan","Assistant Prosecutor, Junior Prosecutor","Prosecutor, Senior Prosecutor","District Attorney Offices, Government","ABA Resources, Coursera Criminal Law",LLB --> Legal Internship --> Prosecutor --> Senior Prosecutor --> Public Prosecutor,Legal Services
Prosthodontist (Specializes in dental prosthetics),"prosthodontist, dentistry, oral, prosthetics, implants, restoration, teeth, surgery, patient care, health, treatment, aesthetics, dental, clinical, rehabilitation","Prosthodontics, dental care, patient management",Dental Degree + Prosthodontics Residency,Board Certification,"Dental imaging tools, modeling software","Treatment Plan, Denture Design","Dental Assistant, Resident","Prosthodontist, Senior Specialist","Dental Clinics, Hospitals","ACP Resources, Coursera Dental Care",MDS Prosthodontics --> Residency --> Prosthodontist --> Senior Prosthodontist,Dental & Oral Health
Psychiatric Technician (Assists with mental health patient care),"psychiatric, technician, mental health, patient care, monitoring, support, clinical, communication, therapy, safety, behavior, healthcare, treatment, observation, assistance","Patient care, psychiatric support, observation",Associate? Psychiatric Technology,Licensed Psychiatric Technician,"EHR, monitoring tools","Patient Observation Plan, Safety Protocol","Technician Assistant, Intern","Psychiatric Technician, Lead Technician","Psych Hospitals, Clinics","APNA Resources, Coursera Mental Health",Diploma in Mental Health --> Psychiatric Technician --> Senior Technician --> Team Lead,Mental Health & Counseling
Public Affairs Specialist (Manages communication for organizations),"public, affairs, communication, government, media, strategy, policy, public relations, advocacy, events, messaging, outreach, campaigns, stakeholder, analysis","Public relations, communication, writing",Bachelor? Communications / Journalism,No formal certification,"Media monitoring tools, PR software","Press Release, Media Plan","PR Assistant, Communications Intern","Public Affairs Specialist, Senior Specialist","Corporates, Government","PRSA Resources, Coursera Communications",BA Public Relations --> Internship --> Public Affairs Specialist --> Senior Manager,Public Relations
Public Defender Investigator (Gathers evidence for defense lawyers),"public, defender, investigation, legal, criminal, client, case, evidence, research, advocacy, court, communication, justice, support, defense","Investigations, evidence gathering, reporting",Bachelor? Criminal Justice,No formal certification,"Case management tools, investigation databases","Case Report, Interview Guide","Investigator Assistant, Trainee","Public Defender Investigator, Senior Investigator","Public Defender Offices, Legal Firms","NCJRS Resources, Coursera Investigation",BA Criminology --> Investigation Internship --> Public Defender Investigator --> Senior Investigator,Legal & Investigation
Public Health Nurse (Works on community health and prevention),"public, health, nurse, community, healthcare, prevention, education, wellness, patient care, clinical, communication, outreach, immunization, monitoring, support","Community health, nursing, education",Bachelor? Nursing,"RN License, PHN Certification","EHR, health education materials","Community Assessment, Care Plan","Nursing Assistant, RN","Public Health Nurse, Program Manager","Public Health Agencies, Clinics","APHA Resources, Coursera Public Health",BSc Nursing + Certification --> Community Health Intern --> Public Health Nurse --> Nurse Manager,Public Health
Public Policy Analyst (Studies and advises on public policies),"public, policy, analysis, government, research, legislation, strategy, communication, advocacy, evaluation, data, regulation, planning, analysis, recommendations","Policy research, analysis, reporting",Bachelor? Public Policy / Political Science,No formal certification,"Policy analysis tools, data visualization","Policy Brief, Impact Assessment","Analyst Assistant, Policy Analyst","Public Policy Analyst, Senior Analyst","Government, Think Tanks","Brookings Resources, Coursera Policy Analysis",MA Public Policy/Health --> Policy Internship --> Public Policy Analyst --> Senior Policy Specialist,Public Policy
Public Safety Officer (Ensures safety in public places),"public, safety, officer, emergency, law enforcement, protection, communication, crisis, response, community, prevention, safety, teamwork, security, training","Emergency response, safety protocols, community service",High School Diploma / Criminal Justice,No formal certification,"Communication equipment, safety gear","Emergency Response Plan, Safety Drill","Public Safety Officer Trainee, Assistant","Public Safety Officer, Supervisor","Public Agencies, Municipalities","FEMA Resources, Coursera Emergency Management",Police Academy Training --> Officer --> Public Safety Officer --> Inspector,Public Safety
Public Speaker (Gives speeches to inform or motivate),"public, speaker, communication, presentation, leadership, motivation, engagement, training, events, confidence, audience, message, storytelling, persuasion, skills","Public speaking, presentation, audience engagement",Bachelor? Communications / English,No formal certification,"Presentation tools, video platforms","Speech Outline, Presentation Video","Speaker Assistant, Intern","Public Speaker, Senior Presenter","Event Firms, Training Organizations","YouTube Public Speaking, Coursera Presentations",BA Communications/Public Speaking --> Training --> Public Speaker --> Senior Trainer,Public Speaking
Purchasing Manager (Leads buying of materials and supplies),"purchasing, management, procurement, supply chain, negotiation, contracts, vendors, budgeting, inventory, strategy, logistics, communication, analysis, cost control, planning","Procurement, negotiation, supply chain management",Bachelor? Supply Chain / Business,CPPM Certification,"ERP software, procurement tools","Procurement Strategy, Supplier Analysis","Purchasing Assistant, Buyer","Purchasing Manager, Director","Manufacturing Firms, Corporates","ISM Resources, Coursera Supply Chain",BBA/MBA in Supply Chain --> Purchasing Assistant --> Purchasing Manager --> Head of Procurement,Procurement & Supply Chain
Quality Assurance Manager (Ensures products meet standards),"quality, assurance, management, testing, processes, standards, compliance, inspection, improvement, documentation, audits, analysis, control, reporting, efficiency","Quality systems, compliance, leadership",Bachelor? Engineering / Business,Quality Management Certification,"QMS software, audit tools","Quality Audit, Compliance Plan","Quality Analyst, Supervisor","Quality Assurance Manager, Senior Manager","Manufacturing Firms, Corporates","ASQ Resources, Coursera Quality Management",BSc Quality Management --> Quality Assurance Trainee --> QA Manager --> Director of Quality,Quality Management
Quality Control Manager (Oversees inspection of products),"quality, control, management, inspection, standards, testing, compliance, manufacturing, processes, documentation, audits, analysis, improvement, reporting, safety","Quality control, process monitoring, data analysis",Bachelor? Engineering / Business,Certified Quality Auditor,"QC tools, statistical software","Inspection Checklist, Process Report","QC Inspector, Analyst","Quality Control Manager, Director","Manufacturing Firms, Corporates","ASQ Resources, Coursera Quality Control",BSc Quality Control --> QC Trainee --> QC Manager --> Senior Director,Quality Management
Quantitative Analyst (Uses math to analyze financial data),"quantitative, analysis, finance, data, modeling, statistics, risk, investments, markets, research, mathematics, programming, evaluation, reporting, strategy","Statistical modeling, quantitative research, data analysis",Master? Finance / Statistics,CQF Certification,"Statistical software, modeling tools","Quant Model, Risk Analysis","Analyst Assistant, Junior Quant","Quantitative Analyst, Senior Quant","Finance Firms, Investment Banks","CQF Institute, Coursera Quantitative Finance",MSc Statistics/Quantitative Finance --> Analyst --> Quantitative Analyst --> Data Science Lead,Finance
Quarantine Inspector (Checks for diseases in people or goods),"quarantine, inspection, health, safety, regulation, disease control, monitoring, compliance, public health, biosecurity, environment, prevention, reporting, communication, testing","Import/export regulations, safety inspections",Bachelor? Agriculture / Biology,Quarantine Inspector Certification,"Inspection tools, reporting software","Inspection Log, Compliance Report","Inspection Assistant, Technician","Quarantine Inspector, Supervisor","Border Agencies, Agriculture Departments","APHIS Resources, Coursera Food Safety",BSc Biology --> Inspector Training --> Quarantine Inspector --> Senior Inspector,Agriculture & Food Safety
Radiation Oncologist (Treats cancer with radiation),"radiation, oncology, medicine, cancer, treatment, therapy, clinical, patient care, radiation, health, diagnosis, equipment, safety, clinical, monitoring","Radiation oncology, patient care, treatment planning",Medical Degree + Oncology Residency,Board Certification,"Treatment planning systems, radiation equipment","Treatment Plan, Case Study","Resident, Junior Oncologist","Radiation Oncologist, Department Chief","Hospitals, Cancer Centers","ASTRO Resources, Coursera Oncology",MD Radiation Oncology --> Residency --> Radiation Oncologist --> Department Head,Healthcare
Radiologic Nurse (Cares for patients during radiology procedures),"radiologic, nursing, healthcare, imaging, patient care, radiation, clinical, support, diagnostics, safety, treatment, communication, monitoring, therapy, hospital","Radiologic nursing, patient care, imaging support",Bachelor? Nursing,RN License,"EHR, imaging equipment","Patient Care Plan, Safety Protocol","Nurse Assistant, RN","Radiologic Nurse, Supervisor","Hospitals, Imaging Centers","ARRT Resources, Coursera Radiology",BSc Nursing + Radiology Certification --> Radiologic Nurse --> Senior Nurse,Healthcare
Radio Host (Presents shows on radio stations),"radio, host, broadcasting, communication, media, entertainment, interviews, music, talk show, presentation, audience, scripting, production, marketing, engagement","Broadcasting, communication, public speaking",Bachelor? Communications / Broadcasting,No formal certification,"Audio consoles, broadcasting software","Radio Segment, Interview Recording","Production Assistant, Radio Intern","Radio Host, Senior Broadcaster","Radio Stations, Media Companies","Radio Academy, Coursera Broadcasting",BA Mass Communication --> Internship --> Radio Host --> Senior Host --> Program Director,Media & Broadcasting
Railroad Conductor (Operates trains and manages train crew),"railroad, conductor, train, operations, safety, scheduling, signaling, communication, transportation, logistics, crew, management, coordination, inspection, regulations","Train operations, safety protocols, scheduling",High School Diploma / Rail Training,FRA Certification,"Train control systems, safety equipment","Safety Checklist, Operation Log","Conductor Trainee, Assistant","Railroad Conductor, Senior Conductor","Rail Companies, Transport Agencies","FRA Resources, YouTube Railroad Training",Railway Training --> Conductor --> Senior Conductor --> Operations Supervisor,Transportation
Real Estate Broker (Helps clients buy and sell properties),"real, estate, broker, sales, properties, clients, contracts, negotiation, marketing, finance, listings, communication, investment, market analysis, customer service","Negotiation, sales, real estate law",Real Estate License Training,State Real Estate Broker License,"MLS databases, CRM software","Property Listing Plan, Market Analysis","Agent Assistant, Trainee","Real Estate Broker, Agency Owner","Real Estate Firms, Brokerages","NAR Resources, Coursera Real Estate",BBA/Real Estate Certification --> Trainee Broker --> Real Estate Broker --> Senior Broker --> Branch Director,Real Estate
Real Estate Developer (Builds and improves properties),"real, estate, developer, construction, projects, planning, finance, land, management, permits, budgeting, marketing, sales, negotiation, development, zoning","Property development, finance, project management",Bachelor? Real Estate / Finance,No formal certification,"Project management software, CAD tools","Development Proposal, Site Plan","Assistant Developer, Analyst","Real Estate Developer, Project Director","Property Developers, Corporates","ULI Resources, Coursera Real Estate",BBA/Architecture/Civil Engg --> Intern in Construction --> Real Estate Developer --> Senior Developer --> MD/Founder,Real Estate Development
Real Estate Paralegal (Assists lawyers with property-related legal work),"real, estate, paralegal, legal, contracts, documentation, compliance, research, property, title, transactions, court, communication, law, support, administration","Legal research, document preparation, real estate law",Associate? Paralegal Studies,Paralegal Certification,"Document management tools, legal software","Closing Document Checklist, Title Research","Paralegal Assistant, Junior Paralegal","Real Estate Paralegal, Senior Paralegal","Law Firms, Title Companies","NALA Resources, Coursera Paralegal Studies",LLB/Paralegal Diploma --> Paralegal Internship --> Real Estate Paralegal --> Senior Paralegal --> Legal Manager,Legal & Paralegal
Realtor (Helps people buy and sell homes),"realtor, sales, real estate, clients, properties, negotiation, marketing, listings, contracts, communication, customer service, finance, market, closing, networking","Sales, property marketing, client relations",Real Estate License Training,Real Estate License,"MLS systems, CRM tools","Property Marketing Plan, Open House Strategy","Agent Assistant, Trainee","Realtor, Senior Agent","Real Estate Brokerages, Agencies","NAR Resources, Coursera Real Estate",Real Estate Certification --> Work in Agency --> Realtor --> Senior Realtor --> Agency Owner,Real Estate
Records Manager (Organizes and protects important records),"records, manager, documentation, organization, data, filing, archiving, compliance, information, security, retrieval, management, systems, administration, policy","Information management, recordkeeping, compliance",Bachelor? Library Science / Information Management,CRM Certification (optional),"Document management software, archival tools","Records Retention Plan, Digital Archive","Records Clerk, Assistant","Records Manager, Director","Corporates, Government Agencies","AIIM Resources, Coursera Information Management",BCom/Library Science --> Records Assistant --> Records Manager --> Senior Records Officer,Records Management
Recreation Therapist (Uses activities to improve patients' health),"recreation, therapist, rehabilitation, activities, health, wellness, patient care, physical therapy, psychology, support, social skills, therapy, community, exercise, motivation","Therapeutic recreation, patient care, planning",Bachelor? Recreation Therapy / Health Sciences,CTRS Certification,"Therapy equipment, activity planning tools","Activity Plan, Patient Progress Report","Therapy Assistant, Intern","Recreation Therapist, Senior Therapist","Hospitals, Rehab Centers","NCTRC Resources, Coursera Health Sciences",BA Psychology/Social Work --> Internship --> Recreation Therapist --> Senior Therapist --> Program Director,Therapy & Rehabilitation
Recycling Technician (Processes materials for recycling),"recycling, technician, waste, environment, sorting, materials, processing, safety, collection, sustainability, equipment, management, compliance, operations, recycling","Recycling processes, equipment operation, safety",Vocational Training / Certification,No formal certification,"Sorting equipment, safety tools","Recycling Process Plan, Safety Checklist","Technician Assistant, Trainee","Recycling Technician, Supervisor","Municipalities, Waste Management","YouTube Recycling Operations, Local Colleges",Diploma in Waste Management --> Apprentice Technician --> Recycling Technician --> Senior Technician --> Operations Supervisor,Environmental Services
Refinery Operator (Runs machines that process oil and gas),"refinery, operator, oil, gas, processing, safety, equipment, monitoring, operations, maintenance, control systems, chemicals, production, troubleshooting, environment","Plant operations, safety monitoring, troubleshooting",Associate? Process Technology / Engineering,Operator Certification,"Process control systems, monitoring tools","Operation Log, Safety Audit","Operator Trainee, Assistant","Refinery Operator, Lead Operator","Energy Companies, Refineries","API Resources, Coursera Process Operations",Diploma in Chemical/Process --> Apprentice Operator --> Refinery Operator --> Chief Operator,Energy & Utilities
Registrar (Manages records for schools or organizations),"registrar, records, administration, enrollment, data, student, information, management, documentation, compliance, scheduling, communication, education, policy, reporting","Administration, student records, compliance",Bachelor? Education Administration,Registrar Certification (optional),"Student information systems, scheduling tools","Enrollment Plan, Compliance Checklist","Assistant Registrar, Records Clerk","Registrar, Director of Records","Universities, Colleges","AACRAO Resources, Coursera Higher Education",BA Administration --> Assistant Registrar --> Registrar --> Senior Registrar,Education Administration
Regulatory Affairs Specialist (Ensures compliance with laws and regulations),"regulatory, affairs, compliance, law, industry, documentation, approval, communication, standards, safety, government, policy, research, reporting, quality","Regulatory compliance, documentation, research",Bachelor? Life Sciences / Regulatory Affairs,RAC Certification,"Document control tools, compliance software","Regulatory Submission Plan, Audit Checklist","Assistant, Analyst","Regulatory Affairs Specialist, Manager","Pharma Companies, Medical Device Firms","RAPS Resources, Coursera Regulatory Affairs",BPharm/Biotech --> QA/RA Internship --> Regulatory Affairs Specialist --> Senior Manager,Regulatory Affairs
Rehabilitation Nurse (Helps patients recover after injury or illness),"rehabilitation, nurse, patient care, therapy, recovery, support, clinical, healthcare, communication, physical therapy, monitoring, treatment, nursing, wellness, teamwork","Patient care, rehabilitation, nursing",Bachelor? Nursing,"RN License, Rehabilitation Nursing Certification","EHR, rehab equipment","Rehab Care Plan, Patient Education Material","Nursing Assistant, RN","Rehabilitation Nurse, Senior Nurse","Hospitals, Rehab Centers","ARN Resources, Coursera Nursing",BSc Nursing --> Clinical Internship --> Rehabilitation Nurse --> Senior Nurse --> Nursing Supervisor,Healthcare
Relationship Coach (Guides people to improve personal relationships),"relationship, coach, counseling, communication, support, personal growth, motivation, conflict resolution, therapy, coaching, emotional health, guidance, skills, teamwork, counseling","Communication, empathy, relationship guidance",Bachelor? Psychology / Counseling,Relationship Coaching Certification,"Coaching tools, assessment forms","Relationship Assessment, Coaching Plan","Assistant Coach, Trainee","Relationship Coach, Senior Coach","Private Practice, Agencies","ICF Resources, YouTube Relationship Coaching",BA Psychology/Counseling --> Training & Certification --> Relationship Coach --> Senior Coach --> Practice Owner,Personal Development
Religious Educator (Teaches religion and spiritual topics),"religious, educator, teaching, faith, community, scripture, spiritual, counseling, communication, leadership, morals, culture, education, worship, theology","Religious education, curriculum development, counseling",Bachelor? Theology / Religious Studies,Teaching Certification (varies),"Curriculum tools, presentation software","Lesson Plan, Educational Workshop","Teaching Assistant, Youth Leader","Religious Educator, Director","Churches, Faith-Based Organizations","ATLA Resources, Coursera Theology",BA Theology/Religious Studies --> Assistant Educator --> Religious Educator --> Senior Educator,Religious Education
Remote Sensing Specialist (Uses technology to collect data from afar),"remote, sensing, GIS, satellite, mapping, data, analysis, environment, geography, technology, imaging, research, monitoring, earth observation, spatial","Remote sensing analysis, GIS skills, data interpretation",Bachelor? Geography / Environmental Science,No formal certification,"GIS software, remote sensing tools","Land Use Analysis, Map Report","Technician Assistant, Analyst","Remote Sensing Specialist, Senior Analyst","Research Firms, Government Agencies","USGS Resources, Coursera GIS",BSc Geoinformatics --> Internship --> Remote Sensing Specialist --> Senior Analyst,Geospatial Science
Renewable Energy Consultant (Advises on clean energy solutions),"renewable, energy, consultant, sustainability, solar, wind, power, environment, efficiency, projects, analysis, technology, energy, planning, design","Renewable energy assessment, consulting, reporting",Bachelor? Environmental Science / Engineering,LEED Certification (optional),"Energy modeling tools, reporting software","Energy Audit, Renewable Strategy Plan","Analyst, Assistant","Consultant, Senior Consultant","Renewable Energy Firms, Consultancies","IRENA Resources, Coursera Sustainability",BE Mechanical/Electrical --> Sustainability Internship --> Renewable Energy Consultant --> Senior Consultant,Renewable Energy
Research Coordinator (Organizes research projects),"research, coordinator, projects, management, data, analysis, communication, organization, reports, compliance, scheduling, teams, clinical, funding, documentation","Research coordination, data collection, reporting",Bachelor? Research Administration / Science,No formal certification,"Project management tools, data software","Research Timeline, Compliance Checklist","Assistant, Coordinator","Research Coordinator, Manager","Universities, Labs","NCURA Resources, Coursera Research Administration",BSc Research --> Research Assistant --> Research Coordinator --> Senior Coordinator,Research
Research Director (Leads research programs),"research, director, management, strategy, projects, funding, teams, planning, data, analysis, publication, communication, leadership, evaluation, scientific","Research leadership, strategic planning, team management",PhD in Field of Expertise,No formal certification,"Research management tools, analytics platforms","Research Strategy Plan, Grant Proposal","Senior Researcher, Team Lead","Research Director, Department Head","Universities, Research Firms","AAAS Resources, Coursera Leadership",PhD in Relevant Field --> Researcher --> Research Director --> Chief Research Officer,Research Management
Residential Advisor (Supports students living in dormitories),"residential, advisor, housing, student, support, counseling, communication, safety, administration, community, organization, planning, residence, coordination, assistance","Student support, residence life, conflict resolution",Bachelor? Education / Counseling,No formal certification,"Residence management software, reporting tools","Community Event Plan, Support Guide","Resident Assistant, Advisor","Residential Advisor, Program Director","Universities, Colleges","ACUHO-I Resources, Coursera Student Affairs",BA Psychology/Social Work --> Hostel Warden --> Residential Advisor --> Senior Advisor,Residential Services
Respiratory Therapist (Helps patients with breathing problems),"respiratory, therapist, healthcare, patient care, lungs, treatment, clinical, oxygen, breathing, equipment, monitoring, therapy, emergency, communication, rehabilitation","Respiratory therapy, patient care, equipment use",Associate? Respiratory Therapy,RRT Certification,"Respiratory equipment, EHR","Treatment Plan, Care Protocol","Therapy Assistant, Technician","Respiratory Therapist, Senior Therapist","Hospitals, Clinics","AARC Resources, Coursera Respiratory Care",BSc Respiratory Therapy --> Clinical Training --> Respiratory Therapist --> Senior Therapist --> Department Head,Healthcare
Restoration Ecologist (Works to restore damaged ecosystems),"restoration, ecologist, environment, conservation, habitat, research, ecosystem, biology, fieldwork, sustainability, monitoring, rehabilitation, vegetation, wildlife, management","Ecological restoration, environmental assessment, planning",Bachelor? Environmental Science / Ecology,No formal certification,"Field survey tools, GIS software","Habitat Restoration Plan, Impact Assessment","Field Assistant, Technician","Restoration Ecologist, Project Lead","Conservation Firms, NGOs","SER Resources, Coursera Ecology",BSc Environmental Science --> Field Assistant --> Restoration Ecologist --> Senior Ecologist,Environmental Science
Retail Merchandiser (Arranges products in stores to boost sales),"retail, merchandiser, sales, products, inventory, display, marketing, customer service, planning, communication, stores, stock, promotions, organization, supply chain","Retail marketing, inventory management, visual display",High School Diploma / Associate? Business,No formal certification,"Point of sale systems, inventory tools","Merchandising Plan, Display Guide","Merchandiser Assistant, Clerk","Retail Merchandiser, Manager","Retail Chains, Brands","NRF Resources, YouTube Retail",BBA/Marketing --> Sales Associate --> Retail Merchandiser --> Senior Merchandiser,Retail
Revenue Agent (Collects taxes and enforces tax laws),"revenue, agent, finance, taxation, audits, compliance, investigation, accounting, reporting, law, analysis, government, collections, documentation, regulation","Tax regulations, auditing, compliance",Bachelor? Accounting / Finance,Enrolled Agent Certification,"Tax software, audit tools","Revenue Audit Report, Tax Guide","Revenue Agent Assistant, Analyst","Revenue Agent, Senior Auditor","Government Agencies, Tax Authorities","IRS Resources, Coursera Taxation",BCom/Finance --> Tax Training --> Revenue Agent --> Senior Officer,Tax & Revenue
Risk Analyst (Assesses financial or business risks),"risk, analyst, finance, assessment, modeling, data, analysis, management, probability, insurance, mitigation, strategy, reporting, statistics, forecasting","Risk assessment, data analysis, reporting",Bachelor? Finance / Risk Management,FRM Certification,"Risk modeling tools, reporting software","Risk Assessment Report, Control Plan","Analyst Assistant, Trainee","Risk Analyst, Senior Analyst","Banks, Insurance Firms","GARP Resources, Coursera Risk Management",MSc Statistics/Finance --> Analyst Internship --> Risk Analyst --> Senior Analyst,Finance & Risk
Robotics Engineer (Designs and builds robots),"robotics, engineer, design, automation, programming, systems, mechanical, electronics, control, software, development, testing, manufacturing, technology, innovation","Robotics design, programming, testing",Bachelor? Robotics / Mechanical Engineering,No formal certification,"Robotics kits, CAD tools","Robotics Prototype, Code Documentation","Engineering Assistant, Junior Engineer","Robotics Engineer, Senior Engineer","Tech Firms, Manufacturing Companies","IEEE Resources, Coursera Robotics",BE Mechanical/Robotics --> Trainee Engineer --> Robotics Engineer --> Senior Engineer --> Project Manager,Engineering
Safety Manager (Ensures workplace safety standards),"safety, manager, workplace, compliance, regulations, risk, training, inspections, environment, health, emergency, procedures, communication, management, policy","Occupational safety, compliance audits, training",Bachelor? Occupational Safety / Engineering,CSP Certification,"Safety management software, inspection tools","Safety Audit, Training Plan","Safety Assistant, Analyst","Safety Manager, Director","Manufacturing, Construction Firms","NSC Resources, Coursera Workplace Safety",BTech Safety/Industrial --> Safety Officer --> Safety Manager --> Senior Safety Director,Occupational Safety
Sailing Instructor (Teaches how to sail boats),"sailing, instructor, boating, navigation, safety, teaching, water, communication, skills, recreation, seamanship, training, equipment, leadership, certification","Sailing instruction, safety, navigation",Instructor Training Certification,Sailing Instructor Certification,"Sailing equipment, safety tools","Training Manual, Lesson Plan","Assistant Instructor, Trainee","Sailing Instructor, Program Director","Marinas, Sailing Schools","US Sailing Resources, YouTube Sailing",Diploma in Sailing/Sports --> Assistant Instructor --> Sailing Instructor --> Senior Instructor,Education
Sales Consultant (Advises customers and sells products),"sales, consultant, business, products, communication, negotiation, customer service, marketing, strategy, client relations, targets, presentations, analysis, closing, outreach","Sales strategy, negotiation, client management",Bachelor? Business / Marketing,No formal certification,"CRM software, sales tools","Sales Presentation, Strategy Plan","Sales Assistant, Trainee","Sales Consultant, Senior Consultant","Corporates, Agencies","Sandler Training, Coursera Sales",BBA/Marketing --> Sales Trainee --> Sales Consultant --> Senior Consultant,Sales
Sales Director (Leads a company? sales team),"sales, director, management, strategy, leadership, targets, team, communication, planning, business development, marketing, customer relations, budgeting, performance, sales","Sales management, leadership, target setting",Bachelor? Business / Marketing,Certified Sales Leadership Professional,"CRM platforms, analytics tools","Sales Team Plan, KPI Dashboard","Sales Supervisor, Manager","Sales Director, VP of Sales","Corporates, Tech Firms","AA-ISP Resources, Coursera Leadership",MBA Sales/Marketing --> Sales Manager --> Sales Director --> VP Sales,Sales
Sales Operations Analyst (Improves sales processes with data),"sales, operations, analyst, data, reporting, analysis, forecasting, CRM, sales, process, efficiency, communication, strategy, management, tools","Sales analysis, forecasting, reporting",Bachelor? Business / Analytics,No formal certification,"Sales analytics tools, CRM platforms","Forecasting Report, Process Audit","Analyst Assistant, Trainee","Sales Operations Analyst, Senior Analyst","Tech Firms, Corporates","HubSpot Academy, Coursera Analytics",MBA/Business --> Sales Analyst --> Sales Operations Analyst --> Manager,Sales Operations
Sanitation Engineer (Manages waste disposal and treatment),"sanitation, engineer, waste, environment, water, treatment, systems, safety, public health, design, management, infrastructure, compliance, technology, pollution","Sanitation planning, waste management, engineering",Bachelor? Environmental Engineering / Civil Engineering,No formal certification,"CAD tools, modeling software","Sanitation System Plan, Impact Assessment","Engineering Assistant, Technician","Sanitation Engineer, Project Lead","Municipalities, Engineering Firms","WHO Resources, Coursera Sanitation",BE Civil/Environmental --> Trainee Engineer --> Sanitation Engineer --> Senior Engineer,Environmental Engineering
Satellite Engineer (Designs and maintains satellites),"satellite, engineer, space, communication, technology, design, systems, testing, operations, aerospace, telemetry, tracking, control, development, data","Satellite design, RF systems, systems integration",Bachelor? Aerospace Engineering / Electrical Engineering,PE License (optional),"CAD tools, simulation software","Satellite Subsystem Design, Signal Analysis","Engineering Assistant, Junior Engineer","Satellite Engineer, Senior Engineer","Space Agencies, Aerospace Companies","IEEE Resources, Coursera Aerospace Engineering",BE Electronics/Telecom --> Junior Engineer --> Satellite Engineer --> Senior Engineer,Aerospace & Satellite
School Administrator (Manages school operations),"school, administrator, management, education, leadership, operations, policy, communication, staff, students, budgeting, planning, curriculum, supervision, compliance","Educational leadership, administration, budgeting",Master? Education Administration / Leadership,State Principal Certification,"School management software, HR tools","School Improvement Plan, Budget Proposal","Assistant Administrator, Dean","School Administrator, Principal",Public and Private Schools,"ASCD Resources, Coursera Educational Leadership",BEd/MA Education --> Teacher --> School Administrator --> Principal,Education Administration
School Librarian (Manages library resources and assists students),"school, librarian, library, resources, books, organization, research, education, cataloging, archives, technology, literacy, assistance, communication, students","Library science, cataloging, information literacy",Master? Library Science,State Librarian Certification,"Library systems, cataloging tools","Library Program Guide, Cataloging Plan","Library Assistant, Cataloger","School Librarian, Media Specialist","Schools, Educational Institutions","ALA Resources, Coursera Library Science",BLIS/MLIS --> Assistant Librarian --> School Librarian --> Head Librarian,Library & Archives
School Psychometrist (Conducts psychological tests in schools),"school, psychometrist, psychology, assessment, testing, students, education, analysis, diagnosis, counseling, data, behavior, communication, learning, mental health","Psychological testing, assessment, reporting",Master? Psychology / Education,Psychometrist Certification,"Assessment tools, scoring software","Assessment Battery, Interpretation Guide","Testing Assistant, Junior Psychometrist","School Psychometrist, Senior Psychometrist","Public Schools, Testing Centers","APA Resources, Coursera Educational Psychology",MA Psychology --> Internship --> School Psychometrist --> Senior Psychometrist,Educational Assessment
Science Teacher (Teaches science subjects in schools),"science, teacher, education, teaching, experiments, biology, chemistry, physics, curriculum, students, communication, research, learning, labs, knowledge","Science instruction, lab management, curriculum planning",Bachelor? Science + Teaching Credential,State Teaching License,"Lab equipment, classroom tools","Science Lesson Plan, Experiment Guide","Student Teacher, Science Teacher","Department Chair, Curriculum Leader",Public and Private Schools,"NGSS Resources, Coursera Teaching Science",BSc Science + BEd --> Science Teacher --> Senior Teacher --> HOD,Education
Scientific Illustrator (Creates detailed scientific drawings),"scientific, illustrator, art, biology, anatomy, medical, education, communication, research, graphics, creativity, visualization, design, documentation, publishing","Scientific drawing, visualization, design",Bachelor? Illustration / Biological Sciences,No formal certification,"Adobe Illustrator, 3D modeling tools","Cell Illustration, Ecosystem Diagram","Illustration Assistant, Junior Illustrator","Scientific Illustrator, Senior Artist","Research Institutes, Publishers","GNSI Resources, YouTube Scientific Illustration",BFA/Design --> Internship --> Scientific Illustrator --> Senior Illustrator,Arts & Design
Screen Printer (Prints designs on clothing or materials),"screen, printer, printing, design, graphics, textiles, production, equipment, art, color, fabrication, processes, creativity, manufacturing, quality","Screen printing, color mixing, production techniques",Vocational Training / Certification,No formal certification,"Screen printing presses, inks","Sample Print Series, Color Guide","Printing Assistant, Operator","Screen Printer, Production Supervisor","Print Shops, Apparel Companies","YouTube Screen Printing, LinkedIn Learning",Diploma in Printing --> Trainee Printer --> Screen Printer --> Supervisor,Printing & Production
Script Supervisor (Tracks details during film production),"script, supervisor, film, production, continuity, scheduling, communication, editing, screenplay, timing, coordination, scenes, reporting, filming, management","Script continuity, production planning, editing",Bachelor? Film / Media,No formal certification,"Script editing tools, scheduling software","Scene Continuity Log, Script Breakdown","Production Assistant, Script Coordinator","Script Supervisor, Production Manager","Film Studios, TV Networks","YouTube Film Production, MasterClass",BA Film/Media --> Internship --> Script Supervisor --> Senior Supervisor,Film & Media
Search Engine Optimization Specialist (Improves website visibility online),"search, engine, optimization, SEO, digital marketing, keywords, ranking, website, analytics, content, traffic, strategy, communication, online, advertising","SEO strategy, keyword research, analytics",Bachelor? Marketing / Communications,Google Analytics Certification,"SEO tools, analytics platforms","SEO Audit Report, Keyword Plan","SEO Assistant, Analyst","SEO Specialist, Marketing Manager","Digital Agencies, Tech Firms","MOZ Academy, Coursera SEO",BA Marketing --> SEO Internship --> SEO Specialist --> Manager,Digital Marketing
Security Consultant (Advises on security systems and risks),"security, consulting, risk, assessment, protection, analysis, compliance, safety, management, communication, threats, policies, investigation, technology, training","Risk assessment, security planning, threat analysis",Bachelor? Security Management / Criminal Justice,Certified Protection Professional,"Incident management tools, risk assessment software","Security Risk Report, Threat Matrix","Security Analyst, Assistant","Consultant, Senior Security Consultant","Consultancies, Corporates","ASIS Resources, Coursera Cybersecurity",BSc IT/Security --> Internship --> Security Consultant --> Senior Consultant,Security Consulting
Security Systems Installer (Installs security equipment),"security, systems, installation, alarms, cameras, access control, maintenance, electronics, safety, monitoring, configuration, troubleshooting, hardware, networking, setup","Installation, troubleshooting, customer service",Vocational Training / Certification,Manufacturer Installer Certifications,"Alarm systems, CCTV tools","System Install Guide, Troubleshooting Manual","Installer Trainee, Technician","Lead Installer, Supervisor","Security Companies, Integrators","YouTube Security Systems, LinkedIn Learning",Diploma Electrical --> Apprentice Installer --> Security Systems Installer --> Senior Technician,Security Systems
Set Decorator (Designs and arranges film or theater sets),"set, decorator, design, props, art, stage, film, theater, aesthetics, creativity, environment, coordination, furniture, styling, production","Set dressing, prop sourcing, visual design",Bachelor? Theatre / Film,No formal certification,"Design tools, sourcing catalogs","Set Decor Plan, Budget Sheet","Production Assistant, Junior Decorator","Set Decorator, Art Director","Film Studios, Production Companies","YouTube Set Design, MasterClass",BA Interior Design --> Assistant Decorator --> Set Decorator --> Senior Designer,Arts & Design
Set Painter (Paints backgrounds and set pieces),"set, painter, painting, props, stage, film, theater, creativity, decoration, surface, preparation, finishing, color, tools, techniques","Painting techniques, scenic design, safety",Bachelor? Fine Arts / Theatre,No formal certification,"Scenic paints, spraying equipment","Paint Samples, Texture Guide","Painting Assistant, Scenic Painter","Set Painter, Head Scenic","Film Studios, Theatres","YouTube Scenic Art, LinkedIn Learning",Diploma Painting --> Assistant Painter --> Set Painter --> Supervisor,Arts & Design
Shipping Clerk (Handles shipment orders and logistics),"shipping, clerk, logistics, inventory, orders, packaging, delivery, warehouse, documentation, scheduling, tracking, communication, operations, supply chain, distribution","Shipping, inventory management, documentation",High School Diploma / Associate? Logistics,No formal certification,"Warehouse management systems, scanners","Inventory Log, Shipping Checklist","Clerk Assistant, Shipping Clerk","Shipping Supervisor, Logistics Coordinator","Logistics Firms, Warehouses","APICS Resources, Coursera Supply Chain",Diploma Logistics --> Shipping Assistant --> Shipping Clerk --> Supervisor,Logistics
Ski Instructor (Teaches skiing skills),"ski, instructor, teaching, sports, skiing, snow, safety, training, coaching, fitness, technique, outdoor, skills, communication, recreation","Ski instruction, safety, equipment management",Ski Instructor Training,Certified Ski Instructor,"Ski equipment, safety tools","Lesson Plan, Safety Guide","Instructor Trainee, Assistant","Ski Instructor, Program Director","Ski Resorts, Recreation Centers","PSIA Resources, YouTube Ski Instruction",Diploma Sports --> Trainee Instructor --> Ski Instructor --> Head Instructor,Recreation & Sports
Skin Care Specialist (Provides skin treatments and advice),"skin, care, specialist, dermatology, beauty, treatment, health, facial, cosmetics, consultation, skincare, hygiene, products, advice, therapy","Skin treatments, product knowledge, client care",Esthetician Training,Esthetician License,"Skincare tools, cosmetic products","Facial Protocol, Product Guide","Assistant Esthetician, Trainee","Skin Care Specialist, Spa Manager","Spas, Salons","NCEA Resources, YouTube Esthetics",Diploma Cosmetology --> Skin Care Assistant --> Skin Care Specialist --> Senior Aesthetician,Personal Care
Social Media Analyst (Studies social media data for trends),"social, media, analysis, digital, marketing, engagement, content, data, trends, audience, metrics, campaigns, communication, platforms, reporting","Social media analysis, reporting, campaign strategy",Bachelor? Marketing / Communications,Hootsuite Certification,"Social analytics tools, content schedulers","Engagement Report, Hashtag Plan","Analyst Assistant, Junior Analyst","Social Media Analyst, Strategist","Agencies, Tech Companies","HubSpot Academy, Coursera Social Media",BA Marketing --> Analyst Internship --> Social Media Analyst --> Senior Analyst,Marketing Analytics
Social Policy Researcher (Studies social programs and laws),"social, policy, research, community, government, welfare, analysis, programs, advocacy, data, social issues, evaluation, statistics, public, legislation","Policy analysis, qualitative research, reporting",Master? Public Policy / Sociology,No formal certification,"Statistical software, research tools","Policy Brief, Data Analysis","Research Assistant, Analyst","Social Policy Researcher, Senior Analyst","Government, Think Tanks","Brookings Resources, Coursera Policy",MA Sociology/Public Policy --> Research Assistant --> Social Policy Researcher --> Senior Researcher,Public Policy Research
Sociologist (Studies society and social behavior),"sociology, research, society, culture, behavior, community, data, analysis, social issues, education, communication, groups, trends, demographics, social science","Sociological research, data interpretation, teaching",Master? Sociology / PhD for academia,No formal certification,"SPSS, qualitative analysis tools","Sociological Study, Survey Analysis","Research Assistant, Junior Researcher","Sociologist, Senior Researcher","Universities, Research Centers","ASA Resources, Coursera Sociology",MA Sociology --> Research Internship --> Sociologist --> Senior Sociologist,Social Science
Software Architect (Designs software system structures),"software, architecture, design, development, systems, scalability, integration, frameworks, planning, coding, technology, analysis, performance, security, documentation","Software design, architecture, leadership",Bachelor? Computer Science,TOGAF Certification,"Architecture modeling tools, dev platforms","System Architecture Diagram, Design Document","Junior Developer, Technical Lead","Software Architect, CTO","Tech Companies, Startups","Pluralsight, Coursera Software Architecture",BE CS/Software --> Developer --> Software Architect --> Senior Architect,Technology
Solar Energy Engineer (Designs solar power systems),"solar, energy, engineering, renewable, power, sustainability, design, systems, installation, technology, environment, efficiency, projects, research, green","Solar system design, energy modeling, installation",Bachelor? Electrical Engineering / Renewable Energy,NABCEP Certification,"Solar design software, CAD tools","Solar Array Design, Energy Assessment","Engineering Assistant, Solar Technician","Solar Energy Engineer, Project Lead","Solar Companies, Consultancies","SEIA Resources, Coursera Renewable Energy",BE Mechanical/Electrical --> Intern --> Solar Energy Engineer --> Senior Engineer,Renewable Energy
Somatic Therapist (Uses body awareness for healing),"somatic, therapy, body, mind, movement, health, wellness, psychology, stress, healing, communication, physical, emotions, support, integration","Body-oriented therapy, trauma healing, counseling",Master? Counseling / Somatic Therapy,Somatic Therapy Certification,"Therapy tools, assessment forms","Treatment Plan, Body Awareness Guide","Therapy Assistant, Intern","Somatic Therapist, Senior Practitioner","Private Practices, Wellness Centers","Somatic Experiencing Resources, YouTube Therapy",MA Psychology --> Training --> Somatic Therapist --> Senior Therapist,Therapy & Counseling
Sound Designer (Creates audio effects for media),"sound, design, audio, engineering, production, effects, mixing, recording, music, theater, film, technology, creativity, acoustics, equipment","Sound editing, design, mixing",Bachelor? Audio Engineering / Film,No formal certification,"DAWs, audio plugins","Sound Design Sample, Effects Library","Assistant, Junior Designer","Sound Designer, Lead Audio Engineer","Film Studios, Game Studios","AES Resources, YouTube Sound Design",Diploma Audio/Media --> Assistant Designer --> Sound Designer --> Senior Designer,Arts & Media
Special Effects Technician (Creates visual effects for films),"special, effects, technician, film, visual, effects, makeup, prosthetics, technology, design, creativity, production, equipment, materials, safety","Special effects creation, practical effects, safety",Bachelor? Film / Design,No formal certification,"Effects materials, rigging tools","Effects Demo Reel, Safety Protocol","Effects Assistant, Technician","Special Effects Technician, Supervisor","Film Studios, Production Companies","YouTube SFX, LinkedIn Learning",BSc Animation --> Assistant --> Special Effects Technician --> Senior Technician,Film & Media
Speech Therapist (Helps people with speech and language issues),"speech, therapy, communication, language, disorders, treatment, rehabilitation, children, adults, healthcare, speech, education, counseling, support, assessment","Speech assessment, therapy planning, patient care",Master? Speech-Language Pathology,SLP License,"Therapy materials, assessment tools","Therapy Session Plan, Evaluation Report","SLP Assistant, Intern","Speech Therapist, Lead Clinician","Schools, Clinics","ASHA Resources, Coursera Speech Pathology",MA Speech Pathology --> Clinical Training --> Speech Therapist --> Senior Therapist,Speech & Language Therapy
Sports Dietitian (Advises athletes on nutrition),"sports, dietitian, nutrition, athletes, health, performance, diet, fitness, food, wellness, counseling, supplements, training, energy, hydration","Sports nutrition, counseling, meal planning",Bachelor? Dietetics / Nutrition,RD License,"Sports nutrition tools, meal planning software","Nutrition Plan, Performance Guide","Dietitian Assistant, Nutritionist","Sports Dietitian, Head of Nutrition","Teams, Clinics","Academy of Nutrition, Coursera Sports Nutrition",MSc Nutrition/Dietetics --> Internship --> Sports Dietitian --> Senior Dietitian,Nutrition & Dietetics
Sports Journalist (Reports on sports news and events),"sports, journalism, reporting, media, events, athletes, commentary, news, communication, broadcasting, interviews, writing, analysis, coverage, storytelling","Sports reporting, interviewing, multimedia production",Bachelor? Journalism / Communications,No formal certification,"Video editing tools, CMS platforms","Game Recap, Player Interview","Reporter Intern, Junior Journalist","Sports Journalist, Senior Reporter","Media Outlets, Sports Networks","Poynter Resources, Coursera Journalism",BA Journalism --> Internship --> Sports Journalist --> Senior Correspondent,Media & Journalism
Staffing Coordinator (Organizes hiring and employee placement),"staffing, coordinator, recruitment, hiring, scheduling, communication, human resources, interviewing, onboarding, placement, management, organization, employee, talent, administration","Staffing processes, HR coordination, scheduling",Bachelor? Human Resources / Business,SHRM Certification,"HRIS systems, scheduling tools","Staffing Plan, Onboarding Guide","HR Assistant, Coordinator","Staffing Coordinator, HR Manager","Agencies, Corporates","SHRM Resources, Coursera HR",BA HR/Management --> HR Assistant --> Staffing Coordinator --> Manager,Human Resources
Stage Manager (Oversees theater production logistics),"stage, management, theater, production, coordination, scheduling, communication, logistics, performance, crew, organization, rehearsal, timing, safety, leadership","Production management, scheduling, team leadership",Bachelor? Theatre / Production,No formal certification,"Stage management tools, scheduling apps","Stage Book, Production Calendar","Assistant Stage Manager, Intern","Stage Manager, Production Director","Theatres, Production Companies","USITT Resources, YouTube Stage Management",BA Theatre --> Assistant --> Stage Manager --> Senior Manager,Performing Arts
Statistician (Sports) (Uses data to analyze sports performance and trends),"sports, statistician, data, analysis, performance, metrics, statistics, players, teams, reporting, research, trends, games, analytics, evaluation","Statistics, sports analytics, data modeling",Master? Statistics / Sports Management,No formal certification,"R, Python, analytics tools","Performance Metrics Report, Model Analysis","Data Analyst, Junior Statistician","Sports Statistician, Senior Analyst","Teams, Sports Networks","StatsBomb Resources, Coursera Sports Analytics",MSc Statistics/Sports Analytics --> Data Analyst --> Statistician (Sports) --> Senior Analyst,Sports Analytics
Stenographer (Transcribes spoken words using shorthand),"stenography, transcription, shorthand, typing, court reporting, documentation, communication, accuracy, recording, legal, meetings, fast typing, notes, technology, speed","Typing speed, shorthand, transcription accuracy",Vocational Training / Certification,Court Reporter Certification,"Transcription software, stenotype machine","Transcription Practice Logs, Speed Tests","Transcription Assistant, Junior Stenographer","Stenographer, Senior Court Reporter","Courts, Legal Firms","NCRA Resources, YouTube Stenography",Diploma Secretarial Practice --> Internship --> Stenographer --> Senior Steno,Administrative Support
Sterile Processing Technician (Cleans and sterilizes medical instruments),"sterile, processing, technician, healthcare, sterilization, instruments, hospital, safety, infection control, cleaning, equipment, procedures, quality, monitoring, compliance","Sterilization techniques, infection control, equipment handling",Vocational Training / Certification,CBSPD Certification,"Sterilization equipment, tracking software","Sterilization Protocol Manual, Log Sheet","Processing Assistant, Technician","Sterile Processing Technician, Supervisor","Hospitals, Surgical Centers","IAHCSMM Resources, Coursera Healthcare",Diploma Medical Technology --> Technician Training --> Sterile Processing Technician --> Supervisor,Healthcare
Stock Clerk (Organizes and stocks products in stores),"stock, clerk, inventory, stocking, retail, warehouse, organization, merchandise, supply, replenishment, logistics, communication, counting, storage, shipping","Inventory management, stocking, organization",High School Diploma,No formal certification,"Inventory scanners, warehouse tools","Stocking Plan, Inventory Count Log","Stock Clerk, Inventory Assistant","Inventory Supervisor, Warehouse Manager","Retail Stores, Distribution Centers",YouTube Inventory Management,BCom/BA --> Store Assistant --> Stock Clerk --> Senior Clerk,Retail
Store Detective (Prevents theft in retail stores),"store, detective, security, theft prevention, surveillance, investigation, retail, loss prevention, observation, communication, reporting, risk, safety, management, compliance","Loss prevention, observation, reporting",High School Diploma / Security Training,No formal certification,"CCTV systems, incident reporting tools","Security Audit, Observation Checklist","Security Assistant, Store Detective","Loss Prevention Manager, Security Lead","Department Stores, Retail Chains","ASIS Resources, LinkedIn Learning",Diploma Security --> Store Security --> Store Detective --> Lead Investigator,Security
Strategic Planner (Develops long-term business strategies),"strategic, planning, business, analysis, goals, management, decision making, research, forecasting, market, development, communication, leadership, projects, strategy","Strategic planning, analysis, project management",Bachelor? Business / Management,PMP Certification (optional),"Strategic planning tools, analytics software","Strategy Proposal, KPI Dashboard","Analyst Assistant, Junior Planner","Strategic Planner, Director","Corporates, Consultancies","Strategyzer Resources, Coursera Strategy",MBA/MA Strategy --> Analyst Internship --> Strategic Planner --> Strategy Director,Business Strategy
Strength and Conditioning Coach (Trains athletes to improve strength and fitness),"strength, conditioning, coaching, fitness, training, athletes, exercise, health, performance, rehabilitation, sports, nutrition, wellness, physical, motivation","Strength training, exercise programming, motivation",Bachelor? Kinesiology / Exercise Science,CSCS Certification,"Fitness equipment, training software","Strength Program, Client Progress Report","Fitness Assistant, Strength Coach","Head Coach, Sports Performance Director","Colleges, Fitness Centers","NSCA Resources, Coursera Exercise Science",Diploma Fitness/Sports --> Assistant Coach --> Strength & Conditioning Coach --> Head Coach,Sports & Fitness
Structural Engineer (Designs and assesses building structures),"structural, engineering, design, construction, analysis, materials, buildings, safety, mechanics, architecture, mechanics, calculations, testing, projects, infrastructure","Structural design, load analysis, construction planning",Bachelor? Civil / Structural Engineering,PE License,"CAD tools, structural modeling software","Bridge Design, Load Calculation Report","Junior Engineer, CAD Technician","Structural Engineer, Project Manager","Engineering Firms, Construction Companies","ASCE Resources, Coursera Engineering",BE Civil/Structural --> Engineer Intern --> Structural Engineer --> Senior Engineer,Engineering
Student Advisor (Guides students on academics and career choices),"student, advising, counseling, education, guidance, support, academic, planning, communication, career, development, mentoring, resources, counseling, assistance","Student advising, counseling, academic planning",Bachelor? Education / Counseling,No formal certification,"Student information systems, advising tools","Advising Plan, Resource Guide","Advising Assistant, Junior Advisor","Student Advisor, Senior Advisor","Universities, Colleges","NACADA Resources, Coursera Student Services",BA Psychology/Education --> Training --> Student Advisor --> Senior Advisor,Education & Student Services
Subsea Engineer (Works on underwater equipment and structures),"subsea, engineering, offshore, oil, gas, underwater, design, construction, pipelines, technology, safety, operations, inspection, maintenance, diving","Subsea systems design, offshore engineering, safety",Bachelor? Marine / Mechanical Engineering,Offshore Certification,"Subsea modeling tools, CAD software","Pipeline Design, Equipment Layout","Junior Engineer, Assistant Designer","Subsea Engineer, Project Lead","Oil & Gas Companies, Engineering Firms","IMarEST Resources, Coursera Marine Engineering",BE Marine/Mechanical --> Internship --> Subsea Engineer --> Senior Engineer,Engineering
Substance Abuse Nurse (Cares for patients dealing with addiction),"substance, abuse, nursing, addiction, treatment, counseling, rehabilitation, healthcare, support, mental health, patient care, therapy, prevention, education, communication","Substance abuse counseling, patient care, crisis management",Associate? / Bachelor? Nursing,"RN License, Addiction Nursing Certification","EHR systems, counseling tools","Treatment Plan, Support Group Guide","Nurse Assistant, Substance Abuse Nurse","Addiction Nurse, Program Director","Rehab Centers, Hospitals","NAADAC Resources, Coursera Nursing",BSc Nursing --> Clinical Training --> Substance Abuse Nurse --> Senior Nurse,Healthcare
Supply Chain Manager (Oversees product flow from supplier to customer),"supply, chain, management, logistics, procurement, inventory, distribution, operations, planning, suppliers, transportation, optimization, efficiency, communication, coordination","Supply chain planning, logistics, analytics",Bachelor? Supply Chain Management / Business,CSCP Certification,"SAP, logistics software","Supply Chain Flowchart, Optimization Report","Logistics Analyst, Junior Planner","Supply Chain Manager, Director","Manufacturing, Retail, Tech Firms","APICS Resources, Coursera Supply Chain",MBA Logistics --> Trainee --> Supply Chain Manager --> Senior Manager,Logistics & Supply Chain
Surgical Nurse (Assists during surgeries and cares for patients),"surgical, nursing, operating room, patient care, surgery, instruments, sterilization, monitoring, healthcare, support, teamwork, clinical, safety, procedures, anesthesia","Surgical assistance, patient care, sterile techniques",Bachelor? Nursing,RN License,"OR equipment, surgical tools","Surgical Checklist, Prep Protocol","OR Assistant, Surgical Nurse","Senior Surgical Nurse, Charge Nurse","Hospitals, Surgical Centers","AORN Resources, Coursera Nursing",BSc Nursing --> Clinical Training --> Surgical Nurse --> Senior Nurse,Healthcare
Surgical Technologist (Prepares operating rooms and surgical tools),"surgical, technologist, operating room, instruments, sterilization, surgery, healthcare, patient care, support, teamwork, clinical, procedures, safety, monitoring, preparation","Surgical preparation, instrument handling, patient positioning",Vocational Surgical Technology Program,CST Certification,"Sterile instruments, OR equipment","Instrument Tray Setup, Case Log","Technician Assistant, Surgical Technologist","Senior Technologist, Lead Tech","Hospitals, Surgical Centers","NBSTSA Resources, Coursera Health",Diploma OT/Health Sciences --> Internship --> Surgical Technologist --> Senior Technologist,Healthcare
Survey Researcher (Collects and analyzes survey data),"survey, research, data, analysis, sampling, questionnaire, statistics, public opinion, methodology, communication, fieldwork, data collection, reporting, demographics, evaluation","Survey design, data collection, statistical analysis",Master? Sociology / Statistics,No formal certification,"SPSS, survey tools","Survey Questionnaire, Data Analysis Report","Research Assistant, Analyst","Survey Researcher, Project Lead","Research Firms, Think Tanks","AAPOR Resources, Coursera Research Methods",MA Sociology/Statistics --> Research Assistant --> Survey Researcher --> Senior Researcher,Research
Sustainability Consultant (Advises on eco-friendly business practices),"sustainability, consulting, environment, strategy, energy, green, corporate responsibility, efficiency, policy, compliance, innovation, management, reporting, projects, planning","Sustainability planning, environmental assessment, reporting",Bachelor? Environmental Science / Sustainability,LEED Certification (optional),"Sustainability reporting tools, analysis software","Carbon Footprint Report, Sustainability Plan","Analyst Assistant, Junior Consultant","Sustainability Consultant, Director","Consultancies, Corporates","GRI Resources, Coursera Sustainability",BE Environmental/Management --> Internship --> Sustainability Consultant --> Senior Consultant,Environmental Consulting
Swim Instructor (Teaches swimming skills),"swim, instruction, teaching, safety, water, swimming, fitness, coaching, skills, training, recreation, communication, lifeguard, technique, health","Swimming instruction, water safety, coaching",Certified Swim Instructor Training,Swim Instructor Certification,"Pool equipment, safety tools","Swim Lesson Plan, Safety Checklist","Assistant Instructor, Swim Coach","Head Coach, Program Director","Swim Schools, Recreation Centers","American Red Cross Resources, YouTube Swim Instruction",Diploma Sports --> Assistant Instructor --> Swim Instructor --> Head Instructor,Recreation & Sports
Systems Administrator (Manages computer networks and servers),"systems, administration, IT, servers, networks, maintenance, security, troubleshooting, software, hardware, configuration, support, communication, backup, management","Systems administration, networking, troubleshooting",Bachelor? Computer Science / IT,CompTIA Network+ or Microsoft Cert,"Windows Server, VMware, monitoring tools","Network Setup Guide, Backup Plan","IT Assistant, Junior SysAdmin","Systems Administrator, Lead Admin","IT Firms, Corporates","CompTIA Resources, Coursera IT",BSc IT/BCA --> IT Support --> Systems Administrator --> Senior Admin,Technology
Talent Coordinator (Organizes recruitment and talent events),"talent, coordination, recruitment, staffing, hiring, scheduling, communication, human resources, onboarding, placement, management, employee relations, organization, interviewing, training","Talent coordination, scheduling, communication",Bachelor? HR / Business,No formal certification,"Applicant tracking systems, scheduling tools","Casting Schedule, Talent Database","HR Assistant, Talent Coordinator","Casting Director, HR Manager","Agencies, Media Companies","SHRM Resources, Coursera HR",BA HR/Psychology --> Internship --> Talent Coordinator --> HR Manager,Entertainment & Media
Tax Preparer (Prepares tax returns for individuals or businesses),"tax, preparation, finance, accounting, filing, compliance, deductions, returns, regulations, auditing, documentation, consulting, IRS, reporting, client service","Tax preparation, compliance, documentation",Associate? Accounting / Taxation,Enrolled Agent Certification,"Tax software, accounting tools","Tax Return Sample, Filing Guide","Tax Assistant, Preparer","Tax Supervisor, Consultant","Accounting Firms, Tax Agencies","IRS Resources, Coursera Tax",BCom/Finance --> Tax Assistant --> Tax Preparer --> Senior Tax Consultant,Finance & Accounting
Technical Recruiter (Finds candidates for technology jobs),"technical, recruiting, hiring, talent, interviewing, screening, onboarding, communication, HR, sourcing, candidates, job market, staffing, evaluation, placement","Technical recruiting, sourcing, interviewing",Bachelor? HR / Business,Technical Recruiting Certification,"LinkedIn Recruiter, ATS tools","Sourcing Plan, Interview Guide","Recruiting Assistant, Technical Recruiter","Senior Recruiter, Recruiting Manager","Tech Firms, Agencies","SHRM Resources, Coursera Recruiting",MBA HR --> Recruitment Assistant --> Technical Recruiter --> Recruitment Manager,Human Resources
Technology Trainer (Teaches people how to use technology),"technology, training, education, software, hardware, skills, workshops, development, learning, communication, facilitation, IT, support, coaching, instruction","Technology instruction, curriculum development, training delivery",Bachelor? Education / IT,Certified Technical Trainer,"Presentation tools, LMS platforms","Training Module, Assessment Guide","Training Assistant, Tech Trainer","Training Manager, Director","Corporates, Training Firms","CompTIA Resources, Coursera EdTech",BA Education/IT --> Trainer Assistant --> Technology Trainer --> Senior Trainer,Education & Training
Telecommunications Engineer (Designs communication systems),"telecommunications, engineering, networks, systems, design, installation, maintenance, communication, data, fiber optics, wireless, technology, troubleshooting, infrastructure, protocols","Telecom systems design, installation, troubleshooting",Bachelor? Telecommunications / Electrical Engineering,"Cisco Certifications (CCNA, CCNP)","Network hardware, telecom tools","Network Layout, Installation Guide","Technician Assistant, Junior Engineer","Telecom Engineer, Project Lead","Telecom Companies, ISPs","Cisco Resources, Coursera Networking",BE Telecom/Electronics --> Intern --> Telecommunications Engineer --> Senior Engineer,Telecommunications
Textile Designer (Creates patterns and designs for fabrics),"textile, design, fabric, pattern, fashion, weaving, dyeing, production, creativity, materials, printing, manufacturing, art, apparel, surface design","Textile design, color theory, pattern creation",Bachelor? Textile / Fashion Design,No formal certification,"Design software, weaving equipment","Fabric Collection, Color Storyboard","Assistant Designer, Textile Designer","Senior Designer, Creative Director","Textile Mills, Fashion Brands","YouTube Textile Design, LinkedIn Learning",Diploma Fashion/Textiles --> Internship --> Textile Designer --> Senior Designer,Arts & Design
Theater Director (Leads plays and stage productions),"theater, directing, production, acting, stage, coordination, rehearsals, performance, communication, creativity, leadership, script, blocking, management, collaboration","Theatrical direction, leadership, creative vision",Bachelor? Theatre Arts,No formal certification,"Rehearsal tools, scheduling apps","Production Concept, Rehearsal Plan","Assistant Director, Stage Manager","Theater Director, Artistic Director","Theaters, Production Companies","YouTube Directing, MasterClass",BA Theatre --> Assistant Director --> Theater Director --> Artistic Director,Performing Arts
Theater Technician (Operates stage equipment and lighting),"theater, technician, lighting, sound, stage, equipment, setup, maintenance, performance, technical, communication, backstage, rigging, production, troubleshooting","Lighting, sound, stagecraft",Bachelor? Theatre Tech,No formal certification,"Lighting consoles, audio tools","Lighting Plot, Sound Cue Sheet","Tech Assistant, Theater Technician","Head Technician, Production Manager","Theaters, Event Companies","USITT Resources, YouTube Technical Theater",Diploma Theatre Tech --> Assistant --> Theater Technician --> Senior Technician,Performing Arts
Therapeutic Recreation Specialist (Uses recreation to improve health),"therapeutic, recreation, therapy, activities, health, rehabilitation, wellness, patient care, social, support, fitness, community, psychology, treatment, motivation","Therapeutic recreation planning, client care, evaluation",Bachelor? Therapeutic Recreation,CTRS Certification,"Therapy equipment, assessment tools","Activity Plan, Progress Report","Therapy Assistant, Recreation Specialist","Program Director, Senior Therapist","Hospitals, Rehab Centers","NCTRC Resources, Coursera Recreation Therapy",BA Psychology --> Internship --> Therapeutic Recreation Specialist --> Senior Specialist,Therapy & Rehabilitation
Ticket Agent (Sells and manages tickets for events or travel),"ticket, sales, customer service, reservations, travel, booking, communication, scheduling, information, support, events, transactions, finance, administration, assistance","Customer service, ticketing software, sales",High School Diploma,No formal certification,"Reservation systems, POS tools","Ticketing Guide, Customer Service Script","Ticket Agent, Sales Assistant","Ticket Supervisor, Customer Service Manager","Airlines, Theaters, Events",YouTube Customer Service Skills,BA Hospitality --> Assistant --> Ticket Agent --> Senior Agent,Travel & Transportation
Title Examiner (Checks property ownership and legal titles),"title, examiner, property, real estate, records, legal, research, documentation, ownership, transactions, compliance, verification, analysis, investigation, reports","Title searching, document review, property law",Associate? Paralegal Studies,Title Examiner Certification (varies),"Title databases, legal tools","Title Report, Chain of Ownership","Junior Examiner, Title Assistant","Title Examiner, Senior Analyst","Title Companies, Law Firms","ALTA Resources, Coursera Real Estate",LLB/Paralegal Diploma --> Training --> Title Examiner --> Senior Examiner,Legal & Real Estate
Toll Collector (Collects tolls from drivers on roads or bridges),"toll, collection, highway, traffic, payment, booths, customer service, operations, revenue, safety, communication, cash handling, transportation, monitoring, enforcement","Cash handling, customer service, toll operations",High School Diploma,No formal certification,"Cash registers, toll systems","Cash Handling Guide, Customer Service Log","Toll Collector, Booth Operator","Lead Collector, Supervisor","Transportation Authorities, Toll Companies",YouTube Toll Operations Training,Diploma Toll Operations --> Trainee --> Toll Collector --> Supervisor,Transportation & Toll Services
Tour Manager (Organizes and manages tours for artists or groups),"tour, management, travel, logistics, planning, coordination, customer service, scheduling, events, communication, group, transportation, itinerary, organization, leadership","Tour planning, logistics, customer service",Bachelor? Tourism / Hospitality,No formal certification,"Tour scheduling software, CRM tools","Tour Itinerary, Logistics Plan","Assistant, Junior Tour Manager","Tour Manager, Director","Travel Agencies, Entertainment Companies","YouTube Tour Management, LinkedIn Learning",BA Hospitality/Events --> Assistant --> Tour Manager --> Senior Manager,Tourism Management
Toxicology Nurse (Cares for patients exposed to poisons),"toxicology, nursing, healthcare, chemicals, patient care, exposure, monitoring, safety, treatment, clinical, communication, testing, emergency, documentation, education","Toxicology nursing, emergency response, patient assessment",Bachelor? Nursing,"RN License, Certified Emergency Nurse","Medical monitoring tools, EHR systems","Triage Protocol, Poison Response Plan","ER Nurse, Toxicology Nurse","Toxicology Specialist, Nurse Manager","Hospitals, Poison Control Centers","ENA Resources, Coursera Emergency Nursing",BSc Nursing --> Clinical Training --> Toxicology Nurse --> Senior Nurse,Healthcare
Traffic Controller (Directs vehicle and pedestrian traffic),"traffic, control, transportation, safety, regulation, signals, monitoring, vehicles, management, communication, enforcement, flow, planning, coordination, operations","Air traffic control, situational awareness, communication",Bachelor? Air Traffic Management,FAA Air Traffic Control Certification,"Radar systems, communication consoles","Flight Routing Simulation, Emergency Procedure","ATC Trainee, Junior Controller","Air Traffic Controller, Tower Chief","Airports, FAA, Aviation Agencies","FAA Training Resources, YouTube ATC",Diploma Transport Mgmt --> Training --> Traffic Controller --> Senior Controller,Transportation & Logistics
Traffic Planner (Plans roadways and traffic flow),"traffic, planning, transportation, infrastructure, urban, safety, management, data, analysis, design, policy, development, flow, regulation, modeling","Traffic flow analysis, urban planning, modeling",Bachelor? Urban Planning / Civil Engineering,Professional Engineer License (optional),"Traffic modeling tools, GIS software","Traffic Impact Study, Flow Analysis Report","Traffic Analyst, Planner Assistant","Traffic Planner, Transportation Director","Planning Firms, Government","ITE Resources, Coursera Urban Planning",BE Civil/Transport --> Internship --> Traffic Planner --> Senior Planner,Urban & Transportation Planning
Training Manager (Oversees employee training programs),"training, management, development, workshops, coaching, skills, leadership, education, communication, evaluation, planning, performance, programs, facilitation, HR","Training development, instructional design, facilitation",Bachelor? HR / Education,Certified Professional in Learning and Performance,"LMS platforms, presentation tools","Training Module, Assessment Plan","Training Specialist, Coordinator","Training Manager, Director","Corporates, Consultancies","ATD Resources, Coursera Instructional Design",MBA HR --> Training --> Training Manager --> L&D Director,Training & Development
Transit Police Officer (Ensures safety on public transportation),"transit, police, law enforcement, safety, transportation, security, surveillance, emergency, communication, patrol, crowd control, investigation, public, enforcement, coordination","Law enforcement, transit safety, investigation",Police Academy Training,State Police Officer Certification,"Surveillance tools, patrol equipment","Transit Patrol Plan, Incident Report","Trainee Officer, Transit Officer","Transit Police Supervisor, Captain","Public Transit Authorities, Police Departments","FLETC Resources, YouTube Policing",BA Criminology --> Police Academy --> Transit Police Officer --> Senior Officer,Law Enforcement
Transportation Planner (Plans transportation systems and routes),"transportation, planning, infrastructure, urban, traffic, design, policy, management, analysis, data, mobility, public transit, roads, environment, logistics","Transportation planning, analysis, logistics",Bachelor? Urban Planning / Civil Engineering,Transportation Planner Certification,"GIS tools, modeling software","Transit Plan, Route Optimization Study","Planning Assistant, Analyst","Transportation Planner, Senior Planner","Government Agencies, Consultancies","APA Resources, Coursera Transport",BE Civil/Urban Planning --> Trainee --> Transportation Planner --> Senior Planner,Urban & Transportation Planning
Travel Coordinator (Organizes travel arrangements),"travel, coordination, booking, itinerary, logistics, customer service, scheduling, communication, arrangements, events, organization, support, transportation, documentation, management","Travel planning, booking, customer service",Bachelor? Hospitality / Tourism,Certified Travel Associate,"Booking platforms, CRM tools","Travel Itinerary, Budget Proposal","Travel Assistant, Coordinator","Travel Manager, Director","Corporates, Agencies, Event Firms","ASTA Resources, YouTube Travel Planning",BA Hospitality --> Assistant --> Travel Coordinator --> Senior Coordinator,Travel & Tourism
Travel Writer (Writes about travel experiences and destinations),"travel, writing, journalism, tourism, storytelling, culture, destinations, reporting, media, communication, blogs, articles, photography, research, experiences","Travel writing, storytelling, photography",Bachelor? Journalism / Communications,No formal certification,"Content management systems, cameras","Travel Blog, Destination Guide","Freelance Contributor, Travel Writer","Editor, Senior Writer","Magazines, Travel Websites","Poynter Resources, Coursera Writing",BA Journalism --> Intern --> Travel Writer --> Senior Writer,Writing & Media
Treasury Analyst (Manages a company? finances and cash flow),"treasury, analysis, finance, investments, cash flow, management, risk, budgeting, forecasting, banking, accounting, strategy, reporting, compliance, assets","Treasury analysis, cash management, forecasting",Bachelor? Finance / Accounting,CFA or CTP Certification,"Financial modeling tools, ERP systems","Cash Flow Forecast, Treasury Report","Treasury Analyst, Assistant","Treasury Manager, Director","Corporates, Financial Institutions","AFP Resources, Coursera Finance",MBA Finance --> Analyst Training --> Treasury Analyst --> Senior Analyst,Finance & Treasury
Tree Climber (Climbs trees for maintenance or research),"tree, climbing, arboriculture, maintenance, safety, trimming, care, equipment, outdoors, environment, forestry, health, pruning, tools, vegetation","Tree climbing, arboriculture, safety",Vocational Training / Certification,ISA Certified Arborist,"Climbing gear, pruning tools","Climbing Safety Guide, Tree Assessment","Climber Assistant, Junior Arborist","Lead Climber, Arborist Supervisor","Tree Care Companies, Municipalities","ISA Resources, YouTube Arboriculture",Diploma Arboriculture --> Training --> Tree Climber --> Senior Arborist,Forestry & Arboriculture
Triage Nurse (Assesses patient urgency in emergencies),"triage, nursing, emergency, patient care, assessment, prioritization, treatment, healthcare, communication, critical, support, fast-paced, decision-making, monitoring, clinical","Patient assessment, triage protocols, emergency care",Bachelor? Nursing,"RN License, Triage Nurse Certification","Medical monitoring equipment, EHR","Triage Algorithm, Rapid Assessment Guide","ER Nurse, Triage Nurse","Triage Supervisor, Nurse Manager","Hospitals, Urgent Care Centers","ENA Resources, Coursera Triage",BSc Nursing --> Clinical Training --> Triage Nurse --> Senior Nurse,Healthcare
Truck Mechanic (Repairs and maintains trucks),"truck, mechanic, repair, maintenance, vehicles, diagnostics, engines, parts, troubleshooting, heavy equipment, transportation, safety, tools, service, inspection","Truck repair, diagnostics, maintenance",Vocational Training / Certification,ASE Certification,"Diagnostic tools, repair equipment","Maintenance Checklist, Repair Log","Mechanic Trainee, Truck Mechanic","Senior Mechanic, Shop Supervisor","Trucking Companies, Repair Shops","ASE Resources, YouTube Diesel Mechanics",Diploma Mechanical --> Apprentice --> Truck Mechanic --> Senior Mechanic,Automotive Repair
Trust Officer (Manages trust funds and estates),"trust, officer, banking, finance, estate, management, legal, compliance, client service, administration, investments, fiduciary, documentation, advisory, accounts","Trust administration, compliance, client relations",Bachelor? Finance / Business,Certified Trust and Fiduciary Advisor,"Trust software, financial platforms","Trust Setup Guide, Compliance Checklist","Trust Assistant, Officer","Trust Manager, Senior Officer","Banks, Wealth Management Firms","ABA Resources, Coursera Finance",BCom/Finance/Law --> Training --> Trust Officer --> Senior Officer,Finance & Trust Services
Ultrasound Technician (Performs ultrasound imaging tests),"ultrasound, technician, imaging, healthcare, diagnostics, patient care, equipment, sonography, clinical, communication, medical, monitoring, procedures, technology, scanning","Ultrasound imaging, patient care, diagnostics",Associate? Diagnostic Medical Sonography,ARDMS Certification,"Ultrasound machines, PACS","Scan Protocol, Image Interpretation Guide","Sonography Assistant, Technician","Ultrasound Technician, Lead Sonographer","Hospitals, Clinics","SDMS Resources, Coursera Medical Imaging",BSc Medical Imaging --> Clinical Training --> Ultrasound Technician --> Senior Sonographer,Healthcare Technology
Underwriter (Evaluates risks for insurance or loans),"underwriting, insurance, risk, assessment, finance, policies, evaluation, compliance, claims, analysis, documentation, decision-making, customer service, management, approval","Risk assessment, policy analysis, underwriting",Bachelor? Finance / Business,Chartered Property Casualty Underwriter,"Underwriting software, analytics tools","Risk Assessment Template, Policy Review","Underwriting Assistant, Junior Underwriter","Underwriter, Senior Underwriter","Insurance Companies, Banks","III Resources, Coursera Insurance",BCom/Finance --> Underwriting Assistant --> Underwriter --> Senior Underwriter,Insurance
Urban Designer (Plans and designs urban spaces),"urban, design, planning, architecture, development, public spaces, environment, community, landscape, infrastructure, sustainability, policy, analysis, management, aesthetics","Urban design, planning, visualization",Bachelor? Urban Design / Architecture,LEED Certification (optional),"CAD tools, GIS platforms","Neighborhood Design, Concept Plan","Junior Designer, Assistant Planner","Urban Designer, Senior Planner","Planning Firms, Municipalities","APA Resources, Coursera Urban Design",BE Architecture/Urban Design --> Intern --> Urban Designer --> Senior Designer,Urban Design & Planning
User Experience Researcher (Studies how people use products),"user, experience, research, UX, design, testing, usability, behavior, analysis, data, feedback, interfaces, digital, products, customer, interaction","User research, UX analysis, usability testing",Bachelor? HCI / Psychology,UX Certification (NN/g),"User testing tools, analytics platforms","Research Plan, Usability Report","UX Research Assistant, Analyst","UX Researcher, Lead Researcher","Tech Companies, Agencies","NN/g Resources, Coursera UX Research",BA HCI/Psychology --> Research Assistant --> UX Researcher --> Senior Researcher,User Experience Research
Utility Worker (Performs general maintenance and repairs),"utility, worker, maintenance, repair, infrastructure, equipment, safety, operations, environment, tools, communication, energy, water, public services, installation","Maintenance, repair, utility services",High School Diploma / Training,OSHA Safety Certification,"Utility tools, inspection equipment","Maintenance Checklist, Safety Plan","Utility Worker, Technician","Lead Technician, Supervisor","Public Utilities, Contractors","OSHA Resources, YouTube Utilities",Diploma Utility Operations --> Trainee --> Utility Worker --> Senior Technician,Utilities & Infrastructure
UX Researcher (Researches user needs for product design),"UX, researcher, usability, user, testing, data, feedback, analysis, behavior, interfaces, digital, design, experience, product, communication","User research, prototyping, data analysis",Bachelor? HCI / Psychology,UX Certification (NN/g),"Analytics tools, wireframing software","User Interview Guide, Research Report","UX Research Assistant, Analyst","UX Researcher, Senior Researcher","Tech Companies, Startups","NN/g Resources, Coursera UX Research",BA HCI/Design --> Internship --> UX Researcher --> Senior UX Strategist,User Experience Research
Vaccine Researcher (Studies vaccines and immunization),"vaccine, research, immunology, healthcare, disease, development, trials, clinical, science, biology, public health, prevention, pharmaceuticals, antibodies, epidemiology","Vaccine development, clinical research, data analysis",PhD Immunology / Microbiology,No formal certification,"Lab equipment, statistical tools","Clinical Trial Plan, Data Analysis","Research Assistant, Lab Scientist","Vaccine Researcher, Project Lead","Pharma Companies, Research Institutes","NIH Resources, Coursera Biotech",BSc Biotech/Microbiology --> Research Intern --> Vaccine Researcher --> Senior Scientist,Medical Research
Valet (Parks and retrieves vehicles for guests),"valet, parking, customer service, vehicles, transportation, assistance, safety, hospitality, management, coordination, communication, logistics, parking, security, organization","Customer service, valet parking, driving skills",High School Diploma,Driver? License,"POS systems, key management tools","Parking Log, Customer Service Plan","Valet Attendant, Parking Assistant","Valet Supervisor, Site Manager","Hotels, Event Venues",YouTube Valet Training,Diploma Hospitality --> Trainee --> Valet --> Lead Valet,Hospitality
Veterinary Assistant (Supports veterinarians with animal care),"veterinary, assistant, animal care, support, clinical, treatment, health, diagnostics, communication, husbandry, medicine, surgery, welfare, nursing, pets","Animal care, veterinary assistance, client support",Associate? Veterinary Technology,CVT Certification,"Veterinary tools, medical software","Patient Care Plan, Supply Checklist","Vet Assistant, Technician Assistant","Veterinary Technician, Senior Assistant","Vet Clinics, Animal Hospitals","NAAVT Resources, YouTube Vet Assisting",Diploma Veterinary/Animal Care --> Assistant --> Veterinary Assistant --> Senior Technician,Animal Care
Video Game Designer (Creates concepts and stories for games),"video, game, design, development, creativity, programming, graphics, storyboarding, user experience, testing, interaction, software, animation, gameplay, mechanics","Game design, programming, 3D modeling",Bachelor? Game Design / Computer Science,Unity Certification (optional),"Game engines, design tools","Game Prototype, Level Design","Junior Designer, Game Tester","Game Designer, Lead Designer","Game Studios, Indie Developers","GDC Resources, Coursera Game Design",BSc Game Design --> Intern --> Video Game Designer --> Lead Designer,Game Design
Video Producer (Manages video production projects),"video, production, filming, editing, camera, lighting, sound, storytelling, media, direction, communication, post-production, creativity, broadcasting, scripting","Video production, editing, storytelling",Bachelor? Film / Media Production,No formal certification,"Editing software, cameras","Video Project, Editing Reel","Production Assistant, Video Editor","Video Producer, Senior Producer","Media Companies, Agencies","YouTube Video Production, LinkedIn Learning",BA Film/Media --> Assistant Producer --> Video Producer --> Senior Producer,Film & Media
Violin Maker (Builds and repairs violins),"violin, maker, instruments, craftsmanship, woodwork, music, repair, strings, sound, acoustics, design, luthiery, tuning, manufacturing, tools","Instrument making, woodworking, acoustics",Apprenticeship / Vocational Training,Violin Maker Certification,"Woodworking tools, measuring devices","Instrument Plan, Wood Selection Guide","Workshop Assistant, Junior Maker","Violin Maker, Master Luthier","Luthier Shops, Orchestras","Violin Society Resources, YouTube Luthiery",Diploma Instrument Craft --> Apprentice --> Violin Maker --> Master Luthier,Skilled Trades
Virtual Assistant (Provides remote administrative support),"virtual, assistant, administration, scheduling, communication, email, customer service, organization, data entry, management, support, remote, tasks, coordination, technology","Scheduling, administration, online communication",High School Diploma / Certificate,No formal certification,"Productivity tools, CRM platforms","Scheduling Guide, Client Handbook","Assistant, Admin Support","Executive Assistant, Virtual Operations Manager","Freelance, Agencies","YouTube VA Training, LinkedIn Learning",Diploma Office Management --> Trainee --> Virtual Assistant --> Senior VA,Administrative Support
Vocational Counselor (Helps people choose and prepare for careers),"vocational, counseling, career, guidance, skills, training, assessment, education, job placement, communication, support, development, motivation, planning, coaching","Career counseling, client assessment, planning",Master? Counseling / Psychology,National Certified Counselor,"Career assessment tools, case software","Career Plan, Skills Inventory","Vocational Assistant, Counselor","Vocational Counselor, Program Director","Rehab Centers, Schools","NBCC Resources, Coursera Counseling",BA Psychology --> Training --> Vocational Counselor --> Senior Counselor,Counseling & Career Services
Voice Coach (Trains people to improve speaking or singing),"voice, coaching, speech, communication, training, singing, articulation, public speaking, performance, therapy, vocal health, breathing, presentation, expression, instruction","Voice training, performance coaching, speech techniques",Bachelor? Music / Theatre,No formal certification,"Voice recording tools, training materials","Voice Warm-up Guide, Coaching Plan","Assistant Coach, Vocal Instructor","Voice Coach, Senior Instructor","Theatres, Music Schools","YouTube Voice Coaching, MasterClass",BA Performing Arts --> Coaching Assistant --> Voice Coach --> Senior Coach,Performing Arts
Volunteer Manager (Organizes volunteers for organizations),"volunteer, management, coordination, recruitment, community, events, communication, support, training, leadership, organization, fundraising, engagement, teamwork, resources","Volunteer recruitment, training, management",Bachelor? Nonprofit Management,Certified Volunteer Administrator,"Volunteer management software, tracking tools","Volunteer Handbook, Training Plan","Volunteer Assistant, Coordinator","Volunteer Manager, Program Director","Nonprofits, Charities","AL!VE Resources, Coursera Nonprofit",BA Social Work --> Program Assistant --> Volunteer Manager --> Program Director,Nonprofit & Volunteer Management
Wardrobe Stylist (Chooses clothing and looks for actors or clients),"fashion, styling, clothing, trends, wardrobe, design, personal, appearance, image, accessories, shopping, outfits, coordination, fashion industry, consultation","Fashion styling, trend analysis, client advising",Bachelor? Fashion / Design,No formal certification,"Styling tools, mood boards","Styling Lookbook, Wardrobe Plan","Styling Assistant, Junior Stylist","Wardrobe Stylist, Senior Consultant","Fashion Houses, Agencies","YouTube Styling, LinkedIn Learning",Diploma Fashion/Styling --> Assistant --> Wardrobe Stylist --> Senior Stylist,Fashion & Styling
Wastewater Engineer (Designs systems to treat and clean wastewater),"wastewater, engineering, treatment, environment, water, pollution, systems, sewage, quality, sustainability, infrastructure, management, chemicals, pumps, filtration","Water treatment design, environmental compliance, hydraulics",Bachelor? Environmental / Civil Engineering,PE License,"Water modeling software, CAD tools","Treatment Plant Layout, Compliance Report","Junior Engineer, Assistant Designer","Wastewater Engineer, Project Manager","Engineering Firms, Municipalities","ASCE Resources, Coursera Environmental Engineering",BE Environmental/Civil --> Intern --> Wastewater Engineer --> Senior Engineer,Environmental Engineering
Watchmaker (Builds and repairs watches),"watchmaking, repair, timepieces, precision, mechanics, tools, assembly, craftsmanship, clocks, maintenance, instruments, design, small parts, calibration, jewelry","Watch repair, precision mechanics, timekeeping systems",Vocational Training / Apprenticeship,Certified Watchmaker (CW21),"Microscopic tools, calibration devices","Watch Repair Log, Movement Assembly","Repair Technician, Junior Watchmaker","Master Watchmaker, Shop Owner","Luxury Watch Brands, Jewelers","AWCI Resources, YouTube Watchmaking",Diploma Watch Technology --> Apprentice --> Watchmaker --> Master Watchmaker,Skilled Trades
Water Resources Engineer (Manages water supply and conservation),"water, resources, engineering, hydrology, environment, management, conservation, supply, infrastructure, quality, distribution, treatment, sustainability, flood control, systems","Hydrology, water management, resource planning",Bachelor? Civil / Environmental Engineering,PE License,"Hydrology modeling tools, GIS software","Water Management Plan, Flow Analysis","Junior Engineer, Analyst","Water Resources Engineer, Project Lead","Government Agencies, Consultancies","ASCE Resources, Coursera Hydrology",BE Civil/Water Resources --> Trainee --> Water Resources Engineer --> Senior Engineer,Environmental Engineering
Web Content Manager (Creates and manages website content),"web, content, management, digital, websites, editing, writing, SEO, publishing, communication, marketing, social media, design, strategy, updates","Content strategy, SEO, CMS management",Bachelor? Communications / Marketing,HubSpot Content Marketing Certification,"Content management systems, analytics tools","Content Calendar, SEO Audit","Web Content Assistant, Coordinator","Web Content Manager, Director","Corporates, Agencies","HubSpot Academy, Coursera Content Strategy",BA/BSc IT/Communications --> Content Intern --> Web Content Manager --> Content Director,Digital Content Management
Wedding Planner (Organizes and coordinates weddings),"wedding, planning, events, coordination, organization, ceremonies, budgeting, venues, catering, decoration, scheduling, client service, communication, themes, vendors","Event planning, vendor coordination, budgeting",Bachelor? Hospitality / Event Management,Certified Wedding Planner,"Venue management tools, budgeting software","Event Timeline, Vendor List","Event Assistant, Junior Planner","Wedding Planner, Senior Planner","Event Companies, Freelance","YouTube Wedding Planning, LinkedIn Learning",Diploma Event Mgmt --> Assistant --> Wedding Planner --> Senior Planner,Event Planning
Wellness Coach (Helps people improve health and lifestyle),"wellness, coaching, health, fitness, nutrition, lifestyle, motivation, mental, physical, habits, counseling, personal development, exercise, stress management, support","Wellness coaching, behavior change, motivation",Bachelor? Health / Psychology,Certified Wellness Coach,"Coaching platforms, goal tracking tools","Wellness Program, Habit Tracker","Assistant Coach, Wellness Coordinator","Wellness Coach, Program Director","Corporates, Fitness Centers","NBHWC Resources, Coursera Wellness",Diploma Nutrition/Yoga --> Health Coaching Training --> Wellness Coach --> Senior Coach,Health & Wellness
Wildlife Conservationist (Protects wild animals and their habitats),"wildlife, conservation, biology, ecology, environment, protection, research, species, habitats, management, fieldwork, preservation, animals, ecosystems, monitoring","Wildlife management, conservation planning, research",Bachelor? Wildlife Biology / Environmental Science,Certified Wildlife Biologist,"GIS tools, field equipment","Species Report, Habitat Survey","Research Assistant, Conservation Technician","Wildlife Conservationist, Program Manager","NGOs, Government Agencies","The Wildlife Society, Coursera Conservation",BSc Environmental/Biology --> Field Assistant --> Wildlife Conservationist --> Program Manager,Conservation & Wildlife
Wind Energy Engineer (Designs wind turbines and energy systems),"wind, energy, engineering, renewable, power, turbines, sustainability, environment, design, technology, electricity, infrastructure, maintenance, green, projects","Wind energy systems, turbine design, project management",Bachelor? Mechanical / Electrical Engineering,Wind Energy Certification,"CAD tools, SCADA systems","Turbine Layout, Site Assessment","Junior Engineer, Analyst","Wind Energy Engineer, Project Lead","Renewable Energy Firms, Utilities","IRENA Resources, Coursera Renewable Energy",BE Mechanical/Electrical --> Internship --> Wind Energy Engineer --> Senior Engineer,Renewable Energy
Wine Maker (Produces and manages wine production),"wine, making, viticulture, fermentation, tasting, production, grapes, barrels, bottling, quality, vineyard, aging, chemistry, beverage, sommelier","Winemaking, fermentation, quality control",Bachelor? Viticulture / Enology,Certified Specialist of Wine,"Winemaking equipment, lab tools","Small Batch Production, Quality Report","Cellar Assistant, Winemaker Assistant","Winemaker, Vineyard Manager","Wineries, Vineyards","UC Davis Resources, YouTube Winemaking",Diploma Winemaking/Food Tech --> Trainee --> Wine Maker --> Chief Winemaker,Food & Beverage Production
Woodworker (Crafts objects from wood),"woodworking, carpentry, crafting, tools, furniture, design, wood, construction, finishing, joinery, building, manual skills, creativity, hand tools, shaping","Woodworking, furniture design, finishing",Vocational Training / Apprenticeship,No formal certification,"Woodworking tools, CAD software","Furniture Sketch, Small Project Build","Woodworker Assistant, Junior Maker","Master Woodworker, Shop Owner","Custom Shops, Furniture Companies","YouTube Woodworking, LinkedIn Learning",Diploma Carpentry/Crafts --> Apprentice --> Woodworker --> Master Craftsman,Skilled Trades
Yoga Instructor (Teaches yoga exercises and meditation),"yoga, instruction, fitness, health, meditation, breathing, posture, flexibility, wellness, mindfulness, exercise, stress relief, balance, strength, personal training","Yoga instruction, anatomy, mindfulness",Bachelor? Health / Fitness,Yoga Teacher Certification (RYT 200),"Yoga props, class planning tools","Class Sequence, Teaching Plan","Yoga Instructor, Assistant","Studio Manager, Senior Instructor","Studios, Retreat Centers","Yoga Alliance, YouTube Yoga Training",Diploma Yoga --> Training --> Yoga Instructor --> Senior Instructor,Health & Fitness
Youth Program Director (Leads programs for young people),"youth, programs, leadership, development, education, mentoring, activities, communication, community, counseling, support, engagement, empowerment, social skills, recreation","Youth program development, counseling, leadership",Bachelor? Education / Social Work,No formal certification,"Program management tools, assessment software","Program Proposal, Activity Plan","Program Assistant, Coordinator","Youth Program Director, Senior Manager","Nonprofits, Community Centers","NAEYC Resources, Coursera Youth Development",BA Social Work/Psychology --> Program Assistant --> Youth Program Director --> Program Head,Youth Services
Zookeeper (Cares for and manages zoo animals),"zoo, management, animal care, habitats, education, wildlife, conservation, veterinary, research, safety, species, enrichment, feeding, breeding, public interaction","Animal care, enrichment, habitat maintenance",Bachelor? Zoology / Biology,No formal certification,"Animal care tools, tracking software","Enrichment Plan, Care Log","Zookeeper Assistant, Keeper","Zookeeper, Lead Keeper","Zoos, Wildlife Parks","AZA Resources, YouTube Zookeeping",Diploma Animal Care/Zoology --> Intern --> Zookeeper --> Senior Keeper,Animal Care
Zoo Veterinarian (Provides medical care to zoo animals),"veterinary, medicine, animal health, diagnosis, treatment, surgery, care, pet, livestock, clinical, veterinary technician, pharmaceuticals, nutrition, disease prevention, rehabilitation","Veterinary medicine, animal surgery, diagnostics",Doctor of Veterinary Medicine (DVM),State Veterinary License,"Veterinary tools, lab equipment","Case Study, Surgical Protocol","Vet Assistant, Resident","Zoo Veterinarian, Lead Vet","Zoos, Wildlife Centers","AZA Resources, Coursera Veterinary",BVSc & AH --> Internship --> Zoo Veterinarian --> Senior Veterinarian,Veterinary Medicine
